year,month,indicator,scope,category,type,value
2016,2,生产,三轮,125ml<排量≤150ml,排量,65386.0
2016,2,生产,三轮,150ml<排量≤250ml,排量,41648.0
2016,2,生产,三轮,250ml<排量≤400ml,排量,165.0
2016,2,生产,三轮,400ml<排量≤750ml,排量,616.0
2016,2,生产,三轮,50ml<排量≤100ml,排量,6002.0
2016,2,生产,三轮,排量>750ml,排量,329.0
2016,2,生产,三轮,排量≤50ml,排量,0.0
2016,2,生产,三轮,电动摩托车,排量,0.0
2016,2,生产,三轮,三轮,汇总,114146.0
2016,2,生产,三轮,正三轮,车型,114126.0
2016,2,生产,三轮,边三轮,车型,20.0
2016,2,生产,二轮,100ml<排量≤110ml,排量,166907.0
2016,2,生产,二轮,110ml<排量≤125ml,排量,343831.0
2016,2,生产,二轮,125ml<排量≤150ml,排量,184252.0
2016,2,生产,二轮,150ml<排量≤250ml,排量,42178.0
2016,2,生产,二轮,250ml<排量≤400ml,排量,667.0
2016,2,生产,二轮,400ml<排量≤750ml,排量,120.0
2016,2,生产,二轮,50ml<排量≤60ml,排量,0.0
2016,2,生产,二轮,60ml<排量≤70ml,排量,7683.0
2016,2,生产,二轮,70ml<排量≤80ml,排量,1278.0
2016,2,生产,二轮,80ml<排量≤90ml,排量,4487.0
2016,2,生产,二轮,90ml<排量≤100ml,排量,51296.0
2016,2,生产,二轮,排量>750ml,排量,0.0
2016,2,生产,二轮,排量≤50ml,排量,47125.0
2016,2,生产,二轮,电动摩托车,排量,2472.0
2016,2,生产,二轮,二轮,汇总,852296.0
2016,2,生产,二轮,其它式,车型,0.0
2016,2,生产,二轮,弯梁式,车型,168385.0
2016,2,生产,二轮,踏板式,车型,171019.0
2016,2,生产,二轮,骑式式,车型,512892.0
2016,2,生产,总计,总计,汇总,966442.0
2016,2,销售,三轮,125ml<排量≤150ml,排量,63148.0
2016,2,销售,三轮,150ml<排量≤250ml,排量,40295.0
2016,2,销售,三轮,250ml<排量≤400ml,排量,147.0
2016,2,销售,三轮,400ml<排量≤750ml,排量,626.0
2016,2,销售,三轮,50ml<排量≤100ml,排量,5966.0
2016,2,销售,三轮,排量>750ml,排量,357.0
2016,2,销售,三轮,排量≤50ml,排量,0.0
2016,2,销售,三轮,电动摩托车,排量,0.0
2016,2,销售,三轮,三轮,汇总,110539.0
2016,2,销售,三轮,正三轮,车型,110506.0
2016,2,销售,三轮,边三轮,车型,33.0
2016,2,销售,二轮,100ml<排量≤110ml,排量,175957.0
2016,2,销售,二轮,110ml<排量≤125ml,排量,367594.0
2016,2,销售,二轮,125ml<排量≤150ml,排量,195040.0
2016,2,销售,二轮,150ml<排量≤250ml,排量,41835.0
2016,2,销售,二轮,250ml<排量≤400ml,排量,761.0
2016,2,销售,二轮,400ml<排量≤750ml,排量,180.0
2016,2,销售,二轮,50ml<排量≤60ml,排量,0.0
2016,2,销售,二轮,60ml<排量≤70ml,排量,7657.0
2016,2,销售,二轮,70ml<排量≤80ml,排量,1280.0
2016,2,销售,二轮,80ml<排量≤90ml,排量,4290.0
2016,2,销售,二轮,90ml<排量≤100ml,排量,50992.0
2016,2,销售,二轮,排量>750ml,排量,0.0
2016,2,销售,二轮,排量≤50ml,排量,49005.0
2016,2,销售,二轮,电动摩托车,排量,2464.0
2016,2,销售,二轮,二轮,汇总,897055.0
2016,2,销售,二轮,其它式,车型,0.0
2016,2,销售,二轮,弯梁式,车型,179406.0
2016,2,销售,二轮,踏板式,车型,180589.0
2016,2,销售,二轮,骑式式,车型,537060.0
2016,2,销售,总计,总计,汇总,1007594.0
2016,3,生产,三轮,125ml<排量≤150ml,排量,78161.0
2016,3,生产,三轮,150ml<排量≤250ml,排量,90790.0
2016,3,生产,三轮,250ml<排量≤400ml,排量,1201.0
2016,3,生产,三轮,400ml<排量≤750ml,排量,1394.0
2016,3,生产,三轮,50ml<排量≤100ml,排量,6403.0
2016,3,生产,三轮,排量>750ml,排量,652.0
2016,3,生产,三轮,排量≤50ml,排量,0.0
2016,3,生产,三轮,电动摩托车,排量,0.0
2016,3,生产,三轮,三轮,汇总,178601.0
2016,3,生产,三轮,正三轮,车型,178547.0
2016,3,生产,三轮,边三轮,车型,54.0
2016,3,生产,二轮,100ml<排量≤110ml,排量,249549.0
2016,3,生产,二轮,110ml<排量≤125ml,排量,524021.0
2016,3,生产,二轮,125ml<排量≤150ml,排量,298325.0
2016,3,生产,二轮,150ml<排量≤250ml,排量,64849.0
2016,3,生产,二轮,250ml<排量≤400ml,排量,2083.0
2016,3,生产,二轮,400ml<排量≤750ml,排量,242.0
2016,3,生产,二轮,50ml<排量≤60ml,排量,0.0
2016,3,生产,二轮,60ml<排量≤70ml,排量,7003.0
2016,3,生产,二轮,70ml<排量≤80ml,排量,891.0
2016,3,生产,二轮,80ml<排量≤90ml,排量,3148.0
2016,3,生产,二轮,90ml<排量≤100ml,排量,80264.0
2016,3,生产,二轮,排量>750ml,排量,0.0
2016,3,生产,二轮,排量≤50ml,排量,67963.0
2016,3,生产,二轮,电动摩托车,排量,8282.0
2016,3,生产,二轮,二轮,汇总,1306620.0
2016,3,生产,二轮,其它式,车型,0.0
2016,3,生产,二轮,弯梁式,车型,240138.0
2016,3,生产,二轮,踏板式,车型,285283.0
2016,3,生产,二轮,骑式式,车型,781199.0
2016,3,生产,总计,总计,汇总,1485221.0
2016,3,销售,三轮,125ml<排量≤150ml,排量,79009.0
2016,3,销售,三轮,150ml<排量≤250ml,排量,90396.0
2016,3,销售,三轮,250ml<排量≤400ml,排量,1201.0
2016,3,销售,三轮,400ml<排量≤750ml,排量,1352.0
2016,3,销售,三轮,50ml<排量≤100ml,排量,6321.0
2016,3,销售,三轮,排量>750ml,排量,892.0
2016,3,销售,三轮,排量≤50ml,排量,0.0
2016,3,销售,三轮,电动摩托车,排量,0.0
2016,3,销售,三轮,三轮,汇总,179171.0
2016,3,销售,三轮,正三轮,车型,179100.0
2016,3,销售,三轮,边三轮,车型,71.0
2016,3,销售,二轮,100ml<排量≤110ml,排量,263864.0
2016,3,销售,二轮,110ml<排量≤125ml,排量,512123.0
2016,3,销售,二轮,125ml<排量≤150ml,排量,297466.0
2016,3,销售,二轮,150ml<排量≤250ml,排量,64346.0
2016,3,销售,二轮,250ml<排量≤400ml,排量,2332.0
2016,3,销售,二轮,400ml<排量≤750ml,排量,228.0
2016,3,销售,二轮,50ml<排量≤60ml,排量,0.0
2016,3,销售,二轮,60ml<排量≤70ml,排量,6652.0
2016,3,销售,二轮,70ml<排量≤80ml,排量,884.0
2016,3,销售,二轮,80ml<排量≤90ml,排量,4062.0
2016,3,销售,二轮,90ml<排量≤100ml,排量,75452.0
2016,3,销售,二轮,排量>750ml,排量,0.0
2016,3,销售,二轮,排量≤50ml,排量,69494.0
2016,3,销售,二轮,电动摩托车,排量,9777.0
2016,3,销售,二轮,二轮,汇总,1306680.0
2016,3,销售,二轮,其它式,车型,0.0
2016,3,销售,二轮,弯梁式,车型,246797.0
2016,3,销售,二轮,踏板式,车型,274454.0
2016,3,销售,二轮,骑式式,车型,785429.0
2016,3,销售,总计,总计,汇总,1485851.0
2016,4,生产,三轮,125ml<排量≤150ml,排量,92530.0
2016,4,生产,三轮,150ml<排量≤250ml,排量,82397.0
2016,4,生产,三轮,250ml<排量≤400ml,排量,771.0
2016,4,生产,三轮,400ml<排量≤750ml,排量,1177.0
2016,4,生产,三轮,50ml<排量≤100ml,排量,4807.0
2016,4,生产,三轮,排量>750ml,排量,552.0
2016,4,生产,三轮,排量≤50ml,排量,0.0
2016,4,生产,三轮,电动摩托车,排量,0.0
2016,4,生产,三轮,三轮,汇总,182234.0
2016,4,生产,三轮,正三轮,车型,182232.0
2016,4,生产,三轮,边三轮,车型,2.0
2016,4,生产,二轮,100ml<排量≤110ml,排量,221467.0
2016,4,生产,二轮,110ml<排量≤125ml,排量,492935.0
2016,4,生产,二轮,125ml<排量≤150ml,排量,275121.0
2016,4,生产,二轮,150ml<排量≤250ml,排量,71117.0
2016,4,生产,二轮,250ml<排量≤400ml,排量,3448.0
2016,4,生产,二轮,400ml<排量≤750ml,排量,814.0
2016,4,生产,二轮,50ml<排量≤60ml,排量,0.0
2016,4,生产,二轮,60ml<排量≤70ml,排量,8427.0
2016,4,生产,二轮,70ml<排量≤80ml,排量,731.0
2016,4,生产,二轮,80ml<排量≤90ml,排量,5974.0
2016,4,生产,二轮,90ml<排量≤100ml,排量,67496.0
2016,4,生产,二轮,排量>750ml,排量,0.0
2016,4,生产,二轮,排量≤50ml,排量,84942.0
2016,4,生产,二轮,电动摩托车,排量,5520.0
2016,4,生产,二轮,二轮,汇总,1237992.0
2016,4,生产,二轮,其它式,车型,0.0
2016,4,生产,二轮,弯梁式,车型,227887.0
2016,4,生产,二轮,踏板式,车型,269167.0
2016,4,生产,二轮,骑式式,车型,740938.0
2016,4,生产,总计,总计,汇总,1420226.0
2016,4,销售,三轮,125ml<排量≤150ml,排量,92897.0
2016,4,销售,三轮,150ml<排量≤250ml,排量,82187.0
2016,4,销售,三轮,250ml<排量≤400ml,排量,820.0
2016,4,销售,三轮,400ml<排量≤750ml,排量,1311.0
2016,4,销售,三轮,50ml<排量≤100ml,排量,4864.0
2016,4,销售,三轮,排量>750ml,排量,1125.0
2016,4,销售,三轮,排量≤50ml,排量,0.0
2016,4,销售,三轮,电动摩托车,排量,0.0
2016,4,销售,三轮,三轮,汇总,183204.0
2016,4,销售,三轮,正三轮,车型,183141.0
2016,4,销售,三轮,边三轮,车型,63.0
2016,4,销售,二轮,100ml<排量≤110ml,排量,231144.0
2016,4,销售,二轮,110ml<排量≤125ml,排量,479024.0
2016,4,销售,二轮,125ml<排量≤150ml,排量,271363.0
2016,4,销售,二轮,150ml<排量≤250ml,排量,67125.0
2016,4,销售,二轮,250ml<排量≤400ml,排量,3330.0
2016,4,销售,二轮,400ml<排量≤750ml,排量,792.0
2016,4,销售,二轮,50ml<排量≤60ml,排量,0.0
2016,4,销售,二轮,60ml<排量≤70ml,排量,7479.0
2016,4,销售,二轮,70ml<排量≤80ml,排量,506.0
2016,4,销售,二轮,80ml<排量≤90ml,排量,5832.0
2016,4,销售,二轮,90ml<排量≤100ml,排量,67716.0
2016,4,销售,二轮,排量>750ml,排量,0.0
2016,4,销售,二轮,排量≤50ml,排量,84692.0
2016,4,销售,二轮,电动摩托车,排量,5179.0
2016,4,销售,二轮,二轮,汇总,1224182.0
2016,4,销售,二轮,其它式,车型,0.0
2016,4,销售,二轮,弯梁式,车型,239693.0
2016,4,销售,二轮,踏板式,车型,259075.0
2016,4,销售,二轮,骑式式,车型,725414.0
2016,4,销售,总计,总计,汇总,1407386.0
2016,5,生产,三轮,125ml<排量≤150ml,排量,92987.0
2016,5,生产,三轮,150ml<排量≤250ml,排量,107495.0
2016,5,生产,三轮,250ml<排量≤400ml,排量,1727.0
2016,5,生产,三轮,400ml<排量≤750ml,排量,961.0
2016,5,生产,三轮,50ml<排量≤100ml,排量,5768.0
2016,5,生产,三轮,排量>750ml,排量,699.0
2016,5,生产,三轮,排量≤50ml,排量,0.0
2016,5,生产,三轮,电动摩托车,排量,15.0
2016,5,生产,三轮,三轮,汇总,209652.0
2016,5,生产,三轮,正三轮,车型,209522.0
2016,5,生产,三轮,边三轮,车型,130.0
2016,5,生产,二轮,100ml<排量≤110ml,排量,195160.0
2016,5,生产,二轮,110ml<排量≤125ml,排量,502119.0
2016,5,生产,二轮,125ml<排量≤150ml,排量,271921.0
2016,5,生产,二轮,150ml<排量≤250ml,排量,75880.0
2016,5,生产,二轮,250ml<排量≤400ml,排量,3655.0
2016,5,生产,二轮,400ml<排量≤750ml,排量,1120.0
2016,5,生产,二轮,50ml<排量≤60ml,排量,0.0
2016,5,生产,二轮,60ml<排量≤70ml,排量,8390.0
2016,5,生产,二轮,70ml<排量≤80ml,排量,803.0
2016,5,生产,二轮,80ml<排量≤90ml,排量,6420.0
2016,5,生产,二轮,90ml<排量≤100ml,排量,73270.0
2016,5,生产,二轮,排量>750ml,排量,2.0
2016,5,生产,二轮,排量≤50ml,排量,66210.0
2016,5,生产,二轮,电动摩托车,排量,9532.0
2016,5,生产,二轮,二轮,汇总,1214482.0
2016,5,生产,二轮,其它式,车型,0.0
2016,5,生产,二轮,弯梁式,车型,210669.0
2016,5,生产,二轮,踏板式,车型,305501.0
2016,5,生产,二轮,骑式式,车型,698312.0
2016,5,生产,总计,总计,汇总,1424134.0
2016,5,销售,三轮,125ml<排量≤150ml,排量,92787.0
2016,5,销售,三轮,150ml<排量≤250ml,排量,108802.0
2016,5,销售,三轮,250ml<排量≤400ml,排量,1690.0
2016,5,销售,三轮,400ml<排量≤750ml,排量,938.0
2016,5,销售,三轮,50ml<排量≤100ml,排量,5853.0
2016,5,销售,三轮,排量>750ml,排量,664.0
2016,5,销售,三轮,排量≤50ml,排量,0.0
2016,5,销售,三轮,电动摩托车,排量,15.0
2016,5,销售,三轮,三轮,汇总,210749.0
2016,5,销售,三轮,正三轮,车型,210683.0
2016,5,销售,三轮,边三轮,车型,66.0
2016,5,销售,二轮,100ml<排量≤110ml,排量,198501.0
2016,5,销售,二轮,110ml<排量≤125ml,排量,489528.0
2016,5,销售,二轮,125ml<排量≤150ml,排量,262641.0
2016,5,销售,二轮,150ml<排量≤250ml,排量,72033.0
2016,5,销售,二轮,250ml<排量≤400ml,排量,3410.0
2016,5,销售,二轮,400ml<排量≤750ml,排量,1106.0
2016,5,销售,二轮,50ml<排量≤60ml,排量,0.0
2016,5,销售,二轮,60ml<排量≤70ml,排量,7640.0
2016,5,销售,二轮,70ml<排量≤80ml,排量,1039.0
2016,5,销售,二轮,80ml<排量≤90ml,排量,5611.0
2016,5,销售,二轮,90ml<排量≤100ml,排量,72410.0
2016,5,销售,二轮,排量>750ml,排量,0.0
2016,5,销售,二轮,排量≤50ml,排量,65592.0
2016,5,销售,二轮,电动摩托车,排量,6134.0
2016,5,销售,二轮,二轮,汇总,1185645.0
2016,5,销售,二轮,其它式,车型,0.0
2016,5,销售,二轮,弯梁式,车型,217329.0
2016,5,销售,二轮,踏板式,车型,299311.0
2016,5,销售,二轮,骑式式,车型,669005.0
2016,5,销售,总计,总计,汇总,1396394.0
2016,6,生产,三轮,125ml<排量≤150ml,排量,89702.0
2016,6,生产,三轮,150ml<排量≤250ml,排量,80623.0
2016,6,生产,三轮,250ml<排量≤400ml,排量,1218.0
2016,6,生产,三轮,400ml<排量≤750ml,排量,779.0
2016,6,生产,三轮,50ml<排量≤100ml,排量,3928.0
2016,6,生产,三轮,排量>750ml,排量,855.0
2016,6,生产,三轮,排量≤50ml,排量,0.0
2016,6,生产,三轮,电动摩托车,排量,0.0
2016,6,生产,三轮,三轮,汇总,177105.0
2016,6,生产,三轮,正三轮,车型,177022.0
2016,6,生产,三轮,边三轮,车型,83.0
2016,6,生产,二轮,100ml<排量≤110ml,排量,211931.0
2016,6,生产,二轮,110ml<排量≤125ml,排量,489398.0
2016,6,生产,二轮,125ml<排量≤150ml,排量,284346.0
2016,6,生产,二轮,150ml<排量≤250ml,排量,69635.0
2016,6,生产,二轮,250ml<排量≤400ml,排量,3759.0
2016,6,生产,二轮,400ml<排量≤750ml,排量,1340.0
2016,6,生产,二轮,50ml<排量≤60ml,排量,0.0
2016,6,生产,二轮,60ml<排量≤70ml,排量,8177.0
2016,6,生产,二轮,70ml<排量≤80ml,排量,2531.0
2016,6,生产,二轮,80ml<排量≤90ml,排量,5695.0
2016,6,生产,二轮,90ml<排量≤100ml,排量,75392.0
2016,6,生产,二轮,排量>750ml,排量,0.0
2016,6,生产,二轮,排量≤50ml,排量,56939.0
2016,6,生产,二轮,电动摩托车,排量,13024.0
2016,6,生产,二轮,二轮,汇总,1222167.0
2016,6,生产,二轮,其它式,车型,0.0
2016,6,生产,二轮,弯梁式,车型,243716.0
2016,6,生产,二轮,踏板式,车型,298472.0
2016,6,生产,二轮,骑式式,车型,679979.0
2016,6,生产,总计,总计,汇总,1399272.0
2016,6,销售,三轮,125ml<排量≤150ml,排量,88761.0
2016,6,销售,三轮,150ml<排量≤250ml,排量,79791.0
2016,6,销售,三轮,250ml<排量≤400ml,排量,1256.0
2016,6,销售,三轮,400ml<排量≤750ml,排量,734.0
2016,6,销售,三轮,50ml<排量≤100ml,排量,3691.0
2016,6,销售,三轮,排量>750ml,排量,692.0
2016,6,销售,三轮,排量≤50ml,排量,0.0
2016,6,销售,三轮,电动摩托车,排量,0.0
2016,6,销售,三轮,三轮,汇总,174925.0
2016,6,销售,三轮,正三轮,车型,174842.0
2016,6,销售,三轮,边三轮,车型,83.0
2016,6,销售,二轮,100ml<排量≤110ml,排量,204508.0
2016,6,销售,二轮,110ml<排量≤125ml,排量,491028.0
2016,6,销售,二轮,125ml<排量≤150ml,排量,273752.0
2016,6,销售,二轮,150ml<排量≤250ml,排量,65973.0
2016,6,销售,二轮,250ml<排量≤400ml,排量,3502.0
2016,6,销售,二轮,400ml<排量≤750ml,排量,1188.0
2016,6,销售,二轮,50ml<排量≤60ml,排量,0.0
2016,6,销售,二轮,60ml<排量≤70ml,排量,7475.0
2016,6,销售,二轮,70ml<排量≤80ml,排量,2338.0
2016,6,销售,二轮,80ml<排量≤90ml,排量,6049.0
2016,6,销售,二轮,90ml<排量≤100ml,排量,70610.0
2016,6,销售,二轮,排量>750ml,排量,3.0
2016,6,销售,二轮,排量≤50ml,排量,58522.0
2016,6,销售,二轮,电动摩托车,排量,12037.0
2016,6,销售,二轮,二轮,汇总,1196985.0
2016,6,销售,二轮,其它式,车型,0.0
2016,6,销售,二轮,弯梁式,车型,235087.0
2016,6,销售,二轮,踏板式,车型,301476.0
2016,6,销售,二轮,骑式式,车型,660422.0
2016,6,销售,总计,总计,汇总,1371910.0
2016,7,生产,三轮,125ml<排量≤150ml,排量,82877.0
2016,7,生产,三轮,150ml<排量≤250ml,排量,71676.0
2016,7,生产,三轮,250ml<排量≤400ml,排量,1146.0
2016,7,生产,三轮,400ml<排量≤750ml,排量,795.0
2016,7,生产,三轮,50ml<排量≤100ml,排量,5008.0
2016,7,生产,三轮,排量>750ml,排量,433.0
2016,7,生产,三轮,排量≤50ml,排量,0.0
2016,7,生产,三轮,电动摩托车,排量,0.0
2016,7,生产,三轮,三轮,汇总,161935.0
2016,7,生产,三轮,正三轮,车型,161789.0
2016,7,生产,三轮,边三轮,车型,146.0
2016,7,生产,二轮,100ml<排量≤110ml,排量,186705.0
2016,7,生产,二轮,110ml<排量≤125ml,排量,464419.0
2016,7,生产,二轮,125ml<排量≤150ml,排量,278193.0
2016,7,生产,二轮,150ml<排量≤250ml,排量,70065.0
2016,7,生产,二轮,250ml<排量≤400ml,排量,2493.0
2016,7,生产,二轮,400ml<排量≤750ml,排量,956.0
2016,7,生产,二轮,50ml<排量≤60ml,排量,0.0
2016,7,生产,二轮,60ml<排量≤70ml,排量,6180.0
2016,7,生产,二轮,70ml<排量≤80ml,排量,1200.0
2016,7,生产,二轮,80ml<排量≤90ml,排量,7511.0
2016,7,生产,二轮,90ml<排量≤100ml,排量,70601.0
2016,7,生产,二轮,排量>750ml,排量,0.0
2016,7,生产,二轮,排量≤50ml,排量,58364.0
2016,7,生产,二轮,电动摩托车,排量,9860.0
2016,7,生产,二轮,二轮,汇总,1156547.0
2016,7,生产,二轮,其它式,车型,0.0
2016,7,生产,二轮,弯梁式,车型,197766.0
2016,7,生产,二轮,踏板式,车型,287819.0
2016,7,生产,二轮,骑式式,车型,670962.0
2016,7,生产,总计,总计,汇总,1318482.0
2016,7,销售,三轮,125ml<排量≤150ml,排量,83310.0
2016,7,销售,三轮,150ml<排量≤250ml,排量,70164.0
2016,7,销售,三轮,250ml<排量≤400ml,排量,1180.0
2016,7,销售,三轮,400ml<排量≤750ml,排量,809.0
2016,7,销售,三轮,50ml<排量≤100ml,排量,5297.0
2016,7,销售,三轮,排量>750ml,排量,432.0
2016,7,销售,三轮,排量≤50ml,排量,0.0
2016,7,销售,三轮,电动摩托车,排量,0.0
2016,7,销售,三轮,三轮,汇总,161192.0
2016,7,销售,三轮,正三轮,车型,161110.0
2016,7,销售,三轮,边三轮,车型,82.0
2016,7,销售,二轮,100ml<排量≤110ml,排量,184034.0
2016,7,销售,二轮,110ml<排量≤125ml,排量,464149.0
2016,7,销售,二轮,125ml<排量≤150ml,排量,275110.0
2016,7,销售,二轮,150ml<排量≤250ml,排量,70532.0
2016,7,销售,二轮,250ml<排量≤400ml,排量,2902.0
2016,7,销售,二轮,400ml<排量≤750ml,排量,878.0
2016,7,销售,二轮,50ml<排量≤60ml,排量,0.0
2016,7,销售,二轮,60ml<排量≤70ml,排量,6331.0
2016,7,销售,二轮,70ml<排量≤80ml,排量,1029.0
2016,7,销售,二轮,80ml<排量≤90ml,排量,7366.0
2016,7,销售,二轮,90ml<排量≤100ml,排量,66766.0
2016,7,销售,二轮,排量>750ml,排量,0.0
2016,7,销售,二轮,排量≤50ml,排量,59194.0
2016,7,销售,二轮,电动摩托车,排量,10019.0
2016,7,销售,二轮,二轮,汇总,1148310.0
2016,7,销售,二轮,其它式,车型,0.0
2016,7,销售,二轮,弯梁式,车型,192892.0
2016,7,销售,二轮,踏板式,车型,281064.0
2016,7,销售,二轮,骑式式,车型,674354.0
2016,7,销售,总计,总计,汇总,1309502.0
2016,11,生产,三轮,125ml<排量≤150ml,排量,103086.0
2016,11,生产,三轮,150ml<排量≤250ml,排量,75105.0
2016,11,生产,三轮,250ml<排量≤400ml,排量,2025.0
2016,11,生产,三轮,400ml<排量≤750ml,排量,864.0
2016,11,生产,三轮,50ml<排量≤100ml,排量,7255.0
2016,11,生产,三轮,排量>750ml,排量,898.0
2016,11,生产,三轮,排量≤50ml,排量,0.0
2016,11,生产,三轮,电动摩托车,排量,0.0
2016,11,生产,三轮,三轮,汇总,189233.0
2016,11,生产,三轮,正三轮,车型,189161.0
2016,11,生产,三轮,边三轮,车型,72.0
2016,11,生产,二轮,100ml<排量≤110ml,排量,240557.0
2016,11,生产,二轮,110ml<排量≤125ml,排量,569950.0
2016,11,生产,二轮,125ml<排量≤150ml,排量,300681.0
2016,11,生产,二轮,150ml<排量≤250ml,排量,81725.0
2016,11,生产,二轮,250ml<排量≤400ml,排量,4092.0
2016,11,生产,二轮,400ml<排量≤750ml,排量,2082.0
2016,11,生产,二轮,50ml<排量≤60ml,排量,0.0
2016,11,生产,二轮,60ml<排量≤70ml,排量,7508.0
2016,11,生产,二轮,70ml<排量≤80ml,排量,2996.0
2016,11,生产,二轮,80ml<排量≤90ml,排量,6474.0
2016,11,生产,二轮,90ml<排量≤100ml,排量,80058.0
2016,11,生产,二轮,排量>750ml,排量,0.0
2016,11,生产,二轮,排量≤50ml,排量,61086.0
2016,11,生产,二轮,电动摩托车,排量,6890.0
2016,11,生产,二轮,二轮,汇总,1364099.0
2016,11,生产,二轮,其它式,车型,0.0
2016,11,生产,二轮,弯梁式,车型,232150.0
2016,11,生产,二轮,踏板式,车型,336360.0
2016,11,生产,二轮,骑式式,车型,795589.0
2016,11,生产,总计,总计,汇总,1553332.0
2016,11,销售,三轮,125ml<排量≤150ml,排量,102701.0
2016,11,销售,三轮,150ml<排量≤250ml,排量,75224.0
2016,11,销售,三轮,250ml<排量≤400ml,排量,2026.0
2016,11,销售,三轮,400ml<排量≤750ml,排量,868.0
2016,11,销售,三轮,50ml<排量≤100ml,排量,7391.0
2016,11,销售,三轮,排量>750ml,排量,972.0
2016,11,销售,三轮,排量≤50ml,排量,0.0
2016,11,销售,三轮,电动摩托车,排量,0.0
2016,11,销售,三轮,三轮,汇总,189182.0
2016,11,销售,三轮,正三轮,车型,189078.0
2016,11,销售,三轮,边三轮,车型,104.0
2016,11,销售,二轮,100ml<排量≤110ml,排量,228687.0
2016,11,销售,二轮,110ml<排量≤125ml,排量,535963.0
2016,11,销售,二轮,125ml<排量≤150ml,排量,299339.0
2016,11,销售,二轮,150ml<排量≤250ml,排量,78071.0
2016,11,销售,二轮,250ml<排量≤400ml,排量,3232.0
2016,11,销售,二轮,400ml<排量≤750ml,排量,2022.0
2016,11,销售,二轮,50ml<排量≤60ml,排量,0.0
2016,11,销售,二轮,60ml<排量≤70ml,排量,7528.0
2016,11,销售,二轮,70ml<排量≤80ml,排量,3377.0
2016,11,销售,二轮,80ml<排量≤90ml,排量,6885.0
2016,11,销售,二轮,90ml<排量≤100ml,排量,76002.0
2016,11,销售,二轮,排量>750ml,排量,0.0
2016,11,销售,二轮,排量≤50ml,排量,56370.0
2016,11,销售,二轮,电动摩托车,排量,7140.0
2016,11,销售,二轮,二轮,汇总,1304616.0
2016,11,销售,二轮,其它式,车型,0.0
2016,11,销售,二轮,弯梁式,车型,228560.0
2016,11,销售,二轮,踏板式,车型,296172.0
2016,11,销售,二轮,骑式式,车型,779884.0
2016,11,销售,总计,总计,汇总,1493798.0
2016,12,生产,三轮,125ml<排量≤150ml,排量,105819.0
2016,12,生产,三轮,150ml<排量≤250ml,排量,71335.0
2016,12,生产,三轮,250ml<排量≤400ml,排量,2028.0
2016,12,生产,三轮,400ml<排量≤750ml,排量,1508.0
2016,12,生产,三轮,50ml<排量≤100ml,排量,4189.0
2016,12,生产,三轮,排量>750ml,排量,930.0
2016,12,生产,三轮,排量≤50ml,排量,0.0
2016,12,生产,三轮,电动摩托车,排量,1.0
2016,12,生产,三轮,三轮,汇总,185810.0
2016,12,生产,三轮,正三轮,车型,185762.0
2016,12,生产,三轮,边三轮,车型,48.0
2016,12,生产,二轮,100ml<排量≤110ml,排量,238263.0
2016,12,生产,二轮,110ml<排量≤125ml,排量,599652.0
2016,12,生产,二轮,125ml<排量≤150ml,排量,298724.0
2016,12,生产,二轮,150ml<排量≤250ml,排量,73981.0
2016,12,生产,二轮,250ml<排量≤400ml,排量,4463.0
2016,12,生产,二轮,400ml<排量≤750ml,排量,1242.0
2016,12,生产,二轮,50ml<排量≤60ml,排量,0.0
2016,12,生产,二轮,60ml<排量≤70ml,排量,8563.0
2016,12,生产,二轮,70ml<排量≤80ml,排量,626.0
2016,12,生产,二轮,80ml<排量≤90ml,排量,7971.0
2016,12,生产,二轮,90ml<排量≤100ml,排量,82046.0
2016,12,生产,二轮,排量>750ml,排量,0.0
2016,12,生产,二轮,排量≤50ml,排量,62742.0
2016,12,生产,二轮,电动摩托车,排量,5375.0
2016,12,生产,二轮,二轮,汇总,1383648.0
2016,12,生产,二轮,其它式,车型,0.0
2016,12,生产,二轮,弯梁式,车型,227333.0
2016,12,生产,二轮,踏板式,车型,357390.0
2016,12,生产,二轮,骑式式,车型,798925.0
2016,12,生产,总计,总计,汇总,1569458.0
2016,12,销售,三轮,125ml<排量≤150ml,排量,105133.0
2016,12,销售,三轮,150ml<排量≤250ml,排量,64818.0
2016,12,销售,三轮,250ml<排量≤400ml,排量,2022.0
2016,12,销售,三轮,400ml<排量≤750ml,排量,1556.0
2016,12,销售,三轮,50ml<排量≤100ml,排量,3983.0
2016,12,销售,三轮,排量>750ml,排量,1044.0
2016,12,销售,三轮,排量≤50ml,排量,0.0
2016,12,销售,三轮,电动摩托车,排量,1.0
2016,12,销售,三轮,三轮,汇总,178557.0
2016,12,销售,三轮,正三轮,车型,178441.0
2016,12,销售,三轮,边三轮,车型,116.0
2016,12,销售,二轮,100ml<排量≤110ml,排量,240249.0
2016,12,销售,二轮,110ml<排量≤125ml,排量,602682.0
2016,12,销售,二轮,125ml<排量≤150ml,排量,309555.0
2016,12,销售,二轮,150ml<排量≤250ml,排量,73464.0
2016,12,销售,二轮,250ml<排量≤400ml,排量,4351.0
2016,12,销售,二轮,400ml<排量≤750ml,排量,1214.0
2016,12,销售,二轮,50ml<排量≤60ml,排量,0.0
2016,12,销售,二轮,60ml<排量≤70ml,排量,7456.0
2016,12,销售,二轮,70ml<排量≤80ml,排量,597.0
2016,12,销售,二轮,80ml<排量≤90ml,排量,7342.0
2016,12,销售,二轮,90ml<排量≤100ml,排量,88613.0
2016,12,销售,二轮,排量>750ml,排量,0.0
2016,12,销售,二轮,排量≤50ml,排量,58677.0
2016,12,销售,二轮,电动摩托车,排量,5807.0
2016,12,销售,二轮,二轮,汇总,1400007.0
2016,12,销售,二轮,其它式,车型,0.0
2016,12,销售,二轮,弯梁式,车型,229021.0
2016,12,销售,二轮,踏板式,车型,369731.0
2016,12,销售,二轮,骑式式,车型,801255.0
2016,12,销售,总计,总计,汇总,1578564.0
2017,1,生产,三轮,125ml<排量≤150ml,排量,73353.0
2017,1,生产,三轮,150ml<排量≤250ml,排量,61636.0
2017,1,生产,三轮,250ml<排量≤400ml,排量,483.0
2017,1,生产,三轮,400ml<排量≤750ml,排量,662.0
2017,1,生产,三轮,50ml<排量≤100ml,排量,2661.0
2017,1,生产,三轮,排量>750ml,排量,619.0
2017,1,生产,三轮,排量≤50ml,排量,0.0
2017,1,生产,三轮,电动摩托车,排量,0.0
2017,1,生产,三轮,三轮,汇总,139414.0
2017,1,生产,三轮,正三轮,车型,139307.0
2017,1,生产,三轮,边三轮,车型,107.0
2017,1,生产,二轮,100ml<排量≤110ml,排量,184651.0
2017,1,生产,二轮,110ml<排量≤125ml,排量,438563.0
2017,1,生产,二轮,125ml<排量≤150ml,排量,267452.0
2017,1,生产,二轮,150ml<排量≤250ml,排量,73492.0
2017,1,生产,二轮,250ml<排量≤400ml,排量,4128.0
2017,1,生产,二轮,400ml<排量≤750ml,排量,910.0
2017,1,生产,二轮,50ml<排量≤60ml,排量,0.0
2017,1,生产,二轮,60ml<排量≤70ml,排量,6847.0
2017,1,生产,二轮,70ml<排量≤80ml,排量,765.0
2017,1,生产,二轮,80ml<排量≤90ml,排量,8336.0
2017,1,生产,二轮,90ml<排量≤100ml,排量,61871.0
2017,1,生产,二轮,排量>750ml,排量,0.0
2017,1,生产,二轮,排量≤50ml,排量,47547.0
2017,1,生产,二轮,电动摩托车,排量,4437.0
2017,1,生产,二轮,二轮,汇总,1098999.0
2017,1,生产,二轮,其它式,车型,0.0
2017,1,生产,二轮,弯梁式,车型,225899.0
2017,1,生产,二轮,踏板式,车型,247508.0
2017,1,生产,二轮,骑式式,车型,625592.0
2017,1,生产,总计,总计,汇总,1238413.0
2017,1,销售,三轮,125ml<排量≤150ml,排量,74290.0
2017,1,销售,三轮,150ml<排量≤250ml,排量,59485.0
2017,1,销售,三轮,250ml<排量≤400ml,排量,526.0
2017,1,销售,三轮,400ml<排量≤750ml,排量,634.0
2017,1,销售,三轮,50ml<排量≤100ml,排量,3082.0
2017,1,销售,三轮,排量>750ml,排量,640.0
2017,1,销售,三轮,排量≤50ml,排量,0.0
2017,1,销售,三轮,电动摩托车,排量,0.0
2017,1,销售,三轮,三轮,汇总,138657.0
2017,1,销售,三轮,正三轮,车型,138569.0
2017,1,销售,三轮,边三轮,车型,88.0
2017,1,销售,二轮,100ml<排量≤110ml,排量,199261.0
2017,1,销售,二轮,110ml<排量≤125ml,排量,485267.0
2017,1,销售,二轮,125ml<排量≤150ml,排量,281349.0
2017,1,销售,二轮,150ml<排量≤250ml,排量,68654.0
2017,1,销售,二轮,250ml<排量≤400ml,排量,3550.0
2017,1,销售,二轮,400ml<排量≤750ml,排量,692.0
2017,1,销售,二轮,50ml<排量≤60ml,排量,0.0
2017,1,销售,二轮,60ml<排量≤70ml,排量,7964.0
2017,1,销售,二轮,70ml<排量≤80ml,排量,797.0
2017,1,销售,二轮,80ml<排量≤90ml,排量,8898.0
2017,1,销售,二轮,90ml<排量≤100ml,排量,64968.0
2017,1,销售,二轮,排量>750ml,排量,0.0
2017,1,销售,二轮,排量≤50ml,排量,52493.0
2017,1,销售,二轮,电动摩托车,排量,4618.0
2017,1,销售,二轮,二轮,汇总,1178511.0
2017,1,销售,二轮,其它式,车型,0.0
2017,1,销售,二轮,弯梁式,车型,246859.0
2017,1,销售,二轮,踏板式,车型,270629.0
2017,1,销售,二轮,骑式式,车型,661023.0
2017,1,销售,总计,总计,汇总,1317168.0
2017,2,生产,三轮,125ml<排量≤150ml,排量,95079.0
2017,2,生产,三轮,150ml<排量≤250ml,排量,69543.0
2017,2,生产,三轮,250ml<排量≤400ml,排量,592.0
2017,2,生产,三轮,400ml<排量≤750ml,排量,838.0
2017,2,生产,三轮,50ml<排量≤100ml,排量,1565.0
2017,2,生产,三轮,排量>750ml,排量,659.0
2017,2,生产,三轮,排量≤50ml,排量,0.0
2017,2,生产,三轮,电动摩托车,排量,0.0
2017,2,生产,三轮,三轮,汇总,168276.0
2017,2,生产,三轮,正三轮,车型,168216.0
2017,2,生产,三轮,边三轮,车型,60.0
2017,2,生产,二轮,100ml<排量≤110ml,排量,176432.0
2017,2,生产,二轮,110ml<排量≤125ml,排量,400767.0
2017,2,生产,二轮,125ml<排量≤150ml,排量,210886.0
2017,2,生产,二轮,150ml<排量≤250ml,排量,53940.0
2017,2,生产,二轮,250ml<排量≤400ml,排量,3676.0
2017,2,生产,二轮,400ml<排量≤750ml,排量,293.0
2017,2,生产,二轮,50ml<排量≤60ml,排量,0.0
2017,2,生产,二轮,60ml<排量≤70ml,排量,5066.0
2017,2,生产,二轮,70ml<排量≤80ml,排量,1098.0
2017,2,生产,二轮,80ml<排量≤90ml,排量,6842.0
2017,2,生产,二轮,90ml<排量≤100ml,排量,51266.0
2017,2,生产,二轮,排量>750ml,排量,0.0
2017,2,生产,二轮,排量≤50ml,排量,59753.0
2017,2,生产,二轮,电动摩托车,排量,4581.0
2017,2,生产,二轮,二轮,汇总,974600.0
2017,2,生产,二轮,其它式,车型,0.0
2017,2,生产,二轮,弯梁式,车型,166398.0
2017,2,生产,二轮,踏板式,车型,235688.0
2017,2,生产,二轮,骑式式,车型,572514.0
2017,2,生产,总计,总计,汇总,1142876.0
2017,2,销售,三轮,125ml<排量≤150ml,排量,87529.0
2017,2,销售,三轮,150ml<排量≤250ml,排量,66773.0
2017,2,销售,三轮,250ml<排量≤400ml,排量,564.0
2017,2,销售,三轮,400ml<排量≤750ml,排量,752.0
2017,2,销售,三轮,50ml<排量≤100ml,排量,1457.0
2017,2,销售,三轮,排量>750ml,排量,615.0
2017,2,销售,三轮,排量≤50ml,排量,0.0
2017,2,销售,三轮,电动摩托车,排量,0.0
2017,2,销售,三轮,三轮,汇总,157690.0
2017,2,销售,三轮,正三轮,车型,157690.0
2017,2,销售,三轮,边三轮,车型,0.0
2017,2,销售,二轮,100ml<排量≤110ml,排量,164756.0
2017,2,销售,二轮,110ml<排量≤125ml,排量,401884.0
2017,2,销售,二轮,125ml<排量≤150ml,排量,202120.0
2017,2,销售,二轮,150ml<排量≤250ml,排量,53665.0
2017,2,销售,二轮,250ml<排量≤400ml,排量,4785.0
2017,2,销售,二轮,400ml<排量≤750ml,排量,726.0
2017,2,销售,二轮,50ml<排量≤60ml,排量,0.0
2017,2,销售,二轮,60ml<排量≤70ml,排量,5196.0
2017,2,销售,二轮,70ml<排量≤80ml,排量,1098.0
2017,2,销售,二轮,80ml<排量≤90ml,排量,5668.0
2017,2,销售,二轮,90ml<排量≤100ml,排量,51294.0
2017,2,销售,二轮,排量>750ml,排量,0.0
2017,2,销售,二轮,排量≤50ml,排量,61486.0
2017,2,销售,二轮,电动摩托车,排量,4618.0
2017,2,销售,二轮,二轮,汇总,957296.0
2017,2,销售,二轮,其它式,车型,0.0
2017,2,销售,二轮,弯梁式,车型,159830.0
2017,2,销售,二轮,踏板式,车型,241886.0
2017,2,销售,二轮,骑式式,车型,555580.0
2017,2,销售,总计,总计,汇总,1114986.0
2017,3,生产,三轮,125ml<排量≤150ml,排量,123438.0
2017,3,生产,三轮,150ml<排量≤250ml,排量,97891.0
2017,3,生产,三轮,250ml<排量≤400ml,排量,743.0
2017,3,生产,三轮,400ml<排量≤750ml,排量,991.0
2017,3,生产,三轮,50ml<排量≤100ml,排量,1522.0
2017,3,生产,三轮,排量>750ml,排量,856.0
2017,3,生产,三轮,排量≤50ml,排量,0.0
2017,3,生产,三轮,电动摩托车,排量,0.0
2017,3,生产,三轮,三轮,汇总,225441.0
2017,3,生产,三轮,正三轮,车型,225322.0
2017,3,生产,三轮,边三轮,车型,119.0
2017,3,生产,二轮,100ml<排量≤110ml,排量,229531.0
2017,3,生产,二轮,110ml<排量≤125ml,排量,530174.0
2017,3,生产,二轮,125ml<排量≤150ml,排量,287326.0
2017,3,生产,二轮,150ml<排量≤250ml,排量,71292.0
2017,3,生产,二轮,250ml<排量≤400ml,排量,6431.0
2017,3,生产,二轮,400ml<排量≤750ml,排量,1429.0
2017,3,生产,二轮,50ml<排量≤60ml,排量,0.0
2017,3,生产,二轮,60ml<排量≤70ml,排量,7326.0
2017,3,生产,二轮,70ml<排量≤80ml,排量,737.0
2017,3,生产,二轮,80ml<排量≤90ml,排量,6114.0
2017,3,生产,二轮,90ml<排量≤100ml,排量,64862.0
2017,3,生产,二轮,排量>750ml,排量,0.0
2017,3,生产,二轮,排量≤50ml,排量,66950.0
2017,3,生产,二轮,电动摩托车,排量,7036.0
2017,3,生产,二轮,二轮,汇总,1279208.0
2017,3,生产,二轮,其它式,车型,0.0
2017,3,生产,二轮,弯梁式,车型,231963.0
2017,3,生产,二轮,踏板式,车型,301973.0
2017,3,生产,二轮,骑式式,车型,745272.0
2017,3,生产,总计,总计,汇总,1504649.0
2017,3,销售,三轮,125ml<排量≤150ml,排量,125189.0
2017,3,销售,三轮,150ml<排量≤250ml,排量,105623.0
2017,3,销售,三轮,250ml<排量≤400ml,排量,683.0
2017,3,销售,三轮,400ml<排量≤750ml,排量,883.0
2017,3,销售,三轮,50ml<排量≤100ml,排量,1346.0
2017,3,销售,三轮,排量>750ml,排量,867.0
2017,3,销售,三轮,排量≤50ml,排量,0.0
2017,3,销售,三轮,电动摩托车,排量,0.0
2017,3,销售,三轮,三轮,汇总,234591.0
2017,3,销售,三轮,正三轮,车型,234577.0
2017,3,销售,三轮,边三轮,车型,14.0
2017,3,销售,二轮,100ml<排量≤110ml,排量,221243.0
2017,3,销售,二轮,110ml<排量≤125ml,排量,537695.0
2017,3,销售,二轮,125ml<排量≤150ml,排量,291271.0
2017,3,销售,二轮,150ml<排量≤250ml,排量,72426.0
2017,3,销售,二轮,250ml<排量≤400ml,排量,5125.0
2017,3,销售,二轮,400ml<排量≤750ml,排量,1505.0
2017,3,销售,二轮,50ml<排量≤60ml,排量,0.0
2017,3,销售,二轮,60ml<排量≤70ml,排量,7132.0
2017,3,销售,二轮,70ml<排量≤80ml,排量,703.0
2017,3,销售,二轮,80ml<排量≤90ml,排量,7457.0
2017,3,销售,二轮,90ml<排量≤100ml,排量,66885.0
2017,3,销售,二轮,排量>750ml,排量,0.0
2017,3,销售,二轮,排量≤50ml,排量,68807.0
2017,3,销售,二轮,电动摩托车,排量,6414.0
2017,3,销售,二轮,二轮,汇总,1286663.0
2017,3,销售,二轮,其它式,车型,0.0
2017,3,销售,二轮,弯梁式,车型,231576.0
2017,3,销售,二轮,踏板式,车型,306271.0
2017,3,销售,二轮,骑式式,车型,748816.0
2017,3,销售,总计,总计,汇总,1521254.0
2017,4,生产,三轮,125ml<排量≤150ml,排量,117393.0
2017,4,生产,三轮,150ml<排量≤250ml,排量,89974.0
2017,4,生产,三轮,250ml<排量≤400ml,排量,820.0
2017,4,生产,三轮,400ml<排量≤750ml,排量,625.0
2017,4,生产,三轮,50ml<排量≤100ml,排量,838.0
2017,4,生产,三轮,排量>750ml,排量,789.0
2017,4,生产,三轮,排量≤50ml,排量,0.0
2017,4,生产,三轮,电动摩托车,排量,0.0
2017,4,生产,三轮,三轮,汇总,210439.0
2017,4,生产,三轮,正三轮,车型,210424.0
2017,4,生产,三轮,边三轮,车型,15.0
2017,4,生产,二轮,100ml<排量≤110ml,排量,209188.0
2017,4,生产,二轮,110ml<排量≤125ml,排量,524959.0
2017,4,生产,二轮,125ml<排量≤150ml,排量,296450.0
2017,4,生产,二轮,150ml<排量≤250ml,排量,88986.0
2017,4,生产,二轮,250ml<排量≤400ml,排量,5299.0
2017,4,生产,二轮,400ml<排量≤750ml,排量,2605.0
2017,4,生产,二轮,50ml<排量≤60ml,排量,0.0
2017,4,生产,二轮,60ml<排量≤70ml,排量,7862.0
2017,4,生产,二轮,70ml<排量≤80ml,排量,1683.0
2017,4,生产,二轮,80ml<排量≤90ml,排量,6120.0
2017,4,生产,二轮,90ml<排量≤100ml,排量,63702.0
2017,4,生产,二轮,排量>750ml,排量,0.0
2017,4,生产,二轮,排量≤50ml,排量,66891.0
2017,4,生产,二轮,电动摩托车,排量,8694.0
2017,4,生产,二轮,二轮,汇总,1282439.0
2017,4,生产,二轮,其它式,车型,0.0
2017,4,生产,二轮,弯梁式,车型,227469.0
2017,4,生产,二轮,踏板式,车型,289329.0
2017,4,生产,二轮,骑式式,车型,765641.0
2017,4,生产,总计,总计,汇总,1492878.0
2017,4,销售,三轮,125ml<排量≤150ml,排量,118799.0
2017,4,销售,三轮,150ml<排量≤250ml,排量,90464.0
2017,4,销售,三轮,250ml<排量≤400ml,排量,863.0
2017,4,销售,三轮,400ml<排量≤750ml,排量,637.0
2017,4,销售,三轮,50ml<排量≤100ml,排量,918.0
2017,4,销售,三轮,排量>750ml,排量,848.0
2017,4,销售,三轮,排量≤50ml,排量,0.0
2017,4,销售,三轮,电动摩托车,排量,0.0
2017,4,销售,三轮,三轮,汇总,212529.0
2017,4,销售,三轮,正三轮,车型,212511.0
2017,4,销售,三轮,边三轮,车型,18.0
2017,4,销售,二轮,100ml<排量≤110ml,排量,202089.0
2017,4,销售,二轮,110ml<排量≤125ml,排量,513114.0
2017,4,销售,二轮,125ml<排量≤150ml,排量,296128.0
2017,4,销售,二轮,150ml<排量≤250ml,排量,85653.0
2017,4,销售,二轮,250ml<排量≤400ml,排量,6092.0
2017,4,销售,二轮,400ml<排量≤750ml,排量,2793.0
2017,4,销售,二轮,50ml<排量≤60ml,排量,0.0
2017,4,销售,二轮,60ml<排量≤70ml,排量,7061.0
2017,4,销售,二轮,70ml<排量≤80ml,排量,1685.0
2017,4,销售,二轮,80ml<排量≤90ml,排量,6038.0
2017,4,销售,二轮,90ml<排量≤100ml,排量,66183.0
2017,4,销售,二轮,排量>750ml,排量,0.0
2017,4,销售,二轮,排量≤50ml,排量,62982.0
2017,4,销售,二轮,电动摩托车,排量,7404.0
2017,4,销售,二轮,二轮,汇总,1257222.0
2017,4,销售,二轮,其它式,车型,0.0
2017,4,销售,二轮,弯梁式,车型,218563.0
2017,4,销售,二轮,踏板式,车型,289419.0
2017,4,销售,二轮,骑式式,车型,749240.0
2017,4,销售,总计,总计,汇总,1469751.0
2017,5,生产,三轮,125ml<排量≤150ml,排量,93431.0
2017,5,生产,三轮,150ml<排量≤250ml,排量,82028.0
2017,5,生产,三轮,250ml<排量≤400ml,排量,472.0
2017,5,生产,三轮,400ml<排量≤750ml,排量,536.0
2017,5,生产,三轮,50ml<排量≤100ml,排量,627.0
2017,5,生产,三轮,排量>750ml,排量,480.0
2017,5,生产,三轮,排量≤50ml,排量,0.0
2017,5,生产,三轮,电动摩托车,排量,0.0
2017,5,生产,三轮,三轮,汇总,177574.0
2017,5,生产,三轮,正三轮,车型,177519.0
2017,5,生产,三轮,边三轮,车型,55.0
2017,5,生产,二轮,100ml<排量≤110ml,排量,230104.0
2017,5,生产,二轮,110ml<排量≤125ml,排量,539570.0
2017,5,生产,二轮,125ml<排量≤150ml,排量,315303.0
2017,5,生产,二轮,150ml<排量≤250ml,排量,83608.0
2017,5,生产,二轮,250ml<排量≤400ml,排量,3006.0
2017,5,生产,二轮,400ml<排量≤750ml,排量,2515.0
2017,5,生产,二轮,50ml<排量≤60ml,排量,0.0
2017,5,生产,二轮,60ml<排量≤70ml,排量,10912.0
2017,5,生产,二轮,70ml<排量≤80ml,排量,1960.0
2017,5,生产,二轮,80ml<排量≤90ml,排量,5794.0
2017,5,生产,二轮,90ml<排量≤100ml,排量,71401.0
2017,5,生产,二轮,排量>750ml,排量,0.0
2017,5,生产,二轮,排量≤50ml,排量,64066.0
2017,5,生产,二轮,电动摩托车,排量,6798.0
2017,5,生产,二轮,二轮,汇总,1335037.0
2017,5,生产,二轮,其它式,车型,0.0
2017,5,生产,二轮,弯梁式,车型,236264.0
2017,5,生产,二轮,踏板式,车型,301972.0
2017,5,生产,二轮,骑式式,车型,796801.0
2017,5,生产,总计,总计,汇总,1512611.0
2017,5,销售,三轮,125ml<排量≤150ml,排量,93095.0
2017,5,销售,三轮,150ml<排量≤250ml,排量,81987.0
2017,5,销售,三轮,250ml<排量≤400ml,排量,486.0
2017,5,销售,三轮,400ml<排量≤750ml,排量,720.0
2017,5,销售,三轮,50ml<排量≤100ml,排量,578.0
2017,5,销售,三轮,排量>750ml,排量,468.0
2017,5,销售,三轮,排量≤50ml,排量,0.0
2017,5,销售,三轮,电动摩托车,排量,0.0
2017,5,销售,三轮,三轮,汇总,177334.0
2017,5,销售,三轮,正三轮,车型,177112.0
2017,5,销售,三轮,边三轮,车型,222.0
2017,5,销售,二轮,100ml<排量≤110ml,排量,227403.0
2017,5,销售,二轮,110ml<排量≤125ml,排量,526782.0
2017,5,销售,二轮,125ml<排量≤150ml,排量,312541.0
2017,5,销售,二轮,150ml<排量≤250ml,排量,89658.0
2017,5,销售,二轮,250ml<排量≤400ml,排量,4497.0
2017,5,销售,二轮,400ml<排量≤750ml,排量,2643.0
2017,5,销售,二轮,50ml<排量≤60ml,排量,0.0
2017,5,销售,二轮,60ml<排量≤70ml,排量,10115.0
2017,5,销售,二轮,70ml<排量≤80ml,排量,2016.0
2017,5,销售,二轮,80ml<排量≤90ml,排量,5919.0
2017,5,销售,二轮,90ml<排量≤100ml,排量,68025.0
2017,5,销售,二轮,排量>750ml,排量,0.0
2017,5,销售,二轮,排量≤50ml,排量,64068.0
2017,5,销售,二轮,电动摩托车,排量,6528.0
2017,5,销售,二轮,二轮,汇总,1320195.0
2017,5,销售,二轮,其它式,车型,0.0
2017,5,销售,二轮,弯梁式,车型,233809.0
2017,5,销售,二轮,踏板式,车型,304878.0
2017,5,销售,二轮,骑式式,车型,781508.0
2017,5,销售,总计,总计,汇总,1497529.0
2017,6,生产,三轮,125ml<排量≤150ml,排量,91066.0
2017,6,生产,三轮,150ml<排量≤250ml,排量,65344.0
2017,6,生产,三轮,250ml<排量≤400ml,排量,626.0
2017,6,生产,三轮,400ml<排量≤750ml,排量,580.0
2017,6,生产,三轮,50ml<排量≤100ml,排量,384.0
2017,6,生产,三轮,排量>750ml,排量,485.0
2017,6,生产,三轮,排量≤50ml,排量,0.0
2017,6,生产,三轮,电动摩托车,排量,0.0
2017,6,生产,三轮,三轮,汇总,158485.0
2017,6,生产,三轮,正三轮,车型,158421.0
2017,6,生产,三轮,边三轮,车型,64.0
2017,6,生产,二轮,100ml<排量≤110ml,排量,237371.0
2017,6,生产,二轮,110ml<排量≤125ml,排量,561391.0
2017,6,生产,二轮,125ml<排量≤150ml,排量,343516.0
2017,6,生产,二轮,150ml<排量≤250ml,排量,95873.0
2017,6,生产,二轮,250ml<排量≤400ml,排量,6610.0
2017,6,生产,二轮,400ml<排量≤750ml,排量,3637.0
2017,6,生产,二轮,50ml<排量≤60ml,排量,0.0
2017,6,生产,二轮,60ml<排量≤70ml,排量,8018.0
2017,6,生产,二轮,70ml<排量≤80ml,排量,2074.0
2017,6,生产,二轮,80ml<排量≤90ml,排量,7454.0
2017,6,生产,二轮,90ml<排量≤100ml,排量,71973.0
2017,6,生产,二轮,排量>750ml,排量,1.0
2017,6,生产,二轮,排量≤50ml,排量,66141.0
2017,6,生产,二轮,电动摩托车,排量,13626.0
2017,6,生产,二轮,二轮,汇总,1417685.0
2017,6,生产,二轮,其它式,车型,0.0
2017,6,生产,二轮,弯梁式,车型,258664.0
2017,6,生产,二轮,踏板式,车型,293464.0
2017,6,生产,二轮,骑式式,车型,865557.0
2017,6,生产,总计,总计,汇总,1576170.0
2017,6,销售,三轮,125ml<排量≤150ml,排量,93656.0
2017,6,销售,三轮,150ml<排量≤250ml,排量,63195.0
2017,6,销售,三轮,250ml<排量≤400ml,排量,495.0
2017,6,销售,三轮,400ml<排量≤750ml,排量,541.0
2017,6,销售,三轮,50ml<排量≤100ml,排量,351.0
2017,6,销售,三轮,排量>750ml,排量,527.0
2017,6,销售,三轮,排量≤50ml,排量,0.0
2017,6,销售,三轮,电动摩托车,排量,0.0
2017,6,销售,三轮,三轮,汇总,158765.0
2017,6,销售,三轮,正三轮,车型,158707.0
2017,6,销售,三轮,边三轮,车型,58.0
2017,6,销售,二轮,100ml<排量≤110ml,排量,229865.0
2017,6,销售,二轮,110ml<排量≤125ml,排量,569034.0
2017,6,销售,二轮,125ml<排量≤150ml,排量,350040.0
2017,6,销售,二轮,150ml<排量≤250ml,排量,92760.0
2017,6,销售,二轮,250ml<排量≤400ml,排量,5722.0
2017,6,销售,二轮,400ml<排量≤750ml,排量,3190.0
2017,6,销售,二轮,50ml<排量≤60ml,排量,0.0
2017,6,销售,二轮,60ml<排量≤70ml,排量,7416.0
2017,6,销售,二轮,70ml<排量≤80ml,排量,2174.0
2017,6,销售,二轮,80ml<排量≤90ml,排量,7488.0
2017,6,销售,二轮,90ml<排量≤100ml,排量,69982.0
2017,6,销售,二轮,排量>750ml,排量,0.0
2017,6,销售,二轮,排量≤50ml,排量,66282.0
2017,6,销售,二轮,电动摩托车,排量,11720.0
2017,6,销售,二轮,二轮,汇总,1415673.0
2017,6,销售,二轮,其它式,车型,0.0
2017,6,销售,二轮,弯梁式,车型,254314.0
2017,6,销售,二轮,踏板式,车型,301513.0
2017,6,销售,二轮,骑式式,车型,859846.0
2017,6,销售,总计,总计,汇总,1574438.0
2017,7,生产,三轮,125ml<排量≤150ml,排量,85099.0
2017,7,生产,三轮,150ml<排量≤250ml,排量,65008.0
2017,7,生产,三轮,250ml<排量≤400ml,排量,526.0
2017,7,生产,三轮,400ml<排量≤750ml,排量,433.0
2017,7,生产,三轮,50ml<排量≤100ml,排量,224.0
2017,7,生产,三轮,排量>750ml,排量,456.0
2017,7,生产,三轮,排量≤50ml,排量,0.0
2017,7,生产,三轮,电动摩托车,排量,166.0
2017,7,生产,三轮,三轮,汇总,151912.0
2017,7,生产,三轮,正三轮,车型,151905.0
2017,7,生产,三轮,边三轮,车型,7.0
2017,7,生产,二轮,100ml<排量≤110ml,排量,208813.0
2017,7,生产,二轮,110ml<排量≤125ml,排量,494748.0
2017,7,生产,二轮,125ml<排量≤150ml,排量,336129.0
2017,7,生产,二轮,150ml<排量≤250ml,排量,87963.0
2017,7,生产,二轮,250ml<排量≤400ml,排量,5067.0
2017,7,生产,二轮,400ml<排量≤750ml,排量,2454.0
2017,7,生产,二轮,50ml<排量≤60ml,排量,0.0
2017,7,生产,二轮,60ml<排量≤70ml,排量,9339.0
2017,7,生产,二轮,70ml<排量≤80ml,排量,1851.0
2017,7,生产,二轮,80ml<排量≤90ml,排量,2214.0
2017,7,生产,二轮,90ml<排量≤100ml,排量,65270.0
2017,7,生产,二轮,排量>750ml,排量,0.0
2017,7,生产,二轮,排量≤50ml,排量,64618.0
2017,7,生产,二轮,电动摩托车,排量,10664.0
2017,7,生产,二轮,二轮,汇总,1289130.0
2017,7,生产,二轮,其它式,车型,0.0
2017,7,生产,二轮,弯梁式,车型,229919.0
2017,7,生产,二轮,踏板式,车型,286926.0
2017,7,生产,二轮,骑式式,车型,772285.0
2017,7,生产,总计,总计,汇总,1441042.0
2017,7,销售,三轮,125ml<排量≤150ml,排量,81633.0
2017,7,销售,三轮,150ml<排量≤250ml,排量,67008.0
2017,7,销售,三轮,250ml<排量≤400ml,排量,509.0
2017,7,销售,三轮,400ml<排量≤750ml,排量,423.0
2017,7,销售,三轮,50ml<排量≤100ml,排量,54.0
2017,7,销售,三轮,排量>750ml,排量,424.0
2017,7,销售,三轮,排量≤50ml,排量,0.0
2017,7,销售,三轮,电动摩托车,排量,166.0
2017,7,销售,三轮,三轮,汇总,150217.0
2017,7,销售,三轮,正三轮,车型,150208.0
2017,7,销售,三轮,边三轮,车型,9.0
2017,7,销售,二轮,100ml<排量≤110ml,排量,213264.0
2017,7,销售,二轮,110ml<排量≤125ml,排量,482661.0
2017,7,销售,二轮,125ml<排量≤150ml,排量,331448.0
2017,7,销售,二轮,150ml<排量≤250ml,排量,87586.0
2017,7,销售,二轮,250ml<排量≤400ml,排量,4433.0
2017,7,销售,二轮,400ml<排量≤750ml,排量,2219.0
2017,7,销售,二轮,50ml<排量≤60ml,排量,0.0
2017,7,销售,二轮,60ml<排量≤70ml,排量,9949.0
2017,7,销售,二轮,70ml<排量≤80ml,排量,1375.0
2017,7,销售,二轮,80ml<排量≤90ml,排量,2223.0
2017,7,销售,二轮,90ml<排量≤100ml,排量,64984.0
2017,7,销售,二轮,排量>750ml,排量,0.0
2017,7,销售,二轮,排量≤50ml,排量,65038.0
2017,7,销售,二轮,电动摩托车,排量,10496.0
2017,7,销售,二轮,二轮,汇总,1275676.0
2017,7,销售,二轮,其它式,车型,0.0
2017,7,销售,二轮,弯梁式,车型,232106.0
2017,7,销售,二轮,踏板式,车型,281186.0
2017,7,销售,二轮,骑式式,车型,762384.0
2017,7,销售,总计,总计,汇总,1425893.0
2017,8,生产,三轮,125ml<排量≤150ml,排量,89356.0
2017,8,生产,三轮,150ml<排量≤250ml,排量,62821.0
2017,8,生产,三轮,250ml<排量≤400ml,排量,515.0
2017,8,生产,三轮,400ml<排量≤750ml,排量,623.0
2017,8,生产,三轮,50ml<排量≤100ml,排量,455.0
2017,8,生产,三轮,排量>750ml,排量,711.0
2017,8,生产,三轮,排量≤50ml,排量,0.0
2017,8,生产,三轮,电动摩托车,排量,151.0
2017,8,生产,三轮,三轮,汇总,154632.0
2017,8,生产,三轮,正三轮,车型,154570.0
2017,8,生产,三轮,边三轮,车型,62.0
2017,8,生产,二轮,100ml<排量≤110ml,排量,195621.0
2017,8,生产,二轮,110ml<排量≤125ml,排量,470942.0
2017,8,生产,二轮,125ml<排量≤150ml,排量,291652.0
2017,8,生产,二轮,150ml<排量≤250ml,排量,83225.0
2017,8,生产,二轮,250ml<排量≤400ml,排量,8364.0
2017,8,生产,二轮,400ml<排量≤750ml,排量,2132.0
2017,8,生产,二轮,50ml<排量≤60ml,排量,0.0
2017,8,生产,二轮,60ml<排量≤70ml,排量,7310.0
2017,8,生产,二轮,70ml<排量≤80ml,排量,1531.0
2017,8,生产,二轮,80ml<排量≤90ml,排量,2764.0
2017,8,生产,二轮,90ml<排量≤100ml,排量,64859.0
2017,8,生产,二轮,排量>750ml,排量,0.0
2017,8,生产,二轮,排量≤50ml,排量,68601.0
2017,8,生产,二轮,电动摩托车,排量,13593.0
2017,8,生产,二轮,二轮,汇总,1210594.0
2017,8,生产,二轮,其它式,车型,0.0
2017,8,生产,二轮,弯梁式,车型,197068.0
2017,8,生产,二轮,踏板式,车型,310668.0
2017,8,生产,二轮,骑式式,车型,702858.0
2017,8,生产,总计,总计,汇总,1365226.0
2017,8,销售,三轮,125ml<排量≤150ml,排量,89961.0
2017,8,销售,三轮,150ml<排量≤250ml,排量,61493.0
2017,8,销售,三轮,250ml<排量≤400ml,排量,645.0
2017,8,销售,三轮,400ml<排量≤750ml,排量,639.0
2017,8,销售,三轮,50ml<排量≤100ml,排量,564.0
2017,8,销售,三轮,排量>750ml,排量,735.0
2017,8,销售,三轮,排量≤50ml,排量,0.0
2017,8,销售,三轮,电动摩托车,排量,151.0
2017,8,销售,三轮,三轮,汇总,154188.0
2017,8,销售,三轮,正三轮,车型,154126.0
2017,8,销售,三轮,边三轮,车型,62.0
2017,8,销售,二轮,100ml<排量≤110ml,排量,195507.0
2017,8,销售,二轮,110ml<排量≤125ml,排量,494559.0
2017,8,销售,二轮,125ml<排量≤150ml,排量,287169.0
2017,8,销售,二轮,150ml<排量≤250ml,排量,76882.0
2017,8,销售,二轮,250ml<排量≤400ml,排量,10098.0
2017,8,销售,二轮,400ml<排量≤750ml,排量,2656.0
2017,8,销售,二轮,50ml<排量≤60ml,排量,0.0
2017,8,销售,二轮,60ml<排量≤70ml,排量,7675.0
2017,8,销售,二轮,70ml<排量≤80ml,排量,551.0
2017,8,销售,二轮,80ml<排量≤90ml,排量,2239.0
2017,8,销售,二轮,90ml<排量≤100ml,排量,66088.0
2017,8,销售,二轮,排量>750ml,排量,0.0
2017,8,销售,二轮,排量≤50ml,排量,70122.0
2017,8,销售,二轮,电动摩托车,排量,12375.0
2017,8,销售,二轮,二轮,汇总,1225921.0
2017,8,销售,二轮,其它式,车型,0.0
2017,8,销售,二轮,弯梁式,车型,197568.0
2017,8,销售,二轮,踏板式,车型,321723.0
2017,8,销售,二轮,骑式式,车型,706630.0
2017,8,销售,总计,总计,汇总,1380109.0
2017,9,生产,三轮,125ml<排量≤150ml,排量,99961.0
2017,9,生产,三轮,150ml<排量≤250ml,排量,67645.0
2017,9,生产,三轮,250ml<排量≤400ml,排量,582.0
2017,9,生产,三轮,400ml<排量≤750ml,排量,548.0
2017,9,生产,三轮,50ml<排量≤100ml,排量,54.0
2017,9,生产,三轮,排量>750ml,排量,619.0
2017,9,生产,三轮,排量≤50ml,排量,0.0
2017,9,生产,三轮,电动摩托车,排量,72.0
2017,9,生产,三轮,三轮,汇总,169481.0
2017,9,生产,三轮,正三轮,车型,169415.0
2017,9,生产,三轮,边三轮,车型,66.0
2017,9,生产,二轮,100ml<排量≤110ml,排量,214560.0
2017,9,生产,二轮,110ml<排量≤125ml,排量,533623.0
2017,9,生产,二轮,125ml<排量≤150ml,排量,298163.0
2017,9,生产,二轮,150ml<排量≤250ml,排量,81246.0
2017,9,生产,二轮,250ml<排量≤400ml,排量,10048.0
2017,9,生产,二轮,400ml<排量≤750ml,排量,2678.0
2017,9,生产,二轮,50ml<排量≤60ml,排量,0.0
2017,9,生产,二轮,60ml<排量≤70ml,排量,10051.0
2017,9,生产,二轮,70ml<排量≤80ml,排量,310.0
2017,9,生产,二轮,80ml<排量≤90ml,排量,3671.0
2017,9,生产,二轮,90ml<排量≤100ml,排量,70886.0
2017,9,生产,二轮,排量>750ml,排量,0.0
2017,9,生产,二轮,排量≤50ml,排量,63145.0
2017,9,生产,二轮,电动摩托车,排量,9004.0
2017,9,生产,二轮,二轮,汇总,1297385.0
2017,9,生产,二轮,其它式,车型,0.0
2017,9,生产,二轮,弯梁式,车型,204911.0
2017,9,生产,二轮,踏板式,车型,326806.0
2017,9,生产,二轮,骑式式,车型,765668.0
2017,9,生产,总计,总计,汇总,1466866.0
2017,9,销售,三轮,125ml<排量≤150ml,排量,101347.0
2017,9,销售,三轮,150ml<排量≤250ml,排量,67157.0
2017,9,销售,三轮,250ml<排量≤400ml,排量,591.0
2017,9,销售,三轮,400ml<排量≤750ml,排量,560.0
2017,9,销售,三轮,50ml<排量≤100ml,排量,54.0
2017,9,销售,三轮,排量>750ml,排量,619.0
2017,9,销售,三轮,排量≤50ml,排量,0.0
2017,9,销售,三轮,电动摩托车,排量,72.0
2017,9,销售,三轮,三轮,汇总,170400.0
2017,9,销售,三轮,正三轮,车型,170335.0
2017,9,销售,三轮,边三轮,车型,65.0
2017,9,销售,二轮,100ml<排量≤110ml,排量,217420.0
2017,9,销售,二轮,110ml<排量≤125ml,排量,548362.0
2017,9,销售,二轮,125ml<排量≤150ml,排量,302805.0
2017,9,销售,二轮,150ml<排量≤250ml,排量,80710.0
2017,9,销售,二轮,250ml<排量≤400ml,排量,9526.0
2017,9,销售,二轮,400ml<排量≤750ml,排量,2267.0
2017,9,销售,二轮,50ml<排量≤60ml,排量,0.0
2017,9,销售,二轮,60ml<排量≤70ml,排量,10028.0
2017,9,销售,二轮,70ml<排量≤80ml,排量,870.0
2017,9,销售,二轮,80ml<排量≤90ml,排量,2924.0
2017,9,销售,二轮,90ml<排量≤100ml,排量,72317.0
2017,9,销售,二轮,排量>750ml,排量,0.0
2017,9,销售,二轮,排量≤50ml,排量,63201.0
2017,9,销售,二轮,电动摩托车,排量,11503.0
2017,9,销售,二轮,二轮,汇总,1321933.0
2017,9,销售,二轮,其它式,车型,0.0
2017,9,销售,二轮,弯梁式,车型,207906.0
2017,9,销售,二轮,踏板式,车型,338561.0
2017,9,销售,二轮,骑式式,车型,775466.0
2017,9,销售,总计,总计,汇总,1492333.0
2017,10,生产,三轮,125ml<排量≤150ml,排量,92104.0
2017,10,生产,三轮,150ml<排量≤250ml,排量,61618.0
2017,10,生产,三轮,250ml<排量≤400ml,排量,743.0
2017,10,生产,三轮,400ml<排量≤750ml,排量,782.0
2017,10,生产,三轮,50ml<排量≤100ml,排量,573.0
2017,10,生产,三轮,排量>750ml,排量,672.0
2017,10,生产,三轮,排量≤50ml,排量,0.0
2017,10,生产,三轮,电动摩托车,排量,253.0
2017,10,生产,三轮,三轮,汇总,156745.0
2017,10,生产,三轮,正三轮,车型,156645.0
2017,10,生产,三轮,边三轮,车型,100.0
2017,10,生产,二轮,100ml<排量≤110ml,排量,203166.0
2017,10,生产,二轮,110ml<排量≤125ml,排量,479996.0
2017,10,生产,二轮,125ml<排量≤150ml,排量,285123.0
2017,10,生产,二轮,150ml<排量≤250ml,排量,73651.0
2017,10,生产,二轮,250ml<排量≤400ml,排量,3960.0
2017,10,生产,二轮,400ml<排量≤750ml,排量,3390.0
2017,10,生产,二轮,50ml<排量≤60ml,排量,0.0
2017,10,生产,二轮,60ml<排量≤70ml,排量,8005.0
2017,10,生产,二轮,70ml<排量≤80ml,排量,2244.0
2017,10,生产,二轮,80ml<排量≤90ml,排量,3448.0
2017,10,生产,二轮,90ml<排量≤100ml,排量,64445.0
2017,10,生产,二轮,排量>750ml,排量,0.0
2017,10,生产,二轮,排量≤50ml,排量,45835.0
2017,10,生产,二轮,电动摩托车,排量,9733.0
2017,10,生产,二轮,二轮,汇总,1182996.0
2017,10,生产,二轮,其它式,车型,0.0
2017,10,生产,二轮,弯梁式,车型,192991.0
2017,10,生产,二轮,踏板式,车型,313505.0
2017,10,生产,二轮,骑式式,车型,676500.0
2017,10,生产,总计,总计,汇总,1339741.0
2017,10,销售,三轮,125ml<排量≤150ml,排量,93122.0
2017,10,销售,三轮,150ml<排量≤250ml,排量,59963.0
2017,10,销售,三轮,250ml<排量≤400ml,排量,576.0
2017,10,销售,三轮,400ml<排量≤750ml,排量,752.0
2017,10,销售,三轮,50ml<排量≤100ml,排量,519.0
2017,10,销售,三轮,排量>750ml,排量,687.0
2017,10,销售,三轮,排量≤50ml,排量,0.0
2017,10,销售,三轮,电动摩托车,排量,253.0
2017,10,销售,三轮,三轮,汇总,155872.0
2017,10,销售,三轮,正三轮,车型,155792.0
2017,10,销售,三轮,边三轮,车型,80.0
2017,10,销售,二轮,100ml<排量≤110ml,排量,206383.0
2017,10,销售,二轮,110ml<排量≤125ml,排量,482737.0
2017,10,销售,二轮,125ml<排量≤150ml,排量,293475.0
2017,10,销售,二轮,150ml<排量≤250ml,排量,77580.0
2017,10,销售,二轮,250ml<排量≤400ml,排量,3790.0
2017,10,销售,二轮,400ml<排量≤750ml,排量,2614.0
2017,10,销售,二轮,50ml<排量≤60ml,排量,0.0
2017,10,销售,二轮,60ml<排量≤70ml,排量,7944.0
2017,10,销售,二轮,70ml<排量≤80ml,排量,2490.0
2017,10,销售,二轮,80ml<排量≤90ml,排量,4567.0
2017,10,销售,二轮,90ml<排量≤100ml,排量,61896.0
2017,10,销售,二轮,排量>750ml,排量,0.0
2017,10,销售,二轮,排量≤50ml,排量,48774.0
2017,10,销售,二轮,电动摩托车,排量,12246.0
2017,10,销售,二轮,二轮,汇总,1204496.0
2017,10,销售,二轮,其它式,车型,0.0
2017,10,销售,二轮,弯梁式,车型,201694.0
2017,10,销售,二轮,踏板式,车型,311355.0
2017,10,销售,二轮,骑式式,车型,691447.0
2017,10,销售,总计,总计,汇总,1360368.0
2017,11,生产,三轮,125ml<排量≤150ml,排量,90116.0
2017,11,生产,三轮,150ml<排量≤250ml,排量,78757.0
2017,11,生产,三轮,250ml<排量≤400ml,排量,909.0
2017,11,生产,三轮,400ml<排量≤750ml,排量,644.0
2017,11,生产,三轮,50ml<排量≤100ml,排量,202.0
2017,11,生产,三轮,排量>750ml,排量,733.0
2017,11,生产,三轮,排量≤50ml,排量,0.0
2017,11,生产,三轮,电动摩托车,排量,318.0
2017,11,生产,三轮,三轮,汇总,171679.0
2017,11,生产,三轮,正三轮,车型,171626.0
2017,11,生产,三轮,边三轮,车型,53.0
2017,11,生产,二轮,100ml<排量≤110ml,排量,227482.0
2017,11,生产,二轮,110ml<排量≤125ml,排量,543331.0
2017,11,生产,二轮,125ml<排量≤150ml,排量,349962.0
2017,11,生产,二轮,150ml<排量≤250ml,排量,70960.0
2017,11,生产,二轮,250ml<排量≤400ml,排量,6187.0
2017,11,生产,二轮,400ml<排量≤750ml,排量,2532.0
2017,11,生产,二轮,50ml<排量≤60ml,排量,0.0
2017,11,生产,二轮,60ml<排量≤70ml,排量,7562.0
2017,11,生产,二轮,70ml<排量≤80ml,排量,1846.0
2017,11,生产,二轮,80ml<排量≤90ml,排量,6123.0
2017,11,生产,二轮,90ml<排量≤100ml,排量,74168.0
2017,11,生产,二轮,排量>750ml,排量,0.0
2017,11,生产,二轮,排量≤50ml,排量,43675.0
2017,11,生产,二轮,电动摩托车,排量,6811.0
2017,11,生产,二轮,二轮,汇总,1340639.0
2017,11,生产,二轮,其它式,车型,0.0
2017,11,生产,二轮,弯梁式,车型,224635.0
2017,11,生产,二轮,踏板式,车型,334500.0
2017,11,生产,二轮,骑式式,车型,781504.0
2017,11,生产,总计,总计,汇总,1512318.0
2017,11,销售,三轮,125ml<排量≤150ml,排量,90101.0
2017,11,销售,三轮,150ml<排量≤250ml,排量,76402.0
2017,11,销售,三轮,250ml<排量≤400ml,排量,844.0
2017,11,销售,三轮,400ml<排量≤750ml,排量,669.0
2017,11,销售,三轮,50ml<排量≤100ml,排量,203.0
2017,11,销售,三轮,排量>750ml,排量,703.0
2017,11,销售,三轮,排量≤50ml,排量,0.0
2017,11,销售,三轮,电动摩托车,排量,318.0
2017,11,销售,三轮,三轮,汇总,169240.0
2017,11,销售,三轮,正三轮,车型,169167.0
2017,11,销售,三轮,边三轮,车型,73.0
2017,11,销售,二轮,100ml<排量≤110ml,排量,215241.0
2017,11,销售,二轮,110ml<排量≤125ml,排量,525368.0
2017,11,销售,二轮,125ml<排量≤150ml,排量,341290.0
2017,11,销售,二轮,150ml<排量≤250ml,排量,66682.0
2017,11,销售,二轮,250ml<排量≤400ml,排量,4754.0
2017,11,销售,二轮,400ml<排量≤750ml,排量,2440.0
2017,11,销售,二轮,50ml<排量≤60ml,排量,0.0
2017,11,销售,二轮,60ml<排量≤70ml,排量,7304.0
2017,11,销售,二轮,70ml<排量≤80ml,排量,2049.0
2017,11,销售,二轮,80ml<排量≤90ml,排量,6050.0
2017,11,销售,二轮,90ml<排量≤100ml,排量,69115.0
2017,11,销售,二轮,排量>750ml,排量,0.0
2017,11,销售,二轮,排量≤50ml,排量,43180.0
2017,11,销售,二轮,电动摩托车,排量,6449.0
2017,11,销售,二轮,二轮,汇总,1289922.0
2017,11,销售,二轮,其它式,车型,0.0
2017,11,销售,二轮,弯梁式,车型,218178.0
2017,11,销售,二轮,踏板式,车型,313121.0
2017,11,销售,二轮,骑式式,车型,758623.0
2017,11,销售,总计,总计,汇总,1459162.0
2017,12,生产,三轮,125ml<排量≤150ml,排量,98018.0
2017,12,生产,三轮,150ml<排量≤250ml,排量,62749.0
2017,12,生产,三轮,250ml<排量≤400ml,排量,713.0
2017,12,生产,三轮,400ml<排量≤750ml,排量,977.0
2017,12,生产,三轮,50ml<排量≤100ml,排量,331.0
2017,12,生产,三轮,排量>750ml,排量,831.0
2017,12,生产,三轮,排量≤50ml,排量,0.0
2017,12,生产,三轮,电动摩托车,排量,239.0
2017,12,生产,三轮,三轮,汇总,163858.0
2017,12,生产,三轮,正三轮,车型,163816.0
2017,12,生产,三轮,边三轮,车型,42.0
2017,12,生产,二轮,100ml<排量≤110ml,排量,258791.0
2017,12,生产,二轮,110ml<排量≤125ml,排量,558083.0
2017,12,生产,二轮,125ml<排量≤150ml,排量,338267.0
2017,12,生产,二轮,150ml<排量≤250ml,排量,77241.0
2017,12,生产,二轮,250ml<排量≤400ml,排量,5520.0
2017,12,生产,二轮,400ml<排量≤750ml,排量,3041.0
2017,12,生产,二轮,50ml<排量≤60ml,排量,0.0
2017,12,生产,二轮,60ml<排量≤70ml,排量,8175.0
2017,12,生产,二轮,70ml<排量≤80ml,排量,1270.0
2017,12,生产,二轮,80ml<排量≤90ml,排量,4265.0
2017,12,生产,二轮,90ml<排量≤100ml,排量,76155.0
2017,12,生产,二轮,排量>750ml,排量,0.0
2017,12,生产,二轮,排量≤50ml,排量,48603.0
2017,12,生产,二轮,电动摩托车,排量,4380.0
2017,12,生产,二轮,二轮,汇总,1383791.0
2017,12,生产,二轮,其它式,车型,0.0
2017,12,生产,二轮,弯梁式,车型,229158.0
2017,12,生产,二轮,踏板式,车型,349560.0
2017,12,生产,二轮,骑式式,车型,805073.0
2017,12,生产,总计,总计,汇总,1547649.0
2017,12,销售,三轮,125ml<排量≤150ml,排量,99480.0
2017,12,销售,三轮,150ml<排量≤250ml,排量,61320.0
2017,12,销售,三轮,250ml<排量≤400ml,排量,742.0
2017,12,销售,三轮,400ml<排量≤750ml,排量,975.0
2017,12,销售,三轮,50ml<排量≤100ml,排量,422.0
2017,12,销售,三轮,排量>750ml,排量,860.0
2017,12,销售,三轮,排量≤50ml,排量,0.0
2017,12,销售,三轮,电动摩托车,排量,239.0
2017,12,销售,三轮,三轮,汇总,164038.0
2017,12,销售,三轮,正三轮,车型,164004.0
2017,12,销售,三轮,边三轮,车型,34.0
2017,12,销售,二轮,100ml<排量≤110ml,排量,242097.0
2017,12,销售,二轮,110ml<排量≤125ml,排量,532535.0
2017,12,销售,二轮,125ml<排量≤150ml,排量,344832.0
2017,12,销售,二轮,150ml<排量≤250ml,排量,75670.0
2017,12,销售,二轮,250ml<排量≤400ml,排量,4170.0
2017,12,销售,二轮,400ml<排量≤750ml,排量,2944.0
2017,12,销售,二轮,50ml<排量≤60ml,排量,0.0
2017,12,销售,二轮,60ml<排量≤70ml,排量,8111.0
2017,12,销售,二轮,70ml<排量≤80ml,排量,1456.0
2017,12,销售,二轮,80ml<排量≤90ml,排量,4248.0
2017,12,销售,二轮,90ml<排量≤100ml,排量,80683.0
2017,12,销售,二轮,排量>750ml,排量,0.0
2017,12,销售,二轮,排量≤50ml,排量,48076.0
2017,12,销售,二轮,电动摩托车,排量,3514.0
2017,12,销售,二轮,二轮,汇总,1348336.0
2017,12,销售,二轮,其它式,车型,0.0
2017,12,销售,二轮,弯梁式,车型,210910.0
2017,12,销售,二轮,踏板式,车型,342045.0
2017,12,销售,二轮,骑式式,车型,795381.0
2017,12,销售,总计,总计,汇总,1512374.0
2018,1,生产,三轮,125ml<排量≤150ml,排量,81114.0
2018,1,生产,三轮,150ml<排量≤250ml,排量,56032.0
2018,1,生产,三轮,250ml<排量≤400ml,排量,1077.0
2018,1,生产,三轮,400ml<排量≤750ml,排量,530.0
2018,1,生产,三轮,50ml<排量≤100ml,排量,701.0
2018,1,生产,三轮,排量>750ml,排量,835.0
2018,1,生产,三轮,排量≤50ml,排量,0.0
2018,1,生产,三轮,电动摩托车,排量,178.0
2018,1,生产,三轮,三轮,汇总,140467.0
2018,1,生产,三轮,正三轮,车型,139838.0
2018,1,生产,三轮,边三轮,车型,629.0
2018,1,生产,二轮,100ml<排量≤110ml,排量,228206.0
2018,1,生产,二轮,110ml<排量≤125ml,排量,559946.0
2018,1,生产,二轮,125ml<排量≤150ml,排量,323925.0
2018,1,生产,二轮,150ml<排量≤250ml,排量,79872.0
2018,1,生产,二轮,250ml<排量≤400ml,排量,5933.0
2018,1,生产,二轮,400ml<排量≤750ml,排量,3696.0
2018,1,生产,二轮,50ml<排量≤60ml,排量,0.0
2018,1,生产,二轮,60ml<排量≤70ml,排量,6985.0
2018,1,生产,二轮,70ml<排量≤80ml,排量,3552.0
2018,1,生产,二轮,80ml<排量≤90ml,排量,3091.0
2018,1,生产,二轮,90ml<排量≤100ml,排量,62975.0
2018,1,生产,二轮,排量>750ml,排量,0.0
2018,1,生产,二轮,排量≤50ml,排量,64165.0
2018,1,生产,二轮,电动摩托车,排量,8299.0
2018,1,生产,二轮,二轮,汇总,1350645.0
2018,1,生产,二轮,其它式,车型,0.0
2018,1,生产,二轮,弯梁式,车型,255097.0
2018,1,生产,二轮,踏板式,车型,309192.0
2018,1,生产,二轮,骑式式,车型,786356.0
2018,1,生产,总计,总计,汇总,1491112.0
2018,1,销售,三轮,125ml<排量≤150ml,排量,80909.0
2018,1,销售,三轮,150ml<排量≤250ml,排量,57072.0
2018,1,销售,三轮,250ml<排量≤400ml,排量,1065.0
2018,1,销售,三轮,400ml<排量≤750ml,排量,549.0
2018,1,销售,三轮,50ml<排量≤100ml,排量,701.0
2018,1,销售,三轮,排量>750ml,排量,744.0
2018,1,销售,三轮,排量≤50ml,排量,0.0
2018,1,销售,三轮,电动摩托车,排量,178.0
2018,1,销售,三轮,三轮,汇总,141218.0
2018,1,销售,三轮,正三轮,车型,140596.0
2018,1,销售,三轮,边三轮,车型,622.0
2018,1,销售,二轮,100ml<排量≤110ml,排量,226165.0
2018,1,销售,二轮,110ml<排量≤125ml,排量,559012.0
2018,1,销售,二轮,125ml<排量≤150ml,排量,310339.0
2018,1,销售,二轮,150ml<排量≤250ml,排量,80794.0
2018,1,销售,二轮,250ml<排量≤400ml,排量,5422.0
2018,1,销售,二轮,400ml<排量≤750ml,排量,3511.0
2018,1,销售,二轮,50ml<排量≤60ml,排量,0.0
2018,1,销售,二轮,60ml<排量≤70ml,排量,6851.0
2018,1,销售,二轮,70ml<排量≤80ml,排量,3552.0
2018,1,销售,二轮,80ml<排量≤90ml,排量,2463.0
2018,1,销售,二轮,90ml<排量≤100ml,排量,64113.0
2018,1,销售,二轮,排量>750ml,排量,1.0
2018,1,销售,二轮,排量≤50ml,排量,64259.0
2018,1,销售,二轮,电动摩托车,排量,8295.0
2018,1,销售,二轮,二轮,汇总,1334777.0
2018,1,销售,二轮,其它式,车型,0.0
2018,1,销售,二轮,弯梁式,车型,256482.0
2018,1,销售,二轮,踏板式,车型,304999.0
2018,1,销售,二轮,骑式式,车型,773296.0
2018,1,销售,总计,总计,汇总,1475995.0
2018,2,生产,三轮,125ml<排量≤150ml,排量,46923.0
2018,2,生产,三轮,150ml<排量≤250ml,排量,41624.0
2018,2,生产,三轮,250ml<排量≤400ml,排量,388.0
2018,2,生产,三轮,400ml<排量≤750ml,排量,276.0
2018,2,生产,三轮,50ml<排量≤100ml,排量,57.0
2018,2,生产,三轮,排量>750ml,排量,319.0
2018,2,生产,三轮,排量≤50ml,排量,0.0
2018,2,生产,三轮,电动摩托车,排量,54.0
2018,2,生产,三轮,三轮,汇总,89641.0
2018,2,生产,三轮,正三轮,车型,89610.0
2018,2,生产,三轮,边三轮,车型,31.0
2018,2,生产,二轮,100ml<排量≤110ml,排量,130993.0
2018,2,生产,二轮,110ml<排量≤125ml,排量,357844.0
2018,2,生产,二轮,125ml<排量≤150ml,排量,190574.0
2018,2,生产,二轮,150ml<排量≤250ml,排量,51635.0
2018,2,生产,二轮,250ml<排量≤400ml,排量,2314.0
2018,2,生产,二轮,400ml<排量≤750ml,排量,2156.0
2018,2,生产,二轮,50ml<排量≤60ml,排量,0.0
2018,2,生产,二轮,60ml<排量≤70ml,排量,6273.0
2018,2,生产,二轮,70ml<排量≤80ml,排量,559.0
2018,2,生产,二轮,80ml<排量≤90ml,排量,2842.0
2018,2,生产,二轮,90ml<排量≤100ml,排量,44861.0
2018,2,生产,二轮,排量>750ml,排量,0.0
2018,2,生产,二轮,排量≤50ml,排量,35742.0
2018,2,生产,二轮,电动摩托车,排量,2986.0
2018,2,生产,二轮,二轮,汇总,828779.0
2018,2,生产,二轮,其它式,车型,0.0
2018,2,生产,二轮,弯梁式,车型,148465.0
2018,2,生产,二轮,踏板式,车型,184665.0
2018,2,生产,二轮,骑式式,车型,495649.0
2018,2,生产,总计,总计,汇总,918420.0
2018,2,销售,三轮,125ml<排量≤150ml,排量,44787.0
2018,2,销售,三轮,150ml<排量≤250ml,排量,41109.0
2018,2,销售,三轮,250ml<排量≤400ml,排量,416.0
2018,2,销售,三轮,400ml<排量≤750ml,排量,270.0
2018,2,销售,三轮,50ml<排量≤100ml,排量,57.0
2018,2,销售,三轮,排量>750ml,排量,308.0
2018,2,销售,三轮,排量≤50ml,排量,0.0
2018,2,销售,三轮,电动摩托车,排量,54.0
2018,2,销售,三轮,三轮,汇总,87001.0
2018,2,销售,三轮,正三轮,车型,86947.0
2018,2,销售,三轮,边三轮,车型,54.0
2018,2,销售,二轮,100ml<排量≤110ml,排量,140260.0
2018,2,销售,二轮,110ml<排量≤125ml,排量,382883.0
2018,2,销售,二轮,125ml<排量≤150ml,排量,199517.0
2018,2,销售,二轮,150ml<排量≤250ml,排量,50974.0
2018,2,销售,二轮,250ml<排量≤400ml,排量,2985.0
2018,2,销售,二轮,400ml<排量≤750ml,排量,1928.0
2018,2,销售,二轮,50ml<排量≤60ml,排量,0.0
2018,2,销售,二轮,60ml<排量≤70ml,排量,6600.0
2018,2,销售,二轮,70ml<排量≤80ml,排量,789.0
2018,2,销售,二轮,80ml<排量≤90ml,排量,2809.0
2018,2,销售,二轮,90ml<排量≤100ml,排量,44191.0
2018,2,销售,二轮,排量>750ml,排量,0.0
2018,2,销售,二轮,排量≤50ml,排量,37644.0
2018,2,销售,二轮,电动摩托车,排量,3280.0
2018,2,销售,二轮,二轮,汇总,873860.0
2018,2,销售,二轮,其它式,车型,0.0
2018,2,销售,二轮,弯梁式,车型,163738.0
2018,2,销售,二轮,踏板式,车型,195905.0
2018,2,销售,二轮,骑式式,车型,514217.0
2018,2,销售,总计,总计,汇总,960861.0
2018,3,生产,三轮,125ml<排量≤150ml,排量,86660.0
2018,3,生产,三轮,150ml<排量≤250ml,排量,73975.0
2018,3,生产,三轮,250ml<排量≤400ml,排量,1031.0
2018,3,生产,三轮,400ml<排量≤750ml,排量,629.0
2018,3,生产,三轮,50ml<排量≤100ml,排量,252.0
2018,3,生产,三轮,排量>750ml,排量,961.0
2018,3,生产,三轮,排量≤50ml,排量,0.0
2018,3,生产,三轮,电动摩托车,排量,64.0
2018,3,生产,三轮,三轮,汇总,163572.0
2018,3,生产,三轮,正三轮,车型,163402.0
2018,3,生产,三轮,边三轮,车型,170.0
2018,3,生产,二轮,100ml<排量≤110ml,排量,214586.0
2018,3,生产,二轮,110ml<排量≤125ml,排量,530041.0
2018,3,生产,二轮,125ml<排量≤150ml,排量,294562.0
2018,3,生产,二轮,150ml<排量≤250ml,排量,75874.0
2018,3,生产,二轮,250ml<排量≤400ml,排量,6239.0
2018,3,生产,二轮,400ml<排量≤750ml,排量,3540.0
2018,3,生产,二轮,50ml<排量≤60ml,排量,0.0
2018,3,生产,二轮,60ml<排量≤70ml,排量,6455.0
2018,3,生产,二轮,70ml<排量≤80ml,排量,535.0
2018,3,生产,二轮,80ml<排量≤90ml,排量,4474.0
2018,3,生产,二轮,90ml<排量≤100ml,排量,57124.0
2018,3,生产,二轮,排量>750ml,排量,0.0
2018,3,生产,二轮,排量≤50ml,排量,65150.0
2018,3,生产,二轮,电动摩托车,排量,4267.0
2018,3,生产,二轮,二轮,汇总,1262847.0
2018,3,生产,二轮,其它式,车型,1.0
2018,3,生产,二轮,弯梁式,车型,212334.0
2018,3,生产,二轮,踏板式,车型,293498.0
2018,3,生产,二轮,骑式式,车型,757014.0
2018,3,生产,总计,总计,汇总,1426419.0
2018,3,销售,三轮,125ml<排量≤150ml,排量,87158.0
2018,3,销售,三轮,150ml<排量≤250ml,排量,76229.0
2018,3,销售,三轮,250ml<排量≤400ml,排量,1011.0
2018,3,销售,三轮,400ml<排量≤750ml,排量,585.0
2018,3,销售,三轮,50ml<排量≤100ml,排量,252.0
2018,3,销售,三轮,排量>750ml,排量,885.0
2018,3,销售,三轮,排量≤50ml,排量,0.0
2018,3,销售,三轮,电动摩托车,排量,64.0
2018,3,销售,三轮,三轮,汇总,166184.0
2018,3,销售,三轮,正三轮,车型,166034.0
2018,3,销售,三轮,边三轮,车型,150.0
2018,3,销售,二轮,100ml<排量≤110ml,排量,202728.0
2018,3,销售,二轮,110ml<排量≤125ml,排量,534263.0
2018,3,销售,二轮,125ml<排量≤150ml,排量,300660.0
2018,3,销售,二轮,150ml<排量≤250ml,排量,80225.0
2018,3,销售,二轮,250ml<排量≤400ml,排量,6944.0
2018,3,销售,二轮,400ml<排量≤750ml,排量,3562.0
2018,3,销售,二轮,50ml<排量≤60ml,排量,0.0
2018,3,销售,二轮,60ml<排量≤70ml,排量,6721.0
2018,3,销售,二轮,70ml<排量≤80ml,排量,491.0
2018,3,销售,二轮,80ml<排量≤90ml,排量,4552.0
2018,3,销售,二轮,90ml<排量≤100ml,排量,59884.0
2018,3,销售,二轮,排量>750ml,排量,0.0
2018,3,销售,二轮,排量≤50ml,排量,64334.0
2018,3,销售,二轮,电动摩托车,排量,5095.0
2018,3,销售,二轮,二轮,汇总,1269459.0
2018,3,销售,二轮,其它式,车型,0.0
2018,3,销售,二轮,弯梁式,车型,213933.0
2018,3,销售,二轮,踏板式,车型,297517.0
2018,3,销售,二轮,骑式式,车型,758009.0
2018,3,销售,总计,总计,汇总,1435643.0
2018,4,生产,三轮,100ml<排量≤150ml,排量,76305.0
2018,4,生产,三轮,150ml<排量≤250ml,排量,66448.0
2018,4,生产,三轮,250ml<排量≤400ml,排量,921.0
2018,4,生产,三轮,400ml<排量≤750ml,排量,615.0
2018,4,生产,三轮,50ml<排量≤100ml,排量,252.0
2018,4,生产,三轮,排量>750ml,排量,490.0
2018,4,生产,三轮,排量≤50ml,排量,0.0
2018,4,生产,三轮,电动摩托车,排量,150.0
2018,4,生产,三轮,三轮,汇总,145181.0
2018,4,生产,三轮,正三轮,车型,145114.0
2018,4,生产,三轮,边三轮,车型,67.0
2018,4,生产,二轮,100ml<排量≤110ml,排量,210112.0
2018,4,生产,二轮,110ml<排量≤125ml,排量,477652.0
2018,4,生产,二轮,125ml<排量≤150ml,排量,296477.0
2018,4,生产,二轮,150ml<排量≤250ml,排量,91067.0
2018,4,生产,二轮,250ml<排量≤400ml,排量,4304.0
2018,4,生产,二轮,400ml<排量≤750ml,排量,4223.0
2018,4,生产,二轮,50ml<排量≤60ml,排量,0.0
2018,4,生产,二轮,60ml<排量≤70ml,排量,6940.0
2018,4,生产,二轮,70ml<排量≤80ml,排量,756.0
2018,4,生产,二轮,80ml<排量≤90ml,排量,2673.0
2018,4,生产,二轮,90ml<排量≤100ml,排量,58445.0
2018,4,生产,二轮,排量>750ml,排量,0.0
2018,4,生产,二轮,排量≤50ml,排量,74672.0
2018,4,生产,二轮,电动摩托车,排量,4617.0
2018,4,生产,二轮,二轮,汇总,1231938.0
2018,4,生产,二轮,其它式,车型,0.0
2018,4,生产,二轮,弯梁式,车型,232188.0
2018,4,生产,二轮,踏板式,车型,294263.0
2018,4,生产,二轮,骑式式,车型,705487.0
2018,4,生产,总计,总计,汇总,1377119.0
2018,4,销售,三轮,100ml<排量≤150ml,排量,72296.0
2018,4,销售,三轮,150ml<排量≤250ml,排量,57681.0
2018,4,销售,三轮,250ml<排量≤400ml,排量,801.0
2018,4,销售,三轮,400ml<排量≤750ml,排量,667.0
2018,4,销售,三轮,50ml<排量≤100ml,排量,232.0
2018,4,销售,三轮,排量>750ml,排量,426.0
2018,4,销售,三轮,排量≤50ml,排量,0.0
2018,4,销售,三轮,电动摩托车,排量,150.0
2018,4,销售,三轮,三轮,汇总,132253.0
2018,4,销售,三轮,正三轮,车型,132178.0
2018,4,销售,三轮,边三轮,车型,75.0
2018,4,销售,二轮,100ml<排量≤110ml,排量,205560.0
2018,4,销售,二轮,110ml<排量≤125ml,排量,479263.0
2018,4,销售,二轮,125ml<排量≤150ml,排量,293551.0
2018,4,销售,二轮,150ml<排量≤250ml,排量,86911.0
2018,4,销售,二轮,250ml<排量≤400ml,排量,4454.0
2018,4,销售,二轮,400ml<排量≤750ml,排量,4144.0
2018,4,销售,二轮,50ml<排量≤60ml,排量,0.0
2018,4,销售,二轮,60ml<排量≤70ml,排量,6951.0
2018,4,销售,二轮,70ml<排量≤80ml,排量,795.0
2018,4,销售,二轮,80ml<排量≤90ml,排量,3560.0
2018,4,销售,二轮,90ml<排量≤100ml,排量,56516.0
2018,4,销售,二轮,排量>750ml,排量,0.0
2018,4,销售,二轮,排量≤50ml,排量,71265.0
2018,4,销售,二轮,电动摩托车,排量,4653.0
2018,4,销售,二轮,二轮,汇总,1217623.0
2018,4,销售,二轮,其它式,车型,0.0
2018,4,销售,二轮,弯梁式,车型,232852.0
2018,4,销售,二轮,踏板式,车型,288655.0
2018,4,销售,二轮,骑式式,车型,696116.0
2018,4,销售,总计,总计,汇总,1349876.0
2018,5,生产,三轮,100ml<排量≤150ml,排量,80445.0
2018,5,生产,三轮,150ml<排量≤250ml,排量,58291.0
2018,5,生产,三轮,250ml<排量≤400ml,排量,761.0
2018,5,生产,三轮,400ml<排量≤750ml,排量,424.0
2018,5,生产,三轮,50ml<排量≤100ml,排量,254.0
2018,5,生产,三轮,排量>750ml,排量,563.0
2018,5,生产,三轮,排量≤50ml,排量,0.0
2018,5,生产,三轮,电动摩托车,排量,97.0
2018,5,生产,三轮,三轮,汇总,140835.0
2018,5,生产,三轮,正三轮,车型,140799.0
2018,5,生产,三轮,边三轮,车型,36.0
2018,5,生产,二轮,100ml<排量≤110ml,排量,230287.0
2018,5,生产,二轮,110ml<排量≤125ml,排量,524962.0
2018,5,生产,二轮,125ml<排量≤150ml,排量,289674.0
2018,5,生产,二轮,150ml<排量≤250ml,排量,89470.0
2018,5,生产,二轮,250ml<排量≤400ml,排量,5153.0
2018,5,生产,二轮,400ml<排量≤750ml,排量,4654.0
2018,5,生产,二轮,50ml<排量≤60ml,排量,0.0
2018,5,生产,二轮,60ml<排量≤70ml,排量,7183.0
2018,5,生产,二轮,70ml<排量≤80ml,排量,1920.0
2018,5,生产,二轮,80ml<排量≤90ml,排量,2899.0
2018,5,生产,二轮,90ml<排量≤100ml,排量,59852.0
2018,5,生产,二轮,排量>750ml,排量,0.0
2018,5,生产,二轮,排量≤50ml,排量,78677.0
2018,5,生产,二轮,电动摩托车,排量,4823.0
2018,5,生产,二轮,二轮,汇总,1299554.0
2018,5,生产,二轮,其它式,车型,0.0
2018,5,生产,二轮,弯梁式,车型,240831.0
2018,5,生产,二轮,踏板式,车型,309376.0
2018,5,生产,二轮,骑式式,车型,749347.0
2018,5,生产,总计,总计,汇总,1440389.0
2018,5,销售,三轮,100ml<排量≤150ml,排量,75689.0
2018,5,销售,三轮,150ml<排量≤250ml,排量,66782.0
2018,5,销售,三轮,250ml<排量≤400ml,排量,776.0
2018,5,销售,三轮,400ml<排量≤750ml,排量,404.0
2018,5,销售,三轮,50ml<排量≤100ml,排量,274.0
2018,5,销售,三轮,排量>750ml,排量,560.0
2018,5,销售,三轮,排量≤50ml,排量,0.0
2018,5,销售,三轮,电动摩托车,排量,97.0
2018,5,销售,三轮,三轮,汇总,144582.0
2018,5,销售,三轮,正三轮,车型,144542.0
2018,5,销售,三轮,边三轮,车型,40.0
2018,5,销售,二轮,100ml<排量≤110ml,排量,220083.0
2018,5,销售,二轮,110ml<排量≤125ml,排量,522582.0
2018,5,销售,二轮,125ml<排量≤150ml,排量,283732.0
2018,5,销售,二轮,150ml<排量≤250ml,排量,90291.0
2018,5,销售,二轮,250ml<排量≤400ml,排量,4960.0
2018,5,销售,二轮,400ml<排量≤750ml,排量,4012.0
2018,5,销售,二轮,50ml<排量≤60ml,排量,0.0
2018,5,销售,二轮,60ml<排量≤70ml,排量,7181.0
2018,5,销售,二轮,70ml<排量≤80ml,排量,1864.0
2018,5,销售,二轮,80ml<排量≤90ml,排量,3056.0
2018,5,销售,二轮,90ml<排量≤100ml,排量,59300.0
2018,5,销售,二轮,排量>750ml,排量,0.0
2018,5,销售,二轮,排量≤50ml,排量,78800.0
2018,5,销售,二轮,电动摩托车,排量,4669.0
2018,5,销售,二轮,二轮,汇总,1280530.0
2018,5,销售,二轮,其它式,车型,0.0
2018,5,销售,二轮,弯梁式,车型,231829.0
2018,5,销售,二轮,踏板式,车型,309620.0
2018,5,销售,二轮,骑式式,车型,739081.0
2018,5,销售,总计,总计,汇总,1425112.0
2018,6,生产,三轮,100ml<排量≤150ml,排量,69806.0
2018,6,生产,三轮,150ml<排量≤250ml,排量,45137.0
2018,6,生产,三轮,250ml<排量≤400ml,排量,609.0
2018,6,生产,三轮,400ml<排量≤750ml,排量,413.0
2018,6,生产,三轮,50ml<排量≤100ml,排量,351.0
2018,6,生产,三轮,排量>750ml,排量,370.0
2018,6,生产,三轮,排量≤50ml,排量,0.0
2018,6,生产,三轮,电动摩托车,排量,2152.0
2018,6,生产,三轮,三轮,汇总,118838.0
2018,6,生产,三轮,正三轮,车型,118759.0
2018,6,生产,三轮,边三轮,车型,79.0
2018,6,生产,二轮,100ml<排量≤110ml,排量,202185.0
2018,6,生产,二轮,110ml<排量≤125ml,排量,498072.0
2018,6,生产,二轮,125ml<排量≤150ml,排量,297722.0
2018,6,生产,二轮,150ml<排量≤250ml,排量,97291.0
2018,6,生产,二轮,250ml<排量≤400ml,排量,5352.0
2018,6,生产,二轮,400ml<排量≤750ml,排量,5212.0
2018,6,生产,二轮,50ml<排量≤60ml,排量,0.0
2018,6,生产,二轮,60ml<排量≤70ml,排量,8046.0
2018,6,生产,二轮,70ml<排量≤80ml,排量,710.0
2018,6,生产,二轮,80ml<排量≤90ml,排量,2301.0
2018,6,生产,二轮,90ml<排量≤100ml,排量,55121.0
2018,6,生产,二轮,排量>750ml,排量,0.0
2018,6,生产,二轮,排量≤50ml,排量,60943.0
2018,6,生产,二轮,电动摩托车,排量,6632.0
2018,6,生产,二轮,二轮,汇总,1239587.0
2018,6,生产,二轮,其它式,车型,0.0
2018,6,生产,二轮,弯梁式,车型,227046.0
2018,6,生产,二轮,踏板式,车型,290172.0
2018,6,生产,二轮,骑式式,车型,722369.0
2018,6,生产,总计,总计,汇总,1358425.0
2018,6,销售,三轮,100ml<排量≤150ml,排量,71011.0
2018,6,销售,三轮,150ml<排量≤250ml,排量,45779.0
2018,6,销售,三轮,250ml<排量≤400ml,排量,645.0
2018,6,销售,三轮,400ml<排量≤750ml,排量,391.0
2018,6,销售,三轮,50ml<排量≤100ml,排量,351.0
2018,6,销售,三轮,排量>750ml,排量,354.0
2018,6,销售,三轮,排量≤50ml,排量,0.0
2018,6,销售,三轮,电动摩托车,排量,2152.0
2018,6,销售,三轮,三轮,汇总,120683.0
2018,6,销售,三轮,正三轮,车型,120598.0
2018,6,销售,三轮,边三轮,车型,85.0
2018,6,销售,二轮,100ml<排量≤110ml,排量,208647.0
2018,6,销售,二轮,110ml<排量≤125ml,排量,503525.0
2018,6,销售,二轮,125ml<排量≤150ml,排量,295893.0
2018,6,销售,二轮,150ml<排量≤250ml,排量,97372.0
2018,6,销售,二轮,250ml<排量≤400ml,排量,5328.0
2018,6,销售,二轮,400ml<排量≤750ml,排量,5231.0
2018,6,销售,二轮,50ml<排量≤60ml,排量,0.0
2018,6,销售,二轮,60ml<排量≤70ml,排量,8421.0
2018,6,销售,二轮,70ml<排量≤80ml,排量,534.0
2018,6,销售,二轮,80ml<排量≤90ml,排量,2520.0
2018,6,销售,二轮,90ml<排量≤100ml,排量,54954.0
2018,6,销售,二轮,排量>750ml,排量,0.0
2018,6,销售,二轮,排量≤50ml,排量,62551.0
2018,6,销售,二轮,电动摩托车,排量,5964.0
2018,6,销售,二轮,二轮,汇总,1250940.0
2018,6,销售,二轮,其它式,车型,0.0
2018,6,销售,二轮,弯梁式,车型,230863.0
2018,6,销售,二轮,踏板式,车型,292036.0
2018,6,销售,二轮,骑式式,车型,728041.0
2018,6,销售,总计,总计,汇总,1371623.0
2018,7,生产,三轮,100ml<排量≤150ml,排量,67369.0
2018,7,生产,三轮,150ml<排量≤250ml,排量,47959.0
2018,7,生产,三轮,250ml<排量≤400ml,排量,764.0
2018,7,生产,三轮,400ml<排量≤750ml,排量,211.0
2018,7,生产,三轮,50ml<排量≤100ml,排量,57.0
2018,7,生产,三轮,排量>750ml,排量,689.0
2018,7,生产,三轮,排量≤50ml,排量,0.0
2018,7,生产,三轮,电动摩托车,排量,94.0
2018,7,生产,三轮,三轮,汇总,117143.0
2018,7,生产,三轮,正三轮,车型,117035.0
2018,7,生产,三轮,边三轮,车型,108.0
2018,7,生产,二轮,100ml<排量≤110ml,排量,208579.0
2018,7,生产,二轮,110ml<排量≤125ml,排量,455582.0
2018,7,生产,二轮,125ml<排量≤150ml,排量,281078.0
2018,7,生产,二轮,150ml<排量≤250ml,排量,82903.0
2018,7,生产,二轮,250ml<排量≤400ml,排量,6205.0
2018,7,生产,二轮,400ml<排量≤750ml,排量,4755.0
2018,7,生产,二轮,50ml<排量≤60ml,排量,0.0
2018,7,生产,二轮,60ml<排量≤70ml,排量,8546.0
2018,7,生产,二轮,70ml<排量≤80ml,排量,279.0
2018,7,生产,二轮,80ml<排量≤90ml,排量,3729.0
2018,7,生产,二轮,90ml<排量≤100ml,排量,54897.0
2018,7,生产,二轮,排量>750ml,排量,0.0
2018,7,生产,二轮,排量≤50ml,排量,60267.0
2018,7,生产,二轮,电动摩托车,排量,8963.0
2018,7,生产,二轮,二轮,汇总,1175783.0
2018,7,生产,二轮,其它式,车型,0.0
2018,7,生产,二轮,弯梁式,车型,203835.0
2018,7,生产,二轮,踏板式,车型,272904.0
2018,7,生产,二轮,骑式式,车型,699044.0
2018,7,生产,总计,总计,汇总,1292926.0
2018,7,销售,三轮,100ml<排量≤150ml,排量,69672.0
2018,7,销售,三轮,150ml<排量≤250ml,排量,49554.0
2018,7,销售,三轮,250ml<排量≤400ml,排量,812.0
2018,7,销售,三轮,400ml<排量≤750ml,排量,245.0
2018,7,销售,三轮,50ml<排量≤100ml,排量,55.0
2018,7,销售,三轮,排量>750ml,排量,682.0
2018,7,销售,三轮,排量≤50ml,排量,0.0
2018,7,销售,三轮,电动摩托车,排量,94.0
2018,7,销售,三轮,三轮,汇总,121114.0
2018,7,销售,三轮,正三轮,车型,121011.0
2018,7,销售,三轮,边三轮,车型,103.0
2018,7,销售,二轮,100ml<排量≤110ml,排量,208387.0
2018,7,销售,二轮,110ml<排量≤125ml,排量,459260.0
2018,7,销售,二轮,125ml<排量≤150ml,排量,287094.0
2018,7,销售,二轮,150ml<排量≤250ml,排量,83697.0
2018,7,销售,二轮,250ml<排量≤400ml,排量,6062.0
2018,7,销售,二轮,400ml<排量≤750ml,排量,3940.0
2018,7,销售,二轮,50ml<排量≤60ml,排量,0.0
2018,7,销售,二轮,60ml<排量≤70ml,排量,8396.0
2018,7,销售,二轮,70ml<排量≤80ml,排量,279.0
2018,7,销售,二轮,80ml<排量≤90ml,排量,3512.0
2018,7,销售,二轮,90ml<排量≤100ml,排量,52074.0
2018,7,销售,二轮,排量>750ml,排量,0.0
2018,7,销售,二轮,排量≤50ml,排量,63624.0
2018,7,销售,二轮,电动摩托车,排量,5784.0
2018,7,销售,二轮,二轮,汇总,1182109.0
2018,7,销售,二轮,其它式,车型,0.0
2018,7,销售,二轮,弯梁式,车型,202303.0
2018,7,销售,二轮,踏板式,车型,261880.0
2018,7,销售,二轮,骑式式,车型,717926.0
2018,7,销售,总计,总计,汇总,1303223.0
2018,8,生产,三轮,100ml<排量≤150ml,排量,72650.0
2018,8,生产,三轮,150ml<排量≤250ml,排量,45113.0
2018,8,生产,三轮,250ml<排量≤400ml,排量,716.0
2018,8,生产,三轮,400ml<排量≤750ml,排量,252.0
2018,8,生产,三轮,50ml<排量≤100ml,排量,55.0
2018,8,生产,三轮,排量>750ml,排量,524.0
2018,8,生产,三轮,排量≤50ml,排量,0.0
2018,8,生产,三轮,电动摩托车,排量,4632.0
2018,8,生产,三轮,三轮,汇总,123942.0
2018,8,生产,三轮,正三轮,车型,123867.0
2018,8,生产,三轮,边三轮,车型,75.0
2018,8,生产,二轮,100ml<排量≤110ml,排量,186494.0
2018,8,生产,二轮,110ml<排量≤125ml,排量,422109.0
2018,8,生产,二轮,125ml<排量≤150ml,排量,264423.0
2018,8,生产,二轮,150ml<排量≤250ml,排量,79332.0
2018,8,生产,二轮,250ml<排量≤400ml,排量,5885.0
2018,8,生产,二轮,400ml<排量≤750ml,排量,2925.0
2018,8,生产,二轮,50ml<排量≤60ml,排量,0.0
2018,8,生产,二轮,60ml<排量≤70ml,排量,7599.0
2018,8,生产,二轮,70ml<排量≤80ml,排量,566.0
2018,8,生产,二轮,80ml<排量≤90ml,排量,3668.0
2018,8,生产,二轮,90ml<排量≤100ml,排量,55981.0
2018,8,生产,二轮,排量>750ml,排量,0.0
2018,8,生产,二轮,排量≤50ml,排量,59718.0
2018,8,生产,二轮,电动摩托车,排量,11025.0
2018,8,生产,二轮,二轮,汇总,1099725.0
2018,8,生产,二轮,其它式,车型,0.0
2018,8,生产,二轮,弯梁式,车型,184093.0
2018,8,生产,二轮,踏板式,车型,258292.0
2018,8,生产,二轮,骑式式,车型,657340.0
2018,8,生产,总计,总计,汇总,1223667.0
2018,8,销售,三轮,100ml<排量≤150ml,排量,75460.0
2018,8,销售,三轮,150ml<排量≤250ml,排量,45969.0
2018,8,销售,三轮,250ml<排量≤400ml,排量,679.0
2018,8,销售,三轮,400ml<排量≤750ml,排量,251.0
2018,8,销售,三轮,50ml<排量≤100ml,排量,55.0
2018,8,销售,三轮,排量>750ml,排量,519.0
2018,8,销售,三轮,排量≤50ml,排量,0.0
2018,8,销售,三轮,电动摩托车,排量,4632.0
2018,8,销售,三轮,三轮,汇总,127565.0
2018,8,销售,三轮,正三轮,车型,127565.0
2018,8,销售,三轮,边三轮,车型,0.0
2018,8,销售,二轮,100ml<排量≤110ml,排量,180146.0
2018,8,销售,二轮,110ml<排量≤125ml,排量,431666.0
2018,8,销售,二轮,125ml<排量≤150ml,排量,269269.0
2018,8,销售,二轮,150ml<排量≤250ml,排量,80344.0
2018,8,销售,二轮,250ml<排量≤400ml,排量,5735.0
2018,8,销售,二轮,400ml<排量≤750ml,排量,3072.0
2018,8,销售,二轮,50ml<排量≤60ml,排量,0.0
2018,8,销售,二轮,60ml<排量≤70ml,排量,7406.0
2018,8,销售,二轮,70ml<排量≤80ml,排量,566.0
2018,8,销售,二轮,80ml<排量≤90ml,排量,3647.0
2018,8,销售,二轮,90ml<排量≤100ml,排量,51635.0
2018,8,销售,二轮,排量>750ml,排量,0.0
2018,8,销售,二轮,排量≤50ml,排量,56981.0
2018,8,销售,二轮,电动摩托车,排量,9030.0
2018,8,销售,二轮,二轮,汇总,1099497.0
2018,8,销售,二轮,其它式,车型,0.0
2018,8,销售,二轮,弯梁式,车型,189618.0
2018,8,销售,二轮,踏板式,车型,254605.0
2018,8,销售,二轮,骑式式,车型,655274.0
2018,8,销售,总计,总计,汇总,1227062.0
2018,9,生产,三轮,100ml<排量≤150ml,排量,71841.0
2018,9,生产,三轮,150ml<排量≤250ml,排量,44437.0
2018,9,生产,三轮,250ml<排量≤400ml,排量,797.0
2018,9,生产,三轮,400ml<排量≤750ml,排量,322.0
2018,9,生产,三轮,50ml<排量≤100ml,排量,155.0
2018,9,生产,三轮,排量>750ml,排量,617.0
2018,9,生产,三轮,排量≤50ml,排量,0.0
2018,9,生产,三轮,电动摩托车,排量,480.0
2018,9,生产,三轮,三轮,汇总,118649.0
2018,9,生产,三轮,正三轮,车型,118649.0
2018,9,生产,三轮,边三轮,车型,0.0
2018,9,生产,二轮,100ml<排量≤110ml,排量,193584.0
2018,9,生产,二轮,110ml<排量≤125ml,排量,470157.0
2018,9,生产,二轮,125ml<排量≤150ml,排量,272450.0
2018,9,生产,二轮,150ml<排量≤250ml,排量,73210.0
2018,9,生产,二轮,250ml<排量≤400ml,排量,5038.0
2018,9,生产,二轮,400ml<排量≤750ml,排量,3812.0
2018,9,生产,二轮,50ml<排量≤60ml,排量,0.0
2018,9,生产,二轮,60ml<排量≤70ml,排量,7521.0
2018,9,生产,二轮,70ml<排量≤80ml,排量,1786.0
2018,9,生产,二轮,80ml<排量≤90ml,排量,2488.0
2018,9,生产,二轮,90ml<排量≤100ml,排量,53490.0
2018,9,生产,二轮,排量>750ml,排量,0.0
2018,9,生产,二轮,排量≤50ml,排量,61193.0
2018,9,生产,二轮,电动摩托车,排量,13605.0
2018,9,生产,二轮,二轮,汇总,1158334.0
2018,9,生产,二轮,其它式,车型,0.0
2018,9,生产,二轮,弯梁式,车型,180772.0
2018,9,生产,二轮,踏板式,车型,278063.0
2018,9,生产,二轮,骑式式,车型,699499.0
2018,9,生产,总计,总计,汇总,1276983.0
2018,9,销售,三轮,100ml<排量≤150ml,排量,74857.0
2018,9,销售,三轮,150ml<排量≤250ml,排量,45535.0
2018,9,销售,三轮,250ml<排量≤400ml,排量,819.0
2018,9,销售,三轮,400ml<排量≤750ml,排量,316.0
2018,9,销售,三轮,50ml<排量≤100ml,排量,155.0
2018,9,销售,三轮,排量>750ml,排量,571.0
2018,9,销售,三轮,排量≤50ml,排量,0.0
2018,9,销售,三轮,电动摩托车,排量,480.0
2018,9,销售,三轮,三轮,汇总,122733.0
2018,9,销售,三轮,正三轮,车型,122713.0
2018,9,销售,三轮,边三轮,车型,20.0
2018,9,销售,二轮,100ml<排量≤110ml,排量,188455.0
2018,9,销售,二轮,110ml<排量≤125ml,排量,477490.0
2018,9,销售,二轮,125ml<排量≤150ml,排量,274797.0
2018,9,销售,二轮,150ml<排量≤250ml,排量,73324.0
2018,9,销售,二轮,250ml<排量≤400ml,排量,4978.0
2018,9,销售,二轮,400ml<排量≤750ml,排量,2203.0
2018,9,销售,二轮,50ml<排量≤60ml,排量,0.0
2018,9,销售,二轮,60ml<排量≤70ml,排量,7480.0
2018,9,销售,二轮,70ml<排量≤80ml,排量,285.0
2018,9,销售,二轮,80ml<排量≤90ml,排量,2405.0
2018,9,销售,二轮,90ml<排量≤100ml,排量,53553.0
2018,9,销售,二轮,排量>750ml,排量,0.0
2018,9,销售,二轮,排量≤50ml,排量,61412.0
2018,9,销售,二轮,电动摩托车,排量,12282.0
2018,9,销售,二轮,二轮,汇总,1158664.0
2018,9,销售,二轮,其它式,车型,0.0
2018,9,销售,二轮,弯梁式,车型,182109.0
2018,9,销售,二轮,踏板式,车型,285957.0
2018,9,销售,二轮,骑式式,车型,690598.0
2018,9,销售,总计,总计,汇总,1281397.0
2018,10,生产,三轮,100ml<排量≤150ml,排量,69112.0
2018,10,生产,三轮,150ml<排量≤250ml,排量,52190.0
2018,10,生产,三轮,250ml<排量≤400ml,排量,1111.0
2018,10,生产,三轮,400ml<排量≤750ml,排量,675.0
2018,10,生产,三轮,50ml<排量≤100ml,排量,405.0
2018,10,生产,三轮,排量>750ml,排量,659.0
2018,10,生产,三轮,排量≤50ml,排量,0.0
2018,10,生产,三轮,电动摩托车,排量,7840.0
2018,10,生产,三轮,三轮,汇总,131992.0
2018,10,生产,三轮,正三轮,车型,131837.0
2018,10,生产,三轮,边三轮,车型,155.0
2018,10,生产,二轮,100ml<排量≤110ml,排量,188064.0
2018,10,生产,二轮,110ml<排量≤125ml,排量,404467.0
2018,10,生产,二轮,125ml<排量≤150ml,排量,246761.0
2018,10,生产,二轮,150ml<排量≤250ml,排量,64017.0
2018,10,生产,二轮,250ml<排量≤400ml,排量,3871.0
2018,10,生产,二轮,400ml<排量≤750ml,排量,4110.0
2018,10,生产,二轮,50ml<排量≤60ml,排量,0.0
2018,10,生产,二轮,60ml<排量≤70ml,排量,6617.0
2018,10,生产,二轮,70ml<排量≤80ml,排量,289.0
2018,10,生产,二轮,80ml<排量≤90ml,排量,2378.0
2018,10,生产,二轮,90ml<排量≤100ml,排量,44675.0
2018,10,生产,二轮,排量>750ml,排量,0.0
2018,10,生产,二轮,排量≤50ml,排量,49209.0
2018,10,生产,二轮,电动摩托车,排量,11458.0
2018,10,生产,二轮,二轮,汇总,1025916.0
2018,10,生产,二轮,其它式,车型,0.0
2018,10,生产,二轮,弯梁式,车型,166707.0
2018,10,生产,二轮,踏板式,车型,240292.0
2018,10,生产,二轮,骑式式,车型,618917.0
2018,10,生产,总计,总计,汇总,1157908.0
2018,10,销售,三轮,100ml<排量≤150ml,排量,70599.0
2018,10,销售,三轮,150ml<排量≤250ml,排量,51493.0
2018,10,销售,三轮,250ml<排量≤400ml,排量,1116.0
2018,10,销售,三轮,400ml<排量≤750ml,排量,661.0
2018,10,销售,三轮,50ml<排量≤100ml,排量,386.0
2018,10,销售,三轮,排量>750ml,排量,538.0
2018,10,销售,三轮,排量≤50ml,排量,0.0
2018,10,销售,三轮,电动摩托车,排量,7830.0
2018,10,销售,三轮,三轮,汇总,132623.0
2018,10,销售,三轮,正三轮,车型,132468.0
2018,10,销售,三轮,边三轮,车型,155.0
2018,10,销售,二轮,100ml<排量≤110ml,排量,187029.0
2018,10,销售,二轮,110ml<排量≤125ml,排量,411440.0
2018,10,销售,二轮,125ml<排量≤150ml,排量,240058.0
2018,10,销售,二轮,150ml<排量≤250ml,排量,67194.0
2018,10,销售,二轮,250ml<排量≤400ml,排量,3932.0
2018,10,销售,二轮,400ml<排量≤750ml,排量,2383.0
2018,10,销售,二轮,50ml<排量≤60ml,排量,0.0
2018,10,销售,二轮,60ml<排量≤70ml,排量,6380.0
2018,10,销售,二轮,70ml<排量≤80ml,排量,522.0
2018,10,销售,二轮,80ml<排量≤90ml,排量,2249.0
2018,10,销售,二轮,90ml<排量≤100ml,排量,46269.0
2018,10,销售,二轮,排量>750ml,排量,0.0
2018,10,销售,二轮,排量≤50ml,排量,48430.0
2018,10,销售,二轮,电动摩托车,排量,10944.0
2018,10,销售,二轮,二轮,汇总,1026830.0
2018,10,销售,二轮,其它式,车型,0.0
2018,10,销售,二轮,弯梁式,车型,167353.0
2018,10,销售,二轮,踏板式,车型,250707.0
2018,10,销售,二轮,骑式式,车型,608770.0
2018,10,销售,总计,总计,汇总,1159453.0
2018,11,生产,三轮,100ml<排量≤150ml,排量,79878.0
2018,11,生产,三轮,150ml<排量≤250ml,排量,57124.0
2018,11,生产,三轮,250ml<排量≤400ml,排量,944.0
2018,11,生产,三轮,400ml<排量≤750ml,排量,720.0
2018,11,生产,三轮,50ml<排量≤100ml,排量,355.0
2018,11,生产,三轮,排量>750ml,排量,497.0
2018,11,生产,三轮,排量≤50ml,排量,0.0
2018,11,生产,三轮,电动摩托车,排量,5996.0
2018,11,生产,三轮,三轮,汇总,145514.0
2018,11,生产,三轮,正三轮,车型,145306.0
2018,11,生产,三轮,边三轮,车型,208.0
2018,11,生产,二轮,100ml<排量≤110ml,排量,157450.0
2018,11,生产,二轮,110ml<排量≤125ml,排量,452969.0
2018,11,生产,二轮,125ml<排量≤150ml,排量,258740.0
2018,11,生产,二轮,150ml<排量≤250ml,排量,72309.0
2018,11,生产,二轮,250ml<排量≤400ml,排量,5338.0
2018,11,生产,二轮,400ml<排量≤750ml,排量,2201.0
2018,11,生产,二轮,50ml<排量≤60ml,排量,0.0
2018,11,生产,二轮,60ml<排量≤70ml,排量,6259.0
2018,11,生产,二轮,70ml<排量≤80ml,排量,186.0
2018,11,生产,二轮,80ml<排量≤90ml,排量,2545.0
2018,11,生产,二轮,90ml<排量≤100ml,排量,53551.0
2018,11,生产,二轮,排量>750ml,排量,0.0
2018,11,生产,二轮,排量≤50ml,排量,51652.0
2018,11,生产,二轮,电动摩托车,排量,13897.0
2018,11,生产,二轮,二轮,汇总,1077097.0
2018,11,生产,二轮,其它式,车型,0.0
2018,11,生产,二轮,弯梁式,车型,159554.0
2018,11,生产,二轮,踏板式,车型,275705.0
2018,11,生产,二轮,骑式式,车型,641838.0
2018,11,生产,总计,总计,汇总,1222611.0
2018,11,销售,三轮,100ml<排量≤150ml,排量,79253.0
2018,11,销售,三轮,150ml<排量≤250ml,排量,57141.0
2018,11,销售,三轮,250ml<排量≤400ml,排量,937.0
2018,11,销售,三轮,400ml<排量≤750ml,排量,725.0
2018,11,销售,三轮,50ml<排量≤100ml,排量,55.0
2018,11,销售,三轮,排量>750ml,排量,505.0
2018,11,销售,三轮,排量≤50ml,排量,0.0
2018,11,销售,三轮,电动摩托车,排量,5991.0
2018,11,销售,三轮,三轮,汇总,144607.0
2018,11,销售,三轮,正三轮,车型,144399.0
2018,11,销售,三轮,边三轮,车型,208.0
2018,11,销售,二轮,100ml<排量≤110ml,排量,167706.0
2018,11,销售,二轮,110ml<排量≤125ml,排量,436373.0
2018,11,销售,二轮,125ml<排量≤150ml,排量,255259.0
2018,11,销售,二轮,150ml<排量≤250ml,排量,71147.0
2018,11,销售,二轮,250ml<排量≤400ml,排量,4681.0
2018,11,销售,二轮,400ml<排量≤750ml,排量,2965.0
2018,11,销售,二轮,50ml<排量≤60ml,排量,0.0
2018,11,销售,二轮,60ml<排量≤70ml,排量,6165.0
2018,11,销售,二轮,70ml<排量≤80ml,排量,168.0
2018,11,销售,二轮,80ml<排量≤90ml,排量,2266.0
2018,11,销售,二轮,90ml<排量≤100ml,排量,53205.0
2018,11,销售,二轮,排量>750ml,排量,0.0
2018,11,销售,二轮,排量≤50ml,排量,49758.0
2018,11,销售,二轮,电动摩托车,排量,14358.0
2018,11,销售,二轮,二轮,汇总,1064051.0
2018,11,销售,二轮,其它式,车型,0.0
2018,11,销售,二轮,弯梁式,车型,160754.0
2018,11,销售,二轮,踏板式,车型,269608.0
2018,11,销售,二轮,骑式式,车型,633689.0
2018,11,销售,总计,总计,汇总,1208658.0
2018,12,生产,三轮,100ml<排量≤150ml,排量,85123.0
2018,12,生产,三轮,150ml<排量≤250ml,排量,52340.0
2018,12,生产,三轮,250ml<排量≤400ml,排量,456.0
2018,12,生产,三轮,400ml<排量≤750ml,排量,793.0
2018,12,生产,三轮,50ml<排量≤100ml,排量,705.0
2018,12,生产,三轮,排量>750ml,排量,536.0
2018,12,生产,三轮,排量≤50ml,排量,0.0
2018,12,生产,三轮,电动摩托车,排量,7520.0
2018,12,生产,三轮,三轮,汇总,147473.0
2018,12,生产,三轮,正三轮,车型,147143.0
2018,12,生产,三轮,边三轮,车型,330.0
2018,12,生产,二轮,100ml<排量≤110ml,排量,184052.0
2018,12,生产,二轮,110ml<排量≤125ml,排量,522284.0
2018,12,生产,二轮,125ml<排量≤150ml,排量,269925.0
2018,12,生产,二轮,150ml<排量≤250ml,排量,84473.0
2018,12,生产,二轮,250ml<排量≤400ml,排量,8315.0
2018,12,生产,二轮,400ml<排量≤750ml,排量,3230.0
2018,12,生产,二轮,50ml<排量≤60ml,排量,0.0
2018,12,生产,二轮,60ml<排量≤70ml,排量,6682.0
2018,12,生产,二轮,70ml<排量≤80ml,排量,214.0
2018,12,生产,二轮,80ml<排量≤90ml,排量,3601.0
2018,12,生产,二轮,90ml<排量≤100ml,排量,49126.0
2018,12,生产,二轮,排量>750ml,排量,0.0
2018,12,生产,二轮,排量≤50ml,排量,57104.0
2018,12,生产,二轮,电动摩托车,排量,11869.0
2018,12,生产,二轮,二轮,汇总,1200875.0
2018,12,生产,二轮,其它式,车型,0.0
2018,12,生产,二轮,弯梁式,车型,184102.0
2018,12,生产,二轮,踏板式,车型,285935.0
2018,12,生产,二轮,骑式式,车型,730838.0
2018,12,生产,总计,总计,汇总,1348348.0
2018,12,销售,三轮,100ml<排量≤150ml,排量,85502.0
2018,12,销售,三轮,150ml<排量≤250ml,排量,53627.0
2018,12,销售,三轮,250ml<排量≤400ml,排量,473.0
2018,12,销售,三轮,400ml<排量≤750ml,排量,781.0
2018,12,销售,三轮,50ml<排量≤100ml,排量,1005.0
2018,12,销售,三轮,排量>750ml,排量,606.0
2018,12,销售,三轮,排量≤50ml,排量,0.0
2018,12,销售,三轮,电动摩托车,排量,7524.0
2018,12,销售,三轮,三轮,汇总,149518.0
2018,12,销售,三轮,正三轮,车型,149187.0
2018,12,销售,三轮,边三轮,车型,331.0
2018,12,销售,二轮,100ml<排量≤110ml,排量,174401.0
2018,12,销售,二轮,110ml<排量≤125ml,排量,505529.0
2018,12,销售,二轮,125ml<排量≤150ml,排量,271657.0
2018,12,销售,二轮,150ml<排量≤250ml,排量,81541.0
2018,12,销售,二轮,250ml<排量≤400ml,排量,7087.0
2018,12,销售,二轮,400ml<排量≤750ml,排量,6373.0
2018,12,销售,二轮,50ml<排量≤60ml,排量,0.0
2018,12,销售,二轮,60ml<排量≤70ml,排量,6087.0
2018,12,销售,二轮,70ml<排量≤80ml,排量,206.0
2018,12,销售,二轮,80ml<排量≤90ml,排量,3694.0
2018,12,销售,二轮,90ml<排量≤100ml,排量,55193.0
2018,12,销售,二轮,排量>750ml,排量,30.0
2018,12,销售,二轮,排量≤50ml,排量,56998.0
2018,12,销售,二轮,电动摩托车,排量,13604.0
2018,12,销售,二轮,二轮,汇总,1182400.0
2018,12,销售,二轮,其它式,车型,0.0
2018,12,销售,二轮,弯梁式,车型,177106.0
2018,12,销售,二轮,踏板式,车型,291828.0
2018,12,销售,二轮,骑式式,车型,713466.0
2018,12,销售,总计,总计,汇总,1331918.0
2019,1,生产,三轮,100ml<排量≤150ml,排量,66192.0
2019,1,生产,三轮,150ml<排量≤250ml,排量,44005.0
2019,1,生产,三轮,250ml<排量≤400ml,排量,617.0
2019,1,生产,三轮,400ml<排量≤750ml,排量,46.0
2019,1,生产,三轮,50ml<排量≤100ml,排量,375.0
2019,1,生产,三轮,排量>750ml,排量,611.0
2019,1,生产,三轮,排量≤50ml,排量,0.0
2019,1,生产,三轮,电动摩托车,排量,3817.0
2019,1,生产,三轮,三轮,汇总,115663.0
2019,1,生产,三轮,正三轮,车型,115648.0
2019,1,生产,三轮,边三轮,车型,15.0
2019,1,生产,二轮,100ml<排量≤110ml,排量,179410.0
2019,1,生产,二轮,110ml<排量≤125ml,排量,436236.0
2019,1,生产,二轮,125ml<排量≤150ml,排量,214826.0
2019,1,生产,二轮,150ml<排量≤250ml,排量,65907.0
2019,1,生产,二轮,250ml<排量≤400ml,排量,6829.0
2019,1,生产,二轮,400ml<排量≤750ml,排量,2020.0
2019,1,生产,二轮,50ml<排量≤60ml,排量,0.0
2019,1,生产,二轮,60ml<排量≤70ml,排量,6113.0
2019,1,生产,二轮,70ml<排量≤80ml,排量,428.0
2019,1,生产,二轮,80ml<排量≤90ml,排量,4743.0
2019,1,生产,二轮,90ml<排量≤100ml,排量,50556.0
2019,1,生产,二轮,排量>750ml,排量,0.0
2019,1,生产,二轮,排量≤50ml,排量,56800.0
2019,1,生产,二轮,电动摩托车,排量,15370.0
2019,1,生产,二轮,二轮,汇总,1039238.0
2019,1,生产,二轮,其它式,车型,0.0
2019,1,生产,二轮,弯梁式,车型,202536.0
2019,1,生产,二轮,踏板式,车型,246963.0
2019,1,生产,二轮,骑式式,车型,589739.0
2019,1,生产,总计,总计,汇总,1154901.0
2019,1,销售,三轮,100ml<排量≤150ml,排量,66629.0
2019,1,销售,三轮,150ml<排量≤250ml,排量,44103.0
2019,1,销售,三轮,250ml<排量≤400ml,排量,589.0
2019,1,销售,三轮,400ml<排量≤750ml,排量,38.0
2019,1,销售,三轮,50ml<排量≤100ml,排量,355.0
2019,1,销售,三轮,排量>750ml,排量,621.0
2019,1,销售,三轮,排量≤50ml,排量,0.0
2019,1,销售,三轮,电动摩托车,排量,3815.0
2019,1,销售,三轮,三轮,汇总,116150.0
2019,1,销售,三轮,正三轮,车型,116135.0
2019,1,销售,三轮,边三轮,车型,15.0
2019,1,销售,二轮,100ml<排量≤110ml,排量,185300.0
2019,1,销售,二轮,110ml<排量≤125ml,排量,453639.0
2019,1,销售,二轮,125ml<排量≤150ml,排量,215851.0
2019,1,销售,二轮,150ml<排量≤250ml,排量,63140.0
2019,1,销售,二轮,250ml<排量≤400ml,排量,7399.0
2019,1,销售,二轮,400ml<排量≤750ml,排量,1596.0
2019,1,销售,二轮,50ml<排量≤60ml,排量,0.0
2019,1,销售,二轮,60ml<排量≤70ml,排量,6114.0
2019,1,销售,二轮,70ml<排量≤80ml,排量,1964.0
2019,1,销售,二轮,80ml<排量≤90ml,排量,4818.0
2019,1,销售,二轮,90ml<排量≤100ml,排量,49144.0
2019,1,销售,二轮,排量>750ml,排量,0.0
2019,1,销售,二轮,排量≤50ml,排量,54061.0
2019,1,销售,二轮,电动摩托车,排量,13255.0
2019,1,销售,二轮,二轮,汇总,1056281.0
2019,1,销售,二轮,其它式,车型,0.0
2019,1,销售,二轮,弯梁式,车型,207490.0
2019,1,销售,二轮,踏板式,车型,241327.0
2019,1,销售,二轮,骑式式,车型,607464.0
2019,1,销售,总计,总计,汇总,1172431.0
2019,2,生产,三轮,100ml<排量≤150ml,排量,56311.0
2019,2,生产,三轮,150ml<排量≤250ml,排量,33838.0
2019,2,生产,三轮,250ml<排量≤400ml,排量,580.0
2019,2,生产,三轮,400ml<排量≤750ml,排量,123.0
2019,2,生产,三轮,50ml<排量≤100ml,排量,56.0
2019,2,生产,三轮,排量>750ml,排量,334.0
2019,2,生产,三轮,排量≤50ml,排量,0.0
2019,2,生产,三轮,电动摩托车,排量,9295.0
2019,2,生产,三轮,三轮,汇总,100537.0
2019,2,生产,三轮,正三轮,车型,100501.0
2019,2,生产,三轮,边三轮,车型,36.0
2019,2,生产,二轮,100ml<排量≤110ml,排量,112795.0
2019,2,生产,二轮,110ml<排量≤125ml,排量,281623.0
2019,2,生产,二轮,125ml<排量≤150ml,排量,163396.0
2019,2,生产,二轮,150ml<排量≤250ml,排量,47221.0
2019,2,生产,二轮,250ml<排量≤400ml,排量,4298.0
2019,2,生产,二轮,400ml<排量≤750ml,排量,902.0
2019,2,生产,二轮,50ml<排量≤60ml,排量,0.0
2019,2,生产,二轮,60ml<排量≤70ml,排量,6087.0
2019,2,生产,二轮,70ml<排量≤80ml,排量,554.0
2019,2,生产,二轮,80ml<排量≤90ml,排量,2468.0
2019,2,生产,二轮,90ml<排量≤100ml,排量,32283.0
2019,2,生产,二轮,排量>750ml,排量,0.0
2019,2,生产,二轮,排量≤50ml,排量,41240.0
2019,2,生产,二轮,电动摩托车,排量,29125.0
2019,2,生产,二轮,二轮,汇总,721992.0
2019,2,生产,二轮,其它式,车型,0.0
2019,2,生产,二轮,弯梁式,车型,127481.0
2019,2,生产,二轮,踏板式,车型,156106.0
2019,2,生产,二轮,骑式式,车型,438405.0
2019,2,生产,总计,总计,汇总,822529.0
2019,2,销售,三轮,100ml<排量≤150ml,排量,58263.0
2019,2,销售,三轮,150ml<排量≤250ml,排量,34692.0
2019,2,销售,三轮,250ml<排量≤400ml,排量,610.0
2019,2,销售,三轮,400ml<排量≤750ml,排量,134.0
2019,2,销售,三轮,50ml<排量≤100ml,排量,56.0
2019,2,销售,三轮,排量>750ml,排量,327.0
2019,2,销售,三轮,排量≤50ml,排量,0.0
2019,2,销售,三轮,电动摩托车,排量,9366.0
2019,2,销售,三轮,三轮,汇总,103448.0
2019,2,销售,三轮,正三轮,车型,103412.0
2019,2,销售,三轮,边三轮,车型,36.0
2019,2,销售,二轮,100ml<排量≤110ml,排量,118588.0
2019,2,销售,二轮,110ml<排量≤125ml,排量,281090.0
2019,2,销售,二轮,125ml<排量≤150ml,排量,158921.0
2019,2,销售,二轮,150ml<排量≤250ml,排量,48170.0
2019,2,销售,二轮,250ml<排量≤400ml,排量,4292.0
2019,2,销售,二轮,400ml<排量≤750ml,排量,1762.0
2019,2,销售,二轮,50ml<排量≤60ml,排量,0.0
2019,2,销售,二轮,60ml<排量≤70ml,排量,6209.0
2019,2,销售,二轮,70ml<排量≤80ml,排量,393.0
2019,2,销售,二轮,80ml<排量≤90ml,排量,2487.0
2019,2,销售,二轮,90ml<排量≤100ml,排量,31383.0
2019,2,销售,二轮,排量>750ml,排量,0.0
2019,2,销售,二轮,排量≤50ml,排量,41481.0
2019,2,销售,二轮,电动摩托车,排量,33158.0
2019,2,销售,二轮,二轮,汇总,727934.0
2019,2,销售,二轮,其它式,车型,0.0
2019,2,销售,二轮,弯梁式,车型,129357.0
2019,2,销售,二轮,踏板式,车型,164658.0
2019,2,销售,二轮,骑式式,车型,433919.0
2019,2,销售,总计,总计,汇总,831382.0
2019,3,生产,三轮,100ml<排量≤150ml,排量,92101.0
2019,3,生产,三轮,150ml<排量≤250ml,排量,60156.0
2019,3,生产,三轮,250ml<排量≤400ml,排量,1130.0
2019,3,生产,三轮,400ml<排量≤750ml,排量,751.0
2019,3,生产,三轮,50ml<排量≤100ml,排量,929.0
2019,3,生产,三轮,排量>750ml,排量,738.0
2019,3,生产,三轮,排量≤50ml,排量,0.0
2019,3,生产,三轮,电动摩托车,排量,17941.0
2019,3,生产,三轮,三轮,汇总,173746.0
2019,3,生产,三轮,正三轮,车型,173404.0
2019,3,生产,三轮,边三轮,车型,342.0
2019,3,生产,二轮,100ml<排量≤110ml,排量,197718.0
2019,3,生产,二轮,110ml<排量≤125ml,排量,460579.0
2019,3,生产,二轮,125ml<排量≤150ml,排量,254679.0
2019,3,生产,二轮,150ml<排量≤250ml,排量,77032.0
2019,3,生产,二轮,250ml<排量≤400ml,排量,6815.0
2019,3,生产,二轮,400ml<排量≤750ml,排量,3425.0
2019,3,生产,二轮,50ml<排量≤60ml,排量,0.0
2019,3,生产,二轮,60ml<排量≤70ml,排量,7840.0
2019,3,生产,二轮,70ml<排量≤80ml,排量,166.0
2019,3,生产,二轮,80ml<排量≤90ml,排量,3504.0
2019,3,生产,二轮,90ml<排量≤100ml,排量,43371.0
2019,3,生产,二轮,排量>750ml,排量,0.0
2019,3,生产,二轮,排量≤50ml,排量,78713.0
2019,3,生产,二轮,电动摩托车,排量,119530.0
2019,3,生产,二轮,二轮,汇总,1253372.0
2019,3,生产,二轮,其它式,车型,0.0
2019,3,生产,二轮,弯梁式,车型,189071.0
2019,3,生产,二轮,踏板式,车型,319056.0
2019,3,生产,二轮,骑式式,车型,745245.0
2019,3,生产,总计,总计,汇总,1427118.0
2019,3,销售,三轮,100ml<排量≤150ml,排量,89214.0
2019,3,销售,三轮,150ml<排量≤250ml,排量,59972.0
2019,3,销售,三轮,250ml<排量≤400ml,排量,1124.0
2019,3,销售,三轮,400ml<排量≤750ml,排量,772.0
2019,3,销售,三轮,50ml<排量≤100ml,排量,949.0
2019,3,销售,三轮,排量>750ml,排量,787.0
2019,3,销售,三轮,排量≤50ml,排量,0.0
2019,3,销售,三轮,电动摩托车,排量,17802.0
2019,3,销售,三轮,三轮,汇总,170620.0
2019,3,销售,三轮,正三轮,车型,170278.0
2019,3,销售,三轮,边三轮,车型,342.0
2019,3,销售,二轮,100ml<排量≤110ml,排量,194845.0
2019,3,销售,二轮,110ml<排量≤125ml,排量,464511.0
2019,3,销售,二轮,125ml<排量≤150ml,排量,260027.0
2019,3,销售,二轮,150ml<排量≤250ml,排量,84766.0
2019,3,销售,二轮,250ml<排量≤400ml,排量,7244.0
2019,3,销售,二轮,400ml<排量≤750ml,排量,4477.0
2019,3,销售,二轮,50ml<排量≤60ml,排量,0.0
2019,3,销售,二轮,60ml<排量≤70ml,排量,7481.0
2019,3,销售,二轮,70ml<排量≤80ml,排量,330.0
2019,3,销售,二轮,80ml<排量≤90ml,排量,3378.0
2019,3,销售,二轮,90ml<排量≤100ml,排量,36305.0
2019,3,销售,二轮,排量>750ml,排量,0.0
2019,3,销售,二轮,排量≤50ml,排量,79321.0
2019,3,销售,二轮,电动摩托车,排量,114361.0
2019,3,销售,二轮,二轮,汇总,1257046.0
2019,3,销售,二轮,其它式,车型,0.0
2019,3,销售,二轮,弯梁式,车型,186463.0
2019,3,销售,二轮,踏板式,车型,307471.0
2019,3,销售,二轮,骑式式,车型,763112.0
2019,3,销售,总计,总计,汇总,1427666.0
2019,4,生产,三轮,100ml<排量≤150ml,排量,90308.0
2019,4,生产,三轮,150ml<排量≤250ml,排量,57965.0
2019,4,生产,三轮,250ml<排量≤400ml,排量,1024.0
2019,4,生产,三轮,400ml<排量≤750ml,排量,183.0
2019,4,生产,三轮,50ml<排量≤100ml,排量,837.0
2019,4,生产,三轮,排量>750ml,排量,684.0
2019,4,生产,三轮,排量≤50ml,排量,0.0
2019,4,生产,三轮,电动摩托车,排量,32507.0
2019,4,生产,三轮,三轮,汇总,183508.0
2019,4,生产,三轮,正三轮,车型,183264.0
2019,4,生产,三轮,边三轮,车型,244.0
2019,4,生产,二轮,100ml<排量≤110ml,排量,181731.0
2019,4,生产,二轮,110ml<排量≤125ml,排量,411233.0
2019,4,生产,二轮,125ml<排量≤150ml,排量,265160.0
2019,4,生产,二轮,150ml<排量≤250ml,排量,101675.0
2019,4,生产,二轮,250ml<排量≤400ml,排量,9506.0
2019,4,生产,二轮,400ml<排量≤750ml,排量,4375.0
2019,4,生产,二轮,50ml<排量≤60ml,排量,0.0
2019,4,生产,二轮,60ml<排量≤70ml,排量,7742.0
2019,4,生产,二轮,70ml<排量≤80ml,排量,109.0
2019,4,生产,二轮,80ml<排量≤90ml,排量,6670.0
2019,4,生产,二轮,90ml<排量≤100ml,排量,48356.0
2019,4,生产,二轮,排量>750ml,排量,0.0
2019,4,生产,二轮,排量≤50ml,排量,49118.0
2019,4,生产,二轮,电动摩托车,排量,130239.0
2019,4,生产,二轮,二轮,汇总,1215914.0
2019,4,生产,二轮,其它式,车型,0.0
2019,4,生产,二轮,弯梁式,车型,177532.0
2019,4,生产,二轮,踏板式,车型,332144.0
2019,4,生产,二轮,骑式式,车型,706238.0
2019,4,生产,总计,总计,汇总,1399422.0
2019,4,销售,三轮,100ml<排量≤150ml,排量,91562.0
2019,4,销售,三轮,150ml<排量≤250ml,排量,60564.0
2019,4,销售,三轮,250ml<排量≤400ml,排量,958.0
2019,4,销售,三轮,400ml<排量≤750ml,排量,178.0
2019,4,销售,三轮,50ml<排量≤100ml,排量,817.0
2019,4,销售,三轮,排量>750ml,排量,684.0
2019,4,销售,三轮,排量≤50ml,排量,0.0
2019,4,销售,三轮,电动摩托车,排量,32085.0
2019,4,销售,三轮,三轮,汇总,186848.0
2019,4,销售,三轮,正三轮,车型,186598.0
2019,4,销售,三轮,边三轮,车型,250.0
2019,4,销售,二轮,100ml<排量≤110ml,排量,174043.0
2019,4,销售,二轮,110ml<排量≤125ml,排量,391202.0
2019,4,销售,二轮,125ml<排量≤150ml,排量,270434.0
2019,4,销售,二轮,150ml<排量≤250ml,排量,94219.0
2019,4,销售,二轮,250ml<排量≤400ml,排量,8388.0
2019,4,销售,二轮,400ml<排量≤750ml,排量,4659.0
2019,4,销售,二轮,50ml<排量≤60ml,排量,0.0
2019,4,销售,二轮,60ml<排量≤70ml,排量,8038.0
2019,4,销售,二轮,70ml<排量≤80ml,排量,115.0
2019,4,销售,二轮,80ml<排量≤90ml,排量,6673.0
2019,4,销售,二轮,90ml<排量≤100ml,排量,35883.0
2019,4,销售,二轮,排量>750ml,排量,0.0
2019,4,销售,二轮,排量≤50ml,排量,52872.0
2019,4,销售,二轮,电动摩托车,排量,118745.0
2019,4,销售,二轮,二轮,汇总,1165271.0
2019,4,销售,二轮,其它式,车型,0.0
2019,4,销售,二轮,弯梁式,车型,170521.0
2019,4,销售,二轮,踏板式,车型,305331.0
2019,4,销售,二轮,骑式式,车型,689419.0
2019,4,销售,总计,总计,汇总,1352119.0
2019,5,生产,三轮,100ml<排量≤150ml,排量,84894.0
2019,5,生产,三轮,150ml<排量≤250ml,排量,48242.0
2019,5,生产,三轮,250ml<排量≤400ml,排量,979.0
2019,5,生产,三轮,400ml<排量≤750ml,排量,313.0
2019,5,生产,三轮,50ml<排量≤100ml,排量,895.0
2019,5,生产,三轮,排量>750ml,排量,595.0
2019,5,生产,三轮,排量≤50ml,排量,0.0
2019,5,生产,三轮,电动摩托车,排量,43873.0
2019,5,生产,三轮,三轮,汇总,179791.0
2019,5,生产,三轮,正三轮,车型,179637.0
2019,5,生产,三轮,边三轮,车型,154.0
2019,5,生产,二轮,100ml<排量≤110ml,排量,187772.0
2019,5,生产,二轮,110ml<排量≤125ml,排量,424885.0
2019,5,生产,二轮,125ml<排量≤150ml,排量,270175.0
2019,5,生产,二轮,150ml<排量≤250ml,排量,92152.0
2019,5,生产,二轮,250ml<排量≤400ml,排量,11717.0
2019,5,生产,二轮,400ml<排量≤750ml,排量,6484.0
2019,5,生产,二轮,50ml<排量≤60ml,排量,0.0
2019,5,生产,二轮,60ml<排量≤70ml,排量,7355.0
2019,5,生产,二轮,70ml<排量≤80ml,排量,112.0
2019,5,生产,二轮,80ml<排量≤90ml,排量,4527.0
2019,5,生产,二轮,90ml<排量≤100ml,排量,48868.0
2019,5,生产,二轮,排量>750ml,排量,0.0
2019,5,生产,二轮,排量≤50ml,排量,52217.0
2019,5,生产,二轮,电动摩托车,排量,149825.0
2019,5,生产,二轮,二轮,汇总,1256089.0
2019,5,生产,二轮,其它式,车型,0.0
2019,5,生产,二轮,弯梁式,车型,207024.0
2019,5,生产,二轮,踏板式,车型,335042.0
2019,5,生产,二轮,骑式式,车型,714023.0
2019,5,生产,总计,总计,汇总,1435880.0
2019,5,销售,三轮,100ml<排量≤150ml,排量,85271.0
2019,5,销售,三轮,150ml<排量≤250ml,排量,51026.0
2019,5,销售,三轮,250ml<排量≤400ml,排量,1034.0
2019,5,销售,三轮,400ml<排量≤750ml,排量,318.0
2019,5,销售,三轮,50ml<排量≤100ml,排量,925.0
2019,5,销售,三轮,排量>750ml,排量,600.0
2019,5,销售,三轮,排量≤50ml,排量,0.0
2019,5,销售,三轮,电动摩托车,排量,43255.0
2019,5,销售,三轮,三轮,汇总,182429.0
2019,5,销售,三轮,正三轮,车型,182275.0
2019,5,销售,三轮,边三轮,车型,154.0
2019,5,销售,二轮,100ml<排量≤110ml,排量,187455.0
2019,5,销售,二轮,110ml<排量≤125ml,排量,409391.0
2019,5,销售,二轮,125ml<排量≤150ml,排量,267620.0
2019,5,销售,二轮,150ml<排量≤250ml,排量,91476.0
2019,5,销售,二轮,250ml<排量≤400ml,排量,12131.0
2019,5,销售,二轮,400ml<排量≤750ml,排量,6247.0
2019,5,销售,二轮,50ml<排量≤60ml,排量,0.0
2019,5,销售,二轮,60ml<排量≤70ml,排量,7255.0
2019,5,销售,二轮,70ml<排量≤80ml,排量,114.0
2019,5,销售,二轮,80ml<排量≤90ml,排量,5064.0
2019,5,销售,二轮,90ml<排量≤100ml,排量,38985.0
2019,5,销售,二轮,排量>750ml,排量,0.0
2019,5,销售,二轮,排量≤50ml,排量,55291.0
2019,5,销售,二轮,电动摩托车,排量,147471.0
2019,5,销售,二轮,二轮,汇总,1228500.0
2019,5,销售,二轮,其它式,车型,0.0
2019,5,销售,二轮,弯梁式,车型,200622.0
2019,5,销售,二轮,踏板式,车型,325522.0
2019,5,销售,二轮,骑式式,车型,702356.0
2019,5,销售,总计,总计,汇总,1410929.0
2019,6,生产,三轮,100ml<排量≤150ml,排量,74983.0
2019,6,生产,三轮,150ml<排量≤250ml,排量,55117.0
2019,6,生产,三轮,250ml<排量≤400ml,排量,1011.0
2019,6,生产,三轮,400ml<排量≤750ml,排量,577.0
2019,6,生产,三轮,50ml<排量≤100ml,排量,2669.0
2019,6,生产,三轮,排量>750ml,排量,403.0
2019,6,生产,三轮,排量≤50ml,排量,0.0
2019,6,生产,三轮,电动摩托车,排量,46056.0
2019,6,生产,三轮,三轮,汇总,180816.0
2019,6,生产,三轮,正三轮,车型,180729.0
2019,6,生产,三轮,边三轮,车型,87.0
2019,6,生产,二轮,100ml<排量≤110ml,排量,184817.0
2019,6,生产,二轮,110ml<排量≤125ml,排量,398506.0
2019,6,生产,二轮,125ml<排量≤150ml,排量,275989.0
2019,6,生产,二轮,150ml<排量≤250ml,排量,127530.0
2019,6,生产,二轮,250ml<排量≤400ml,排量,11055.0
2019,6,生产,二轮,400ml<排量≤750ml,排量,7341.0
2019,6,生产,二轮,50ml<排量≤60ml,排量,0.0
2019,6,生产,二轮,60ml<排量≤70ml,排量,7974.0
2019,6,生产,二轮,70ml<排量≤80ml,排量,60.0
2019,6,生产,二轮,80ml<排量≤90ml,排量,4548.0
2019,6,生产,二轮,90ml<排量≤100ml,排量,44647.0
2019,6,生产,二轮,排量>750ml,排量,0.0
2019,6,生产,二轮,排量≤50ml,排量,67012.0
2019,6,生产,二轮,电动摩托车,排量,166262.0
2019,6,生产,二轮,二轮,汇总,1295741.0
2019,6,生产,二轮,其它式,车型,0.0
2019,6,生产,二轮,弯梁式,车型,193386.0
2019,6,生产,二轮,踏板式,车型,407527.0
2019,6,生产,二轮,骑式式,车型,694828.0
2019,6,生产,总计,总计,汇总,1476557.0
2019,6,销售,三轮,100ml<排量≤150ml,排量,72748.0
2019,6,销售,三轮,150ml<排量≤250ml,排量,55677.0
2019,6,销售,三轮,250ml<排量≤400ml,排量,1047.0
2019,6,销售,三轮,400ml<排量≤750ml,排量,582.0
2019,6,销售,三轮,50ml<排量≤100ml,排量,2649.0
2019,6,销售,三轮,排量>750ml,排量,716.0
2019,6,销售,三轮,排量≤50ml,排量,0.0
2019,6,销售,三轮,电动摩托车,排量,45724.0
2019,6,销售,三轮,三轮,汇总,179143.0
2019,6,销售,三轮,正三轮,车型,179056.0
2019,6,销售,三轮,边三轮,车型,87.0
2019,6,销售,二轮,100ml<排量≤110ml,排量,190505.0
2019,6,销售,二轮,110ml<排量≤125ml,排量,399137.0
2019,6,销售,二轮,125ml<排量≤150ml,排量,276422.0
2019,6,销售,二轮,150ml<排量≤250ml,排量,125258.0
2019,6,销售,二轮,250ml<排量≤400ml,排量,11178.0
2019,6,销售,二轮,400ml<排量≤750ml,排量,6955.0
2019,6,销售,二轮,50ml<排量≤60ml,排量,0.0
2019,6,销售,二轮,60ml<排量≤70ml,排量,7707.0
2019,6,销售,二轮,70ml<排量≤80ml,排量,60.0
2019,6,销售,二轮,80ml<排量≤90ml,排量,4507.0
2019,6,销售,二轮,90ml<排量≤100ml,排量,41069.0
2019,6,销售,二轮,排量>750ml,排量,0.0
2019,6,销售,二轮,排量≤50ml,排量,64235.0
2019,6,销售,二轮,电动摩托车,排量,165918.0
2019,6,销售,二轮,二轮,汇总,1292951.0
2019,6,销售,二轮,其它式,车型,0.0
2019,6,销售,二轮,弯梁式,车型,197494.0
2019,6,销售,二轮,踏板式,车型,412313.0
2019,6,销售,二轮,骑式式,车型,683144.0
2019,6,销售,总计,总计,汇总,1472094.0
2019,7,生产,三轮,100ml<排量≤150ml,排量,70331.0
2019,7,生产,三轮,150ml<排量≤250ml,排量,52316.0
2019,7,生产,三轮,250ml<排量≤400ml,排量,1358.0
2019,7,生产,三轮,400ml<排量≤750ml,排量,312.0
2019,7,生产,三轮,50ml<排量≤100ml,排量,693.0
2019,7,生产,三轮,排量>750ml,排量,331.0
2019,7,生产,三轮,排量≤50ml,排量,0.0
2019,7,生产,三轮,电动摩托车,排量,30687.0
2019,7,生产,三轮,三轮,汇总,156028.0
2019,7,生产,三轮,正三轮,车型,155984.0
2019,7,生产,三轮,边三轮,车型,44.0
2019,7,生产,二轮,100ml<排量≤110ml,排量,192357.0
2019,7,生产,二轮,110ml<排量≤125ml,排量,440642.0
2019,7,生产,二轮,125ml<排量≤150ml,排量,294136.0
2019,7,生产,二轮,150ml<排量≤250ml,排量,95874.0
2019,7,生产,二轮,250ml<排量≤400ml,排量,11785.0
2019,7,生产,二轮,400ml<排量≤750ml,排量,6339.0
2019,7,生产,二轮,50ml<排量≤60ml,排量,0.0
2019,7,生产,二轮,60ml<排量≤70ml,排量,7400.0
2019,7,生产,二轮,70ml<排量≤80ml,排量,50.0
2019,7,生产,二轮,80ml<排量≤90ml,排量,3599.0
2019,7,生产,二轮,90ml<排量≤100ml,排量,42971.0
2019,7,生产,二轮,排量>750ml,排量,0.0
2019,7,生产,二轮,排量≤50ml,排量,65722.0
2019,7,生产,二轮,电动摩托车,排量,111376.0
2019,7,生产,二轮,二轮,汇总,1272251.0
2019,7,生产,二轮,其它式,车型,0.0
2019,7,生产,二轮,弯梁式,车型,194881.0
2019,7,生产,二轮,踏板式,车型,350840.0
2019,7,生产,二轮,骑式式,车型,726530.0
2019,7,生产,总计,总计,汇总,1428279.0
2019,7,销售,三轮,100ml<排量≤150ml,排量,68746.0
2019,7,销售,三轮,150ml<排量≤250ml,排量,52229.0
2019,7,销售,三轮,250ml<排量≤400ml,排量,1342.0
2019,7,销售,三轮,400ml<排量≤750ml,排量,300.0
2019,7,销售,三轮,50ml<排量≤100ml,排量,723.0
2019,7,销售,三轮,排量>750ml,排量,320.0
2019,7,销售,三轮,排量≤50ml,排量,0.0
2019,7,销售,三轮,电动摩托车,排量,31386.0
2019,7,销售,三轮,三轮,汇总,155046.0
2019,7,销售,三轮,正三轮,车型,155002.0
2019,7,销售,三轮,边三轮,车型,44.0
2019,7,销售,二轮,100ml<排量≤110ml,排量,196528.0
2019,7,销售,二轮,110ml<排量≤125ml,排量,439560.0
2019,7,销售,二轮,125ml<排量≤150ml,排量,297575.0
2019,7,销售,二轮,150ml<排量≤250ml,排量,97969.0
2019,7,销售,二轮,250ml<排量≤400ml,排量,11731.0
2019,7,销售,二轮,400ml<排量≤750ml,排量,5483.0
2019,7,销售,二轮,50ml<排量≤60ml,排量,0.0
2019,7,销售,二轮,60ml<排量≤70ml,排量,7810.0
2019,7,销售,二轮,70ml<排量≤80ml,排量,67.0
2019,7,销售,二轮,80ml<排量≤90ml,排量,3742.0
2019,7,销售,二轮,90ml<排量≤100ml,排量,43179.0
2019,7,销售,二轮,排量>750ml,排量,0.0
2019,7,销售,二轮,排量≤50ml,排量,66566.0
2019,7,销售,二轮,电动摩托车,排量,106735.0
2019,7,销售,二轮,二轮,汇总,1276945.0
2019,7,销售,二轮,其它式,车型,0.0
2019,7,销售,二轮,弯梁式,车型,199188.0
2019,7,销售,二轮,踏板式,车型,343265.0
2019,7,销售,二轮,骑式式,车型,734492.0
2019,7,销售,总计,总计,汇总,1431991.0
2019,8,生产,三轮,100ml<排量≤150ml,排量,70499.0
2019,8,生产,三轮,150ml<排量≤250ml,排量,56638.0
2019,8,生产,三轮,250ml<排量≤400ml,排量,2294.0
2019,8,生产,三轮,400ml<排量≤750ml,排量,801.0
2019,8,生产,三轮,50ml<排量≤100ml,排量,702.0
2019,8,生产,三轮,排量>750ml,排量,490.0
2019,8,生产,三轮,排量≤50ml,排量,0.0
2019,8,生产,三轮,电动摩托车,排量,34009.0
2019,8,生产,三轮,三轮,汇总,165433.0
2019,8,生产,三轮,正三轮,车型,165230.0
2019,8,生产,三轮,边三轮,车型,203.0
2019,8,生产,二轮,100ml<排量≤110ml,排量,183943.0
2019,8,生产,二轮,110ml<排量≤125ml,排量,434322.0
2019,8,生产,二轮,125ml<排量≤150ml,排量,299821.0
2019,8,生产,二轮,150ml<排量≤250ml,排量,112501.0
2019,8,生产,二轮,250ml<排量≤400ml,排量,14946.0
2019,8,生产,二轮,400ml<排量≤750ml,排量,4119.0
2019,8,生产,二轮,50ml<排量≤60ml,排量,0.0
2019,8,生产,二轮,60ml<排量≤70ml,排量,5109.0
2019,8,生产,二轮,70ml<排量≤80ml,排量,310.0
2019,8,生产,二轮,80ml<排量≤90ml,排量,3267.0
2019,8,生产,二轮,90ml<排量≤100ml,排量,60276.0
2019,8,生产,二轮,排量>750ml,排量,0.0
2019,8,生产,二轮,排量≤50ml,排量,54149.0
2019,8,生产,二轮,电动摩托车,排量,219644.0
2019,8,生产,二轮,二轮,汇总,1392407.0
2019,8,生产,二轮,其它式,车型,0.0
2019,8,生产,二轮,弯梁式,车型,220356.0
2019,8,生产,二轮,踏板式,车型,455562.0
2019,8,生产,二轮,骑式式,车型,716489.0
2019,8,生产,总计,总计,汇总,1557840.0
2019,8,销售,三轮,100ml<排量≤150ml,排量,70453.0
2019,8,销售,三轮,150ml<排量≤250ml,排量,58425.0
2019,8,销售,三轮,250ml<排量≤400ml,排量,2264.0
2019,8,销售,三轮,400ml<排量≤750ml,排量,805.0
2019,8,销售,三轮,50ml<排量≤100ml,排量,672.0
2019,8,销售,三轮,排量>750ml,排量,496.0
2019,8,销售,三轮,排量≤50ml,排量,0.0
2019,8,销售,三轮,电动摩托车,排量,33917.0
2019,8,销售,三轮,三轮,汇总,167032.0
2019,8,销售,三轮,正三轮,车型,166825.0
2019,8,销售,三轮,边三轮,车型,207.0
2019,8,销售,二轮,100ml<排量≤110ml,排量,164401.0
2019,8,销售,二轮,110ml<排量≤125ml,排量,417662.0
2019,8,销售,二轮,125ml<排量≤150ml,排量,297332.0
2019,8,销售,二轮,150ml<排量≤250ml,排量,104855.0
2019,8,销售,二轮,250ml<排量≤400ml,排量,14614.0
2019,8,销售,二轮,400ml<排量≤750ml,排量,4334.0
2019,8,销售,二轮,50ml<排量≤60ml,排量,0.0
2019,8,销售,二轮,60ml<排量≤70ml,排量,4925.0
2019,8,销售,二轮,70ml<排量≤80ml,排量,310.0
2019,8,销售,二轮,80ml<排量≤90ml,排量,2836.0
2019,8,销售,二轮,90ml<排量≤100ml,排量,60256.0
2019,8,销售,二轮,排量>750ml,排量,0.0
2019,8,销售,二轮,排量≤50ml,排量,51958.0
2019,8,销售,二轮,电动摩托车,排量,222087.0
2019,8,销售,二轮,二轮,汇总,1345570.0
2019,8,销售,二轮,其它式,车型,0.0
2019,8,销售,二轮,弯梁式,车型,204859.0
2019,8,销售,二轮,踏板式,车型,457061.0
2019,8,销售,二轮,骑式式,车型,683650.0
2019,8,销售,总计,总计,汇总,1512602.0
2019,9,生产,三轮,100ml<排量≤150ml,排量,72418.0
2019,9,生产,三轮,150ml<排量≤250ml,排量,53575.0
2019,9,生产,三轮,250ml<排量≤400ml,排量,857.0
2019,9,生产,三轮,400ml<排量≤750ml,排量,613.0
2019,9,生产,三轮,50ml<排量≤100ml,排量,555.0
2019,9,生产,三轮,排量>750ml,排量,522.0
2019,9,生产,三轮,排量≤50ml,排量,0.0
2019,9,生产,三轮,电动摩托车,排量,44754.0
2019,9,生产,三轮,三轮,汇总,173294.0
2019,9,生产,三轮,正三轮,车型,173039.0
2019,9,生产,三轮,边三轮,车型,255.0
2019,9,生产,二轮,100ml<排量≤110ml,排量,197198.0
2019,9,生产,二轮,110ml<排量≤125ml,排量,461042.0
2019,9,生产,二轮,125ml<排量≤150ml,排量,300546.0
2019,9,生产,二轮,150ml<排量≤250ml,排量,114127.0
2019,9,生产,二轮,250ml<排量≤400ml,排量,14866.0
2019,9,生产,二轮,400ml<排量≤750ml,排量,5198.0
2019,9,生产,二轮,50ml<排量≤60ml,排量,0.0
2019,9,生产,二轮,60ml<排量≤70ml,排量,5554.0
2019,9,生产,二轮,70ml<排量≤80ml,排量,50.0
2019,9,生产,二轮,80ml<排量≤90ml,排量,2632.0
2019,9,生产,二轮,90ml<排量≤100ml,排量,73307.0
2019,9,生产,二轮,排量>750ml,排量,0.0
2019,9,生产,二轮,排量≤50ml,排量,57681.0
2019,9,生产,二轮,电动摩托车,排量,227868.0
2019,9,生产,二轮,二轮,汇总,1460069.0
2019,9,生产,二轮,其它式,车型,0.0
2019,9,生产,二轮,弯梁式,车型,219558.0
2019,9,生产,二轮,踏板式,车型,497383.0
2019,9,生产,二轮,骑式式,车型,743128.0
2019,9,生产,总计,总计,汇总,1633363.0
2019,9,销售,三轮,100ml<排量≤150ml,排量,71161.0
2019,9,销售,三轮,150ml<排量≤250ml,排量,55520.0
2019,9,销售,三轮,250ml<排量≤400ml,排量,909.0
2019,9,销售,三轮,400ml<排量≤750ml,排量,637.0
2019,9,销售,三轮,50ml<排量≤100ml,排量,575.0
2019,9,销售,三轮,排量>750ml,排量,514.0
2019,9,销售,三轮,排量≤50ml,排量,0.0
2019,9,销售,三轮,电动摩托车,排量,43768.0
2019,9,销售,三轮,三轮,汇总,173084.0
2019,9,销售,三轮,正三轮,车型,172829.0
2019,9,销售,三轮,边三轮,车型,255.0
2019,9,销售,二轮,100ml<排量≤110ml,排量,198938.0
2019,9,销售,二轮,110ml<排量≤125ml,排量,467372.0
2019,9,销售,二轮,125ml<排量≤150ml,排量,302646.0
2019,9,销售,二轮,150ml<排量≤250ml,排量,118795.0
2019,9,销售,二轮,250ml<排量≤400ml,排量,14990.0
2019,9,销售,二轮,400ml<排量≤750ml,排量,4029.0
2019,9,销售,二轮,50ml<排量≤60ml,排量,0.0
2019,9,销售,二轮,60ml<排量≤70ml,排量,5569.0
2019,9,销售,二轮,70ml<排量≤80ml,排量,50.0
2019,9,销售,二轮,80ml<排量≤90ml,排量,2960.0
2019,9,销售,二轮,90ml<排量≤100ml,排量,80485.0
2019,9,销售,二轮,排量>750ml,排量,0.0
2019,9,销售,二轮,排量≤50ml,排量,58463.0
2019,9,销售,二轮,电动摩托车,排量,231734.0
2019,9,销售,二轮,二轮,汇总,1486031.0
2019,9,销售,二轮,其它式,车型,0.0
2019,9,销售,二轮,弯梁式,车型,219484.0
2019,9,销售,二轮,踏板式,车型,513669.0
2019,9,销售,二轮,骑式式,车型,752878.0
2019,9,销售,总计,总计,汇总,1659115.0
2019,10,生产,三轮,100ml<排量≤150ml,排量,70949.0
2019,10,生产,三轮,150ml<排量≤250ml,排量,50506.0
2019,10,生产,三轮,250ml<排量≤400ml,排量,1083.0
2019,10,生产,三轮,400ml<排量≤750ml,排量,803.0
2019,10,生产,三轮,50ml<排量≤100ml,排量,635.0
2019,10,生产,三轮,排量>750ml,排量,541.0
2019,10,生产,三轮,排量≤50ml,排量,0.0
2019,10,生产,三轮,电动摩托车,排量,57710.0
2019,10,生产,三轮,三轮,汇总,182227.0
2019,10,生产,三轮,正三轮,车型,181969.0
2019,10,生产,三轮,边三轮,车型,258.0
2019,10,生产,二轮,100ml<排量≤110ml,排量,180753.0
2019,10,生产,二轮,110ml<排量≤125ml,排量,411603.0
2019,10,生产,二轮,125ml<排量≤150ml,排量,296250.0
2019,10,生产,二轮,150ml<排量≤250ml,排量,98703.0
2019,10,生产,二轮,250ml<排量≤400ml,排量,13405.0
2019,10,生产,二轮,400ml<排量≤750ml,排量,2655.0
2019,10,生产,二轮,50ml<排量≤60ml,排量,0.0
2019,10,生产,二轮,60ml<排量≤70ml,排量,6000.0
2019,10,生产,二轮,70ml<排量≤80ml,排量,60.0
2019,10,生产,二轮,80ml<排量≤90ml,排量,3135.0
2019,10,生产,二轮,90ml<排量≤100ml,排量,66261.0
2019,10,生产,二轮,排量>750ml,排量,26.0
2019,10,生产,二轮,排量≤50ml,排量,48329.0
2019,10,生产,二轮,电动摩托车,排量,192891.0
2019,10,生产,二轮,二轮,汇总,1320071.0
2019,10,生产,二轮,其它式,车型,0.0
2019,10,生产,二轮,弯梁式,车型,189825.0
2019,10,生产,二轮,踏板式,车型,458847.0
2019,10,生产,二轮,骑式式,车型,671399.0
2019,10,生产,总计,总计,汇总,1502298.0
2019,10,销售,三轮,100ml<排量≤150ml,排量,70088.0
2019,10,销售,三轮,150ml<排量≤250ml,排量,50019.0
2019,10,销售,三轮,250ml<排量≤400ml,排量,962.0
2019,10,销售,三轮,400ml<排量≤750ml,排量,808.0
2019,10,销售,三轮,50ml<排量≤100ml,排量,645.0
2019,10,销售,三轮,排量>750ml,排量,541.0
2019,10,销售,三轮,排量≤50ml,排量,0.0
2019,10,销售,三轮,电动摩托车,排量,58369.0
2019,10,销售,三轮,三轮,汇总,181432.0
2019,10,销售,三轮,正三轮,车型,181174.0
2019,10,销售,三轮,边三轮,车型,258.0
2019,10,销售,二轮,100ml<排量≤110ml,排量,179776.0
2019,10,销售,二轮,110ml<排量≤125ml,排量,385944.0
2019,10,销售,二轮,125ml<排量≤150ml,排量,284194.0
2019,10,销售,二轮,150ml<排量≤250ml,排量,98657.0
2019,10,销售,二轮,250ml<排量≤400ml,排量,12193.0
2019,10,销售,二轮,400ml<排量≤750ml,排量,3112.0
2019,10,销售,二轮,50ml<排量≤60ml,排量,0.0
2019,10,销售,二轮,60ml<排量≤70ml,排量,5142.0
2019,10,销售,二轮,70ml<排量≤80ml,排量,60.0
2019,10,销售,二轮,80ml<排量≤90ml,排量,2213.0
2019,10,销售,二轮,90ml<排量≤100ml,排量,65627.0
2019,10,销售,二轮,排量>750ml,排量,14.0
2019,10,销售,二轮,排量≤50ml,排量,51064.0
2019,10,销售,二轮,电动摩托车,排量,190363.0
2019,10,销售,二轮,二轮,汇总,1278359.0
2019,10,销售,二轮,其它式,车型,0.0
2019,10,销售,二轮,弯梁式,车型,195359.0
2019,10,销售,二轮,踏板式,车型,432990.0
2019,10,销售,二轮,骑式式,车型,650010.0
2019,10,销售,总计,总计,汇总,1459791.0
2019,11,生产,三轮,100ml<排量≤150ml,排量,68513.0
2019,11,生产,三轮,150ml<排量≤250ml,排量,55382.0
2019,11,生产,三轮,250ml<排量≤400ml,排量,1202.0
2019,11,生产,三轮,400ml<排量≤750ml,排量,599.0
2019,11,生产,三轮,50ml<排量≤100ml,排量,615.0
2019,11,生产,三轮,排量>750ml,排量,847.0
2019,11,生产,三轮,排量≤50ml,排量,0.0
2019,11,生产,三轮,电动摩托车,排量,43333.0
2019,11,生产,三轮,三轮,汇总,170491.0
2019,11,生产,三轮,正三轮,车型,170373.0
2019,11,生产,三轮,边三轮,车型,118.0
2019,11,生产,二轮,100ml<排量≤110ml,排量,223827.0
2019,11,生产,二轮,110ml<排量≤125ml,排量,493895.0
2019,11,生产,二轮,125ml<排量≤150ml,排量,338573.0
2019,11,生产,二轮,150ml<排量≤250ml,排量,106577.0
2019,11,生产,二轮,250ml<排量≤400ml,排量,12240.0
2019,11,生产,二轮,400ml<排量≤750ml,排量,3196.0
2019,11,生产,二轮,50ml<排量≤60ml,排量,0.0
2019,11,生产,二轮,60ml<排量≤70ml,排量,7403.0
2019,11,生产,二轮,70ml<排量≤80ml,排量,50.0
2019,11,生产,二轮,80ml<排量≤90ml,排量,3433.0
2019,11,生产,二轮,90ml<排量≤100ml,排量,74932.0
2019,11,生产,二轮,排量>750ml,排量,0.0
2019,11,生产,二轮,排量≤50ml,排量,60807.0
2019,11,生产,二轮,电动摩托车,排量,189304.0
2019,11,生产,二轮,二轮,汇总,1514237.0
2019,11,生产,二轮,其它式,车型,0.0
2019,11,生产,二轮,弯梁式,车型,233510.0
2019,11,生产,二轮,踏板式,车型,486046.0
2019,11,生产,二轮,骑式式,车型,794681.0
2019,11,生产,总计,总计,汇总,1684728.0
2019,11,销售,三轮,100ml<排量≤150ml,排量,68938.0
2019,11,销售,三轮,150ml<排量≤250ml,排量,55164.0
2019,11,销售,三轮,250ml<排量≤400ml,排量,1225.0
2019,11,销售,三轮,400ml<排量≤750ml,排量,608.0
2019,11,销售,三轮,50ml<排量≤100ml,排量,605.0
2019,11,销售,三轮,排量>750ml,排量,799.0
2019,11,销售,三轮,排量≤50ml,排量,0.0
2019,11,销售,三轮,电动摩托车,排量,40746.0
2019,11,销售,三轮,三轮,汇总,168085.0
2019,11,销售,三轮,正三轮,车型,167967.0
2019,11,销售,三轮,边三轮,车型,118.0
2019,11,销售,二轮,100ml<排量≤110ml,排量,214464.0
2019,11,销售,二轮,110ml<排量≤125ml,排量,460003.0
2019,11,销售,二轮,125ml<排量≤150ml,排量,316259.0
2019,11,销售,二轮,150ml<排量≤250ml,排量,106269.0
2019,11,销售,二轮,250ml<排量≤400ml,排量,10705.0
2019,11,销售,二轮,400ml<排量≤750ml,排量,2652.0
2019,11,销售,二轮,50ml<排量≤60ml,排量,0.0
2019,11,销售,二轮,60ml<排量≤70ml,排量,7216.0
2019,11,销售,二轮,70ml<排量≤80ml,排量,50.0
2019,11,销售,二轮,80ml<排量≤90ml,排量,3642.0
2019,11,销售,二轮,90ml<排量≤100ml,排量,62257.0
2019,11,销售,二轮,排量>750ml,排量,0.0
2019,11,销售,二轮,排量≤50ml,排量,57002.0
2019,11,销售,二轮,电动摩托车,排量,189661.0
2019,11,销售,二轮,二轮,汇总,1430180.0
2019,11,销售,二轮,其它式,车型,0.0
2019,11,销售,二轮,弯梁式,车型,222698.0
2019,11,销售,二轮,踏板式,车型,446696.0
2019,11,销售,二轮,骑式式,车型,760786.0
2019,11,销售,总计,总计,汇总,1598265.0
2019,12,生产,三轮,100ml<排量≤150ml,排量,61643.0
2019,12,生产,三轮,150ml<排量≤250ml,排量,45015.0
2019,12,生产,三轮,250ml<排量≤400ml,排量,952.0
2019,12,生产,三轮,400ml<排量≤750ml,排量,924.0
2019,12,生产,三轮,50ml<排量≤100ml,排量,205.0
2019,12,生产,三轮,排量>750ml,排量,442.0
2019,12,生产,三轮,排量≤50ml,排量,0.0
2019,12,生产,三轮,电动摩托车,排量,42384.0
2019,12,生产,三轮,三轮,汇总,151565.0
2019,12,生产,三轮,正三轮,车型,151361.0
2019,12,生产,三轮,边三轮,车型,204.0
2019,12,生产,二轮,100ml<排量≤110ml,排量,197642.0
2019,12,生产,二轮,110ml<排量≤125ml,排量,501203.0
2019,12,生产,二轮,125ml<排量≤150ml,排量,320553.0
2019,12,生产,二轮,150ml<排量≤250ml,排量,112643.0
2019,12,生产,二轮,250ml<排量≤400ml,排量,12397.0
2019,12,生产,二轮,400ml<排量≤750ml,排量,5173.0
2019,12,生产,二轮,50ml<排量≤60ml,排量,0.0
2019,12,生产,二轮,60ml<排量≤70ml,排量,6348.0
2019,12,生产,二轮,70ml<排量≤80ml,排量,60.0
2019,12,生产,二轮,80ml<排量≤90ml,排量,2835.0
2019,12,生产,二轮,90ml<排量≤100ml,排量,61948.0
2019,12,生产,二轮,排量>750ml,排量,37.0
2019,12,生产,二轮,排量≤50ml,排量,62062.0
2019,12,生产,二轮,电动摩托车,排量,225303.0
2019,12,生产,二轮,二轮,汇总,1508204.0
2019,12,生产,二轮,其它式,车型,0.0
2019,12,生产,二轮,弯梁式,车型,216079.0
2019,12,生产,二轮,踏板式,车型,491429.0
2019,12,生产,二轮,骑式式,车型,800696.0
2019,12,生产,总计,总计,汇总,1659769.0
2019,12,销售,三轮,100ml<排量≤150ml,排量,62169.0
2019,12,销售,三轮,150ml<排量≤250ml,排量,46145.0
2019,12,销售,三轮,250ml<排量≤400ml,排量,966.0
2019,12,销售,三轮,400ml<排量≤750ml,排量,909.0
2019,12,销售,三轮,50ml<排量≤100ml,排量,255.0
2019,12,销售,三轮,排量>750ml,排量,398.0
2019,12,销售,三轮,排量≤50ml,排量,0.0
2019,12,销售,三轮,电动摩托车,排量,40623.0
2019,12,销售,三轮,三轮,汇总,151465.0
2019,12,销售,三轮,正三轮,车型,151261.0
2019,12,销售,三轮,边三轮,车型,204.0
2019,12,销售,二轮,100ml<排量≤110ml,排量,184467.0
2019,12,销售,二轮,110ml<排量≤125ml,排量,494540.0
2019,12,销售,二轮,125ml<排量≤150ml,排量,299535.0
2019,12,销售,二轮,150ml<排量≤250ml,排量,106850.0
2019,12,销售,二轮,250ml<排量≤400ml,排量,11550.0
2019,12,销售,二轮,400ml<排量≤750ml,排量,5573.0
2019,12,销售,二轮,50ml<排量≤60ml,排量,0.0
2019,12,销售,二轮,60ml<排量≤70ml,排量,6488.0
2019,12,销售,二轮,70ml<排量≤80ml,排量,60.0
2019,12,销售,二轮,80ml<排量≤90ml,排量,3073.0
2019,12,销售,二轮,90ml<排量≤100ml,排量,60415.0
2019,12,销售,二轮,排量>750ml,排量,0.0
2019,12,销售,二轮,排量≤50ml,排量,59926.0
2019,12,销售,二轮,电动摩托车,排量,225706.0
2019,12,销售,二轮,二轮,汇总,1458183.0
2019,12,销售,二轮,其它式,车型,0.0
2019,12,销售,二轮,弯梁式,车型,205972.0
2019,12,销售,二轮,踏板式,车型,497021.0
2019,12,销售,二轮,骑式式,车型,755190.0
2019,12,销售,总计,总计,汇总,1609648.0
2020,1,生产,三轮,100ml<排量≤150ml,排量,42478.0
2020,1,生产,三轮,150ml<排量≤250ml,排量,34872.0
2020,1,生产,三轮,250ml<排量≤400ml,排量,1068.0
2020,1,生产,三轮,400ml<排量≤750ml,排量,268.0
2020,1,生产,三轮,50ml<排量≤100ml,排量,55.0
2020,1,生产,三轮,排量>750ml,排量,334.0
2020,1,生产,三轮,排量≤50ml,排量,0.0
2020,1,生产,三轮,电动摩托车,排量,31594.0
2020,1,生产,三轮,三轮,汇总,110669.0
2020,1,生产,三轮,正三轮,车型,110539.0
2020,1,生产,三轮,边三轮,车型,130.0
2020,1,生产,二轮,100ml<排量≤110ml,排量,149514.0
2020,1,生产,二轮,110ml<排量≤125ml,排量,321407.0
2020,1,生产,二轮,125ml<排量≤150ml,排量,221177.0
2020,1,生产,二轮,150ml<排量≤250ml,排量,75557.0
2020,1,生产,二轮,250ml<排量≤400ml,排量,5604.0
2020,1,生产,二轮,400ml<排量≤750ml,排量,3275.0
2020,1,生产,二轮,50ml<排量≤60ml,排量,0.0
2020,1,生产,二轮,60ml<排量≤70ml,排量,5391.0
2020,1,生产,二轮,70ml<排量≤80ml,排量,50.0
2020,1,生产,二轮,80ml<排量≤90ml,排量,3046.0
2020,1,生产,二轮,90ml<排量≤100ml,排量,35552.0
2020,1,生产,二轮,排量>750ml,排量,3.0
2020,1,生产,二轮,排量≤50ml,排量,46699.0
2020,1,生产,二轮,电动摩托车,排量,91011.0
2020,1,生产,二轮,二轮,汇总,958286.0
2020,1,生产,二轮,其它式,车型,200.0
2020,1,生产,二轮,弯梁式,车型,182219.0
2020,1,生产,二轮,踏板式,车型,251287.0
2020,1,生产,二轮,骑式式,车型,524580.0
2020,1,生产,总计,总计,汇总,1068955.0
2020,1,销售,三轮,100ml<排量≤150ml,排量,43607.0
2020,1,销售,三轮,150ml<排量≤250ml,排量,34680.0
2020,1,销售,三轮,250ml<排量≤400ml,排量,935.0
2020,1,销售,三轮,400ml<排量≤750ml,排量,268.0
2020,1,销售,三轮,50ml<排量≤100ml,排量,55.0
2020,1,销售,三轮,排量>750ml,排量,389.0
2020,1,销售,三轮,排量≤50ml,排量,300.0
2020,1,销售,三轮,电动摩托车,排量,32787.0
2020,1,销售,三轮,三轮,汇总,113021.0
2020,1,销售,三轮,正三轮,车型,112891.0
2020,1,销售,三轮,边三轮,车型,130.0
2020,1,销售,二轮,100ml<排量≤110ml,排量,160230.0
2020,1,销售,二轮,110ml<排量≤125ml,排量,335332.0
2020,1,销售,二轮,125ml<排量≤150ml,排量,215694.0
2020,1,销售,二轮,150ml<排量≤250ml,排量,74892.0
2020,1,销售,二轮,250ml<排量≤400ml,排量,6074.0
2020,1,销售,二轮,400ml<排量≤750ml,排量,3184.0
2020,1,销售,二轮,50ml<排量≤60ml,排量,0.0
2020,1,销售,二轮,60ml<排量≤70ml,排量,5127.0
2020,1,销售,二轮,70ml<排量≤80ml,排量,50.0
2020,1,销售,二轮,80ml<排量≤90ml,排量,2768.0
2020,1,销售,二轮,90ml<排量≤100ml,排量,40028.0
2020,1,销售,二轮,排量>750ml,排量,0.0
2020,1,销售,二轮,排量≤50ml,排量,45135.0
2020,1,销售,二轮,电动摩托车,排量,93614.0
2020,1,销售,二轮,二轮,汇总,982128.0
2020,1,销售,二轮,其它式,车型,200.0
2020,1,销售,二轮,弯梁式,车型,187433.0
2020,1,销售,二轮,踏板式,车型,277282.0
2020,1,销售,二轮,骑式式,车型,517213.0
2020,1,销售,总计,总计,汇总,1095149.0
2020,2,生产,三轮,100ml<排量≤150ml,排量,18738.0
2020,2,生产,三轮,150ml<排量≤250ml,排量,18985.0
2020,2,生产,三轮,250ml<排量≤400ml,排量,54.0
2020,2,生产,三轮,400ml<排量≤750ml,排量,0.0
2020,2,生产,三轮,50ml<排量≤100ml,排量,55.0
2020,2,生产,三轮,排量>750ml,排量,118.0
2020,2,生产,三轮,排量≤50ml,排量,0.0
2020,2,生产,三轮,电动摩托车,排量,4192.0
2020,2,生产,三轮,三轮,汇总,42142.0
2020,2,生产,三轮,正三轮,车型,42142.0
2020,2,生产,三轮,边三轮,车型,0.0
2020,2,生产,二轮,100ml<排量≤110ml,排量,37430.0
2020,2,生产,二轮,110ml<排量≤125ml,排量,66984.0
2020,2,生产,二轮,125ml<排量≤150ml,排量,32175.0
2020,2,生产,二轮,150ml<排量≤250ml,排量,16574.0
2020,2,生产,二轮,250ml<排量≤400ml,排量,871.0
2020,2,生产,二轮,400ml<排量≤750ml,排量,200.0
2020,2,生产,二轮,50ml<排量≤60ml,排量,0.0
2020,2,生产,二轮,60ml<排量≤70ml,排量,722.0
2020,2,生产,二轮,70ml<排量≤80ml,排量,0.0
2020,2,生产,二轮,80ml<排量≤90ml,排量,181.0
2020,2,生产,二轮,90ml<排量≤100ml,排量,5700.0
2020,2,生产,二轮,排量>750ml,排量,0.0
2020,2,生产,二轮,排量≤50ml,排量,9853.0
2020,2,生产,二轮,电动摩托车,排量,22023.0
2020,2,生产,二轮,二轮,汇总,192713.0
2020,2,生产,二轮,其它式,车型,0.0
2020,2,生产,二轮,弯梁式,车型,38858.0
2020,2,生产,二轮,踏板式,车型,48317.0
2020,2,生产,二轮,骑式式,车型,105538.0
2020,2,生产,总计,总计,汇总,234855.0
2020,2,销售,三轮,100ml<排量≤150ml,排量,18028.0
2020,2,销售,三轮,150ml<排量≤250ml,排量,17926.0
2020,2,销售,三轮,250ml<排量≤400ml,排量,122.0
2020,2,销售,三轮,400ml<排量≤750ml,排量,0.0
2020,2,销售,三轮,50ml<排量≤100ml,排量,55.0
2020,2,销售,三轮,排量>750ml,排量,118.0
2020,2,销售,三轮,排量≤50ml,排量,0.0
2020,2,销售,三轮,电动摩托车,排量,4373.0
2020,2,销售,三轮,三轮,汇总,40622.0
2020,2,销售,三轮,正三轮,车型,40622.0
2020,2,销售,三轮,边三轮,车型,0.0
2020,2,销售,二轮,100ml<排量≤110ml,排量,54226.0
2020,2,销售,二轮,110ml<排量≤125ml,排量,88834.0
2020,2,销售,二轮,125ml<排量≤150ml,排量,44973.0
2020,2,销售,二轮,150ml<排量≤250ml,排量,20041.0
2020,2,销售,二轮,250ml<排量≤400ml,排量,1926.0
2020,2,销售,二轮,400ml<排量≤750ml,排量,635.0
2020,2,销售,二轮,50ml<排量≤60ml,排量,0.0
2020,2,销售,二轮,60ml<排量≤70ml,排量,600.0
2020,2,销售,二轮,70ml<排量≤80ml,排量,0.0
2020,2,销售,二轮,80ml<排量≤90ml,排量,179.0
2020,2,销售,二轮,90ml<排量≤100ml,排量,8915.0
2020,2,销售,二轮,排量>750ml,排量,0.0
2020,2,销售,二轮,排量≤50ml,排量,17593.0
2020,2,销售,二轮,电动摩托车,排量,48857.0
2020,2,销售,二轮,二轮,汇总,286779.0
2020,2,销售,二轮,其它式,车型,0.0
2020,2,销售,二轮,弯梁式,车型,52695.0
2020,2,销售,二轮,踏板式,车型,94438.0
2020,2,销售,二轮,骑式式,车型,139646.0
2020,2,销售,总计,总计,汇总,327401.0
2020,3,生产,三轮,100ml<排量≤150ml,排量,84977.0
2020,3,生产,三轮,150ml<排量≤250ml,排量,67325.0
2020,3,生产,三轮,250ml<排量≤400ml,排量,949.0
2020,3,生产,三轮,400ml<排量≤750ml,排量,181.0
2020,3,生产,三轮,50ml<排量≤100ml,排量,50.0
2020,3,生产,三轮,排量>750ml,排量,504.0
2020,3,生产,三轮,排量≤50ml,排量,0.0
2020,3,生产,三轮,电动摩托车,排量,45600.0
2020,3,生产,三轮,三轮,汇总,199586.0
2020,3,生产,三轮,正三轮,车型,199326.0
2020,3,生产,三轮,边三轮,车型,260.0
2020,3,生产,二轮,100ml<排量≤110ml,排量,165929.0
2020,3,生产,二轮,110ml<排量≤125ml,排量,366292.0
2020,3,生产,二轮,125ml<排量≤150ml,排量,232891.0
2020,3,生产,二轮,150ml<排量≤250ml,排量,73658.0
2020,3,生产,二轮,250ml<排量≤400ml,排量,9261.0
2020,3,生产,二轮,400ml<排量≤750ml,排量,4701.0
2020,3,生产,二轮,50ml<排量≤60ml,排量,0.0
2020,3,生产,二轮,60ml<排量≤70ml,排量,5090.0
2020,3,生产,二轮,70ml<排量≤80ml,排量,60.0
2020,3,生产,二轮,80ml<排量≤90ml,排量,2010.0
2020,3,生产,二轮,90ml<排量≤100ml,排量,43061.0
2020,3,生产,二轮,排量>750ml,排量,0.0
2020,3,生产,二轮,排量≤50ml,排量,60372.0
2020,3,生产,二轮,电动摩托车,排量,204303.0
2020,3,生产,二轮,二轮,汇总,1167628.0
2020,3,生产,二轮,其它式,车型,0.0
2020,3,生产,二轮,弯梁式,车型,193675.0
2020,3,生产,二轮,踏板式,车型,395575.0
2020,3,生产,二轮,骑式式,车型,578378.0
2020,3,生产,总计,总计,汇总,1367214.0
2020,3,销售,三轮,100ml<排量≤150ml,排量,86366.0
2020,3,销售,三轮,150ml<排量≤250ml,排量,67013.0
2020,3,销售,三轮,250ml<排量≤400ml,排量,962.0
2020,3,销售,三轮,400ml<排量≤750ml,排量,188.0
2020,3,销售,三轮,50ml<排量≤100ml,排量,50.0
2020,3,销售,三轮,排量>750ml,排量,517.0
2020,3,销售,三轮,排量≤50ml,排量,0.0
2020,3,销售,三轮,电动摩托车,排量,45707.0
2020,3,销售,三轮,三轮,汇总,200803.0
2020,3,销售,三轮,正三轮,车型,200543.0
2020,3,销售,三轮,边三轮,车型,260.0
2020,3,销售,二轮,100ml<排量≤110ml,排量,162084.0
2020,3,销售,二轮,110ml<排量≤125ml,排量,368111.0
2020,3,销售,二轮,125ml<排量≤150ml,排量,235038.0
2020,3,销售,二轮,150ml<排量≤250ml,排量,70945.0
2020,3,销售,二轮,250ml<排量≤400ml,排量,8737.0
2020,3,销售,二轮,400ml<排量≤750ml,排量,4343.0
2020,3,销售,二轮,50ml<排量≤60ml,排量,0.0
2020,3,销售,二轮,60ml<排量≤70ml,排量,4586.0
2020,3,销售,二轮,70ml<排量≤80ml,排量,60.0
2020,3,销售,二轮,80ml<排量≤90ml,排量,2298.0
2020,3,销售,二轮,90ml<排量≤100ml,排量,46031.0
2020,3,销售,二轮,排量>750ml,排量,0.0
2020,3,销售,二轮,排量≤50ml,排量,54046.0
2020,3,销售,二轮,电动摩托车,排量,154080.0
2020,3,销售,二轮,二轮,汇总,1110359.0
2020,3,销售,二轮,其它式,车型,0.0
2020,3,销售,二轮,弯梁式,车型,183976.0
2020,3,销售,二轮,踏板式,车型,366471.0
2020,3,销售,二轮,骑式式,车型,559912.0
2020,3,销售,总计,总计,汇总,1311162.0
2020,4,生产,三轮,100ml<排量≤150ml,排量,92369.0
2020,4,生产,三轮,150ml<排量≤250ml,排量,67988.0
2020,4,生产,三轮,250ml<排量≤400ml,排量,1168.0
2020,4,生产,三轮,400ml<排量≤750ml,排量,441.0
2020,4,生产,三轮,50ml<排量≤100ml,排量,56.0
2020,4,生产,三轮,排量>750ml,排量,543.0
2020,4,生产,三轮,排量≤50ml,排量,0.0
2020,4,生产,三轮,电动摩托车,排量,41444.0
2020,4,生产,三轮,三轮,汇总,204009.0
2020,4,生产,三轮,正三轮,车型,203645.0
2020,4,生产,三轮,边三轮,车型,364.0
2020,4,生产,二轮,100ml<排量≤110ml,排量,170470.0
2020,4,生产,二轮,110ml<排量≤125ml,排量,401007.0
2020,4,生产,二轮,125ml<排量≤150ml,排量,250811.0
2020,4,生产,二轮,150ml<排量≤250ml,排量,90885.0
2020,4,生产,二轮,250ml<排量≤400ml,排量,12601.0
2020,4,生产,二轮,400ml<排量≤750ml,排量,7075.0
2020,4,生产,二轮,50ml<排量≤60ml,排量,0.0
2020,4,生产,二轮,60ml<排量≤70ml,排量,4470.0
2020,4,生产,二轮,70ml<排量≤80ml,排量,50.0
2020,4,生产,二轮,80ml<排量≤90ml,排量,1786.0
2020,4,生产,二轮,90ml<排量≤100ml,排量,53459.0
2020,4,生产,二轮,排量>750ml,排量,3.0
2020,4,生产,二轮,排量≤50ml,排量,54667.0
2020,4,生产,二轮,电动摩托车,排量,293372.0
2020,4,生产,二轮,二轮,汇总,1340656.0
2020,4,生产,二轮,其它式,车型,0.0
2020,4,生产,二轮,弯梁式,车型,174617.0
2020,4,生产,二轮,踏板式,车型,507962.0
2020,4,生产,二轮,骑式式,车型,658077.0
2020,4,生产,总计,总计,汇总,1544665.0
2020,4,销售,三轮,100ml<排量≤150ml,排量,94273.0
2020,4,销售,三轮,150ml<排量≤250ml,排量,68315.0
2020,4,销售,三轮,250ml<排量≤400ml,排量,1173.0
2020,4,销售,三轮,400ml<排量≤750ml,排量,448.0
2020,4,销售,三轮,50ml<排量≤100ml,排量,56.0
2020,4,销售,三轮,排量>750ml,排量,575.0
2020,4,销售,三轮,排量≤50ml,排量,0.0
2020,4,销售,三轮,电动摩托车,排量,41235.0
2020,4,销售,三轮,三轮,汇总,206075.0
2020,4,销售,三轮,正三轮,车型,205711.0
2020,4,销售,三轮,边三轮,车型,364.0
2020,4,销售,二轮,100ml<排量≤110ml,排量,162977.0
2020,4,销售,二轮,110ml<排量≤125ml,排量,398556.0
2020,4,销售,二轮,125ml<排量≤150ml,排量,260970.0
2020,4,销售,二轮,150ml<排量≤250ml,排量,99059.0
2020,4,销售,二轮,250ml<排量≤400ml,排量,11975.0
2020,4,销售,二轮,400ml<排量≤750ml,排量,6417.0
2020,4,销售,二轮,50ml<排量≤60ml,排量,0.0
2020,4,销售,二轮,60ml<排量≤70ml,排量,4273.0
2020,4,销售,二轮,70ml<排量≤80ml,排量,50.0
2020,4,销售,二轮,80ml<排量≤90ml,排量,1587.0
2020,4,销售,二轮,90ml<排量≤100ml,排量,45427.0
2020,4,销售,二轮,排量>750ml,排量,0.0
2020,4,销售,二轮,排量≤50ml,排量,57607.0
2020,4,销售,二轮,电动摩托车,排量,339093.0
2020,4,销售,二轮,二轮,汇总,1387991.0
2020,4,销售,二轮,其它式,车型,0.0
2020,4,销售,二轮,弯梁式,车型,179812.0
2020,4,销售,二轮,踏板式,车型,548774.0
2020,4,销售,二轮,骑式式,车型,659405.0
2020,4,销售,总计,总计,汇总,1594066.0
2020,5,生产,三轮,100ml<排量≤150ml,排量,88500.0
2020,5,生产,三轮,150ml<排量≤250ml,排量,65650.0
2020,5,生产,三轮,250ml<排量≤400ml,排量,1134.0
2020,5,生产,三轮,400ml<排量≤750ml,排量,447.0
2020,5,生产,三轮,50ml<排量≤100ml,排量,105.0
2020,5,生产,三轮,排量>750ml,排量,656.0
2020,5,生产,三轮,排量≤50ml,排量,0.0
2020,5,生产,三轮,电动摩托车,排量,53451.0
2020,5,生产,三轮,三轮,汇总,209943.0
2020,5,生产,三轮,正三轮,车型,209675.0
2020,5,生产,三轮,边三轮,车型,268.0
2020,5,生产,二轮,100ml<排量≤110ml,排量,160226.0
2020,5,生产,二轮,110ml<排量≤125ml,排量,355555.0
2020,5,生产,二轮,125ml<排量≤150ml,排量,244321.0
2020,5,生产,二轮,150ml<排量≤250ml,排量,96241.0
2020,5,生产,二轮,250ml<排量≤400ml,排量,11057.0
2020,5,生产,二轮,400ml<排量≤750ml,排量,6498.0
2020,5,生产,二轮,50ml<排量≤60ml,排量,0.0
2020,5,生产,二轮,60ml<排量≤70ml,排量,5221.0
2020,5,生产,二轮,70ml<排量≤80ml,排量,60.0
2020,5,生产,二轮,80ml<排量≤90ml,排量,1794.0
2020,5,生产,二轮,90ml<排量≤100ml,排量,54224.0
2020,5,生产,二轮,排量>750ml,排量,2.0
2020,5,生产,二轮,排量≤50ml,排量,51003.0
2020,5,生产,二轮,电动摩托车,排量,230890.0
2020,5,生产,二轮,二轮,汇总,1217092.0
2020,5,生产,二轮,其它式,车型,0.0
2020,5,生产,二轮,弯梁式,车型,175932.0
2020,5,生产,二轮,踏板式,车型,479341.0
2020,5,生产,二轮,骑式式,车型,561819.0
2020,5,生产,总计,总计,汇总,1427035.0
2020,5,销售,三轮,100ml<排量≤150ml,排量,90109.0
2020,5,销售,三轮,150ml<排量≤250ml,排量,64679.0
2020,5,销售,三轮,250ml<排量≤400ml,排量,1130.0
2020,5,销售,三轮,400ml<排量≤750ml,排量,441.0
2020,5,销售,三轮,50ml<排量≤100ml,排量,105.0
2020,5,销售,三轮,排量>750ml,排量,627.0
2020,5,销售,三轮,排量≤50ml,排量,0.0
2020,5,销售,三轮,电动摩托车,排量,53985.0
2020,5,销售,三轮,三轮,汇总,211076.0
2020,5,销售,三轮,正三轮,车型,210808.0
2020,5,销售,三轮,边三轮,车型,268.0
2020,5,销售,二轮,100ml<排量≤110ml,排量,155081.0
2020,5,销售,二轮,110ml<排量≤125ml,排量,357647.0
2020,5,销售,二轮,125ml<排量≤150ml,排量,238656.0
2020,5,销售,二轮,150ml<排量≤250ml,排量,97710.0
2020,5,销售,二轮,250ml<排量≤400ml,排量,12477.0
2020,5,销售,二轮,400ml<排量≤750ml,排量,6895.0
2020,5,销售,二轮,50ml<排量≤60ml,排量,0.0
2020,5,销售,二轮,60ml<排量≤70ml,排量,4711.0
2020,5,销售,二轮,70ml<排量≤80ml,排量,60.0
2020,5,销售,二轮,80ml<排量≤90ml,排量,1510.0
2020,5,销售,二轮,90ml<排量≤100ml,排量,46673.0
2020,5,销售,二轮,排量>750ml,排量,1.0
2020,5,销售,二轮,排量≤50ml,排量,53348.0
2020,5,销售,二轮,电动摩托车,排量,217798.0
2020,5,销售,二轮,二轮,汇总,1192567.0
2020,5,销售,二轮,其它式,车型,0.0
2020,5,销售,二轮,弯梁式,车型,172202.0
2020,5,销售,二轮,踏板式,车型,452530.0
2020,5,销售,二轮,骑式式,车型,567835.0
2020,5,销售,总计,总计,汇总,1403643.0
2020,6,生产,三轮,100ml<排量≤150ml,排量,76109.0
2020,6,生产,三轮,150ml<排量≤250ml,排量,63299.0
2020,6,生产,三轮,250ml<排量≤400ml,排量,845.0
2020,6,生产,三轮,400ml<排量≤750ml,排量,534.0
2020,6,生产,三轮,50ml<排量≤100ml,排量,53.0
2020,6,生产,三轮,排量>750ml,排量,710.0
2020,6,生产,三轮,排量≤50ml,排量,0.0
2020,6,生产,三轮,电动摩托车,排量,53679.0
2020,6,生产,三轮,三轮,汇总,195229.0
2020,6,生产,三轮,正三轮,车型,194959.0
2020,6,生产,三轮,边三轮,车型,270.0
2020,6,生产,二轮,100ml<排量≤110ml,排量,162398.0
2020,6,生产,二轮,110ml<排量≤125ml,排量,403787.0
2020,6,生产,二轮,125ml<排量≤150ml,排量,269239.0
2020,6,生产,二轮,150ml<排量≤250ml,排量,112520.0
2020,6,生产,二轮,250ml<排量≤400ml,排量,11991.0
2020,6,生产,二轮,400ml<排量≤750ml,排量,8556.0
2020,6,生产,二轮,50ml<排量≤60ml,排量,0.0
2020,6,生产,二轮,60ml<排量≤70ml,排量,6166.0
2020,6,生产,二轮,70ml<排量≤80ml,排量,50.0
2020,6,生产,二轮,80ml<排量≤90ml,排量,3073.0
2020,6,生产,二轮,90ml<排量≤100ml,排量,50774.0
2020,6,生产,二轮,排量>750ml,排量,5.0
2020,6,生产,二轮,排量≤50ml,排量,57654.0
2020,6,生产,二轮,电动摩托车,排量,196496.0
2020,6,生产,二轮,二轮,汇总,1282709.0
2020,6,生产,二轮,其它式,车型,0.0
2020,6,生产,二轮,弯梁式,车型,179176.0
2020,6,生产,二轮,踏板式,车型,436059.0
2020,6,生产,二轮,骑式式,车型,667474.0
2020,6,生产,总计,总计,汇总,1477938.0
2020,6,销售,三轮,100ml<排量≤150ml,排量,78241.0
2020,6,销售,三轮,150ml<排量≤250ml,排量,63166.0
2020,6,销售,三轮,250ml<排量≤400ml,排量,968.0
2020,6,销售,三轮,400ml<排量≤750ml,排量,528.0
2020,6,销售,三轮,50ml<排量≤100ml,排量,53.0
2020,6,销售,三轮,排量>750ml,排量,796.0
2020,6,销售,三轮,排量≤50ml,排量,0.0
2020,6,销售,三轮,电动摩托车,排量,53654.0
2020,6,销售,三轮,三轮,汇总,197406.0
2020,6,销售,三轮,正三轮,车型,197136.0
2020,6,销售,三轮,边三轮,车型,270.0
2020,6,销售,二轮,100ml<排量≤110ml,排量,160130.0
2020,6,销售,二轮,110ml<排量≤125ml,排量,415009.0
2020,6,销售,二轮,125ml<排量≤150ml,排量,274179.0
2020,6,销售,二轮,150ml<排量≤250ml,排量,103697.0
2020,6,销售,二轮,250ml<排量≤400ml,排量,11971.0
2020,6,销售,二轮,400ml<排量≤750ml,排量,8273.0
2020,6,销售,二轮,50ml<排量≤60ml,排量,0.0
2020,6,销售,二轮,60ml<排量≤70ml,排量,5278.0
2020,6,销售,二轮,70ml<排量≤80ml,排量,50.0
2020,6,销售,二轮,80ml<排量≤90ml,排量,2217.0
2020,6,销售,二轮,90ml<排量≤100ml,排量,52683.0
2020,6,销售,二轮,排量>750ml,排量,0.0
2020,6,销售,二轮,排量≤50ml,排量,54707.0
2020,6,销售,二轮,电动摩托车,排量,210604.0
2020,6,销售,二轮,二轮,汇总,1298798.0
2020,6,销售,二轮,其它式,车型,0.0
2020,6,销售,二轮,弯梁式,车型,175260.0
2020,6,销售,二轮,踏板式,车型,461510.0
2020,6,销售,二轮,骑式式,车型,662028.0
2020,6,销售,总计,总计,汇总,1496204.0
2020,7,生产,三轮,100ml<排量≤150ml,排量,74466.0
2020,7,生产,三轮,150ml<排量≤250ml,排量,54644.0
2020,7,生产,三轮,250ml<排量≤400ml,排量,1289.0
2020,7,生产,三轮,400ml<排量≤750ml,排量,467.0
2020,7,生产,三轮,50ml<排量≤100ml,排量,55.0
2020,7,生产,三轮,排量>750ml,排量,585.0
2020,7,生产,三轮,排量≤50ml,排量,0.0
2020,7,生产,三轮,电动摩托车,排量,44618.0
2020,7,生产,三轮,三轮,汇总,176124.0
2020,7,生产,三轮,正三轮,车型,175731.0
2020,7,生产,三轮,边三轮,车型,393.0
2020,7,生产,二轮,100ml<排量≤110ml,排量,171543.0
2020,7,生产,二轮,110ml<排量≤125ml,排量,447298.0
2020,7,生产,二轮,125ml<排量≤150ml,排量,272387.0
2020,7,生产,二轮,150ml<排量≤250ml,排量,102426.0
2020,7,生产,二轮,250ml<排量≤400ml,排量,13663.0
2020,7,生产,二轮,400ml<排量≤750ml,排量,8628.0
2020,7,生产,二轮,50ml<排量≤60ml,排量,0.0
2020,7,生产,二轮,60ml<排量≤70ml,排量,6287.0
2020,7,生产,二轮,70ml<排量≤80ml,排量,60.0
2020,7,生产,二轮,80ml<排量≤90ml,排量,4431.0
2020,7,生产,二轮,90ml<排量≤100ml,排量,63461.0
2020,7,生产,二轮,排量>750ml,排量,2.0
2020,7,生产,二轮,排量≤50ml,排量,71093.0
2020,7,生产,二轮,电动摩托车,排量,210859.0
2020,7,生产,二轮,二轮,汇总,1372138.0
2020,7,生产,二轮,其它式,车型,0.0
2020,7,生产,二轮,弯梁式,车型,188172.0
2020,7,生产,二轮,踏板式,车型,487261.0
2020,7,生产,二轮,骑式式,车型,696705.0
2020,7,生产,总计,总计,汇总,1548262.0
2020,7,销售,三轮,100ml<排量≤150ml,排量,73602.0
2020,7,销售,三轮,150ml<排量≤250ml,排量,53595.0
2020,7,销售,三轮,250ml<排量≤400ml,排量,1295.0
2020,7,销售,三轮,400ml<排量≤750ml,排量,466.0
2020,7,销售,三轮,50ml<排量≤100ml,排量,55.0
2020,7,销售,三轮,排量>750ml,排量,524.0
2020,7,销售,三轮,排量≤50ml,排量,0.0
2020,7,销售,三轮,电动摩托车,排量,43741.0
2020,7,销售,三轮,三轮,汇总,173278.0
2020,7,销售,三轮,正三轮,车型,172885.0
2020,7,销售,三轮,边三轮,车型,393.0
2020,7,销售,二轮,100ml<排量≤110ml,排量,196204.0
2020,7,销售,二轮,110ml<排量≤125ml,排量,443639.0
2020,7,销售,二轮,125ml<排量≤150ml,排量,271826.0
2020,7,销售,二轮,150ml<排量≤250ml,排量,103146.0
2020,7,销售,二轮,250ml<排量≤400ml,排量,13249.0
2020,7,销售,二轮,400ml<排量≤750ml,排量,7867.0
2020,7,销售,二轮,50ml<排量≤60ml,排量,0.0
2020,7,销售,二轮,60ml<排量≤70ml,排量,5470.0
2020,7,销售,二轮,70ml<排量≤80ml,排量,60.0
2020,7,销售,二轮,80ml<排量≤90ml,排量,4486.0
2020,7,销售,二轮,90ml<排量≤100ml,排量,61806.0
2020,7,销售,二轮,排量>750ml,排量,0.0
2020,7,销售,二轮,排量≤50ml,排量,73918.0
2020,7,销售,二轮,电动摩托车,排量,212535.0
2020,7,销售,二轮,二轮,汇总,1394206.0
2020,7,销售,二轮,其它式,车型,0.0
2020,7,销售,二轮,弯梁式,车型,206825.0
2020,7,销售,二轮,踏板式,车型,485770.0
2020,7,销售,二轮,骑式式,车型,701611.0
2020,7,销售,总计,总计,汇总,1567484.0
2020,8,生产,三轮,100ml<排量≤150ml,排量,80804.0
2020,8,生产,三轮,150ml<排量≤250ml,排量,55653.0
2020,8,生产,三轮,250ml<排量≤400ml,排量,1160.0
2020,8,生产,三轮,400ml<排量≤750ml,排量,524.0
2020,8,生产,三轮,50ml<排量≤100ml,排量,55.0
2020,8,生产,三轮,排量>750ml,排量,543.0
2020,8,生产,三轮,排量≤50ml,排量,0.0
2020,8,生产,三轮,电动摩托车,排量,70270.0
2020,8,生产,三轮,三轮,汇总,209009.0
2020,8,生产,三轮,正三轮,车型,208711.0
2020,8,生产,三轮,边三轮,车型,298.0
2020,8,生产,二轮,100ml<排量≤110ml,排量,184486.0
2020,8,生产,二轮,110ml<排量≤125ml,排量,456268.0
2020,8,生产,二轮,125ml<排量≤150ml,排量,274962.0
2020,8,生产,二轮,150ml<排量≤250ml,排量,109161.0
2020,8,生产,二轮,250ml<排量≤400ml,排量,11941.0
2020,8,生产,二轮,400ml<排量≤750ml,排量,7684.0
2020,8,生产,二轮,50ml<排量≤60ml,排量,0.0
2020,8,生产,二轮,60ml<排量≤70ml,排量,6972.0
2020,8,生产,二轮,70ml<排量≤80ml,排量,50.0
2020,8,生产,二轮,80ml<排量≤90ml,排量,4850.0
2020,8,生产,二轮,90ml<排量≤100ml,排量,56215.0
2020,8,生产,二轮,排量>750ml,排量,46.0
2020,8,生产,二轮,排量≤50ml,排量,69336.0
2020,8,生产,二轮,电动摩托车,排量,236714.0
2020,8,生产,二轮,二轮,汇总,1418685.0
2020,8,生产,二轮,其它式,车型,0.0
2020,8,生产,二轮,弯梁式,车型,195255.0
2020,8,生产,二轮,踏板式,车型,509917.0
2020,8,生产,二轮,骑式式,车型,713513.0
2020,8,生产,总计,总计,汇总,1627694.0
2020,8,销售,三轮,100ml<排量≤150ml,排量,79754.0
2020,8,销售,三轮,150ml<排量≤250ml,排量,55153.0
2020,8,销售,三轮,250ml<排量≤400ml,排量,1189.0
2020,8,销售,三轮,400ml<排量≤750ml,排量,533.0
2020,8,销售,三轮,50ml<排量≤100ml,排量,55.0
2020,8,销售,三轮,排量>750ml,排量,601.0
2020,8,销售,三轮,排量≤50ml,排量,0.0
2020,8,销售,三轮,电动摩托车,排量,65225.0
2020,8,销售,三轮,三轮,汇总,202510.0
2020,8,销售,三轮,正三轮,车型,202212.0
2020,8,销售,三轮,边三轮,车型,298.0
2020,8,销售,二轮,100ml<排量≤110ml,排量,177405.0
2020,8,销售,二轮,110ml<排量≤125ml,排量,450670.0
2020,8,销售,二轮,125ml<排量≤150ml,排量,278749.0
2020,8,销售,二轮,150ml<排量≤250ml,排量,114861.0
2020,8,销售,二轮,250ml<排量≤400ml,排量,12041.0
2020,8,销售,二轮,400ml<排量≤750ml,排量,8110.0
2020,8,销售,二轮,50ml<排量≤60ml,排量,0.0
2020,8,销售,二轮,60ml<排量≤70ml,排量,6323.0
2020,8,销售,二轮,70ml<排量≤80ml,排量,50.0
2020,8,销售,二轮,80ml<排量≤90ml,排量,4650.0
2020,8,销售,二轮,90ml<排量≤100ml,排量,54945.0
2020,8,销售,二轮,排量>750ml,排量,38.0
2020,8,销售,二轮,排量≤50ml,排量,67410.0
2020,8,销售,二轮,电动摩托车,排量,226404.0
2020,8,销售,二轮,二轮,汇总,1401656.0
2020,8,销售,二轮,其它式,车型,0.0
2020,8,销售,二轮,弯梁式,车型,187854.0
2020,8,销售,二轮,踏板式,车型,491489.0
2020,8,销售,二轮,骑式式,车型,722313.0
2020,8,销售,总计,总计,汇总,1604166.0
2020,9,生产,三轮,100ml<排量≤150ml,排量,84955.0
2020,9,生产,三轮,150ml<排量≤250ml,排量,64919.0
2020,9,生产,三轮,250ml<排量≤400ml,排量,1962.0
2020,9,生产,三轮,400ml<排量≤750ml,排量,602.0
2020,9,生产,三轮,50ml<排量≤100ml,排量,55.0
2020,9,生产,三轮,排量>750ml,排量,540.0
2020,9,生产,三轮,排量≤50ml,排量,0.0
2020,9,生产,三轮,电动摩托车,排量,76653.0
2020,9,生产,三轮,三轮,汇总,229686.0
2020,9,生产,三轮,正三轮,车型,229306.0
2020,9,生产,三轮,边三轮,车型,380.0
2020,9,生产,二轮,100ml<排量≤110ml,排量,193794.0
2020,9,生产,二轮,110ml<排量≤125ml,排量,518854.0
2020,9,生产,二轮,125ml<排量≤150ml,排量,311318.0
2020,9,生产,二轮,150ml<排量≤250ml,排量,128466.0
2020,9,生产,二轮,250ml<排量≤400ml,排量,14746.0
2020,9,生产,二轮,400ml<排量≤750ml,排量,7837.0
2020,9,生产,二轮,50ml<排量≤60ml,排量,0.0
2020,9,生产,二轮,60ml<排量≤70ml,排量,5754.0
2020,9,生产,二轮,70ml<排量≤80ml,排量,45.0
2020,9,生产,二轮,80ml<排量≤90ml,排量,4390.0
2020,9,生产,二轮,90ml<排量≤100ml,排量,74344.0
2020,9,生产,二轮,排量>750ml,排量,96.0
2020,9,生产,二轮,排量≤50ml,排量,72436.0
2020,9,生产,二轮,电动摩托车,排量,308938.0
2020,9,生产,二轮,二轮,汇总,1641018.0
2020,9,生产,二轮,其它式,车型,0.0
2020,9,生产,二轮,弯梁式,车型,223380.0
2020,9,生产,二轮,踏板式,车型,603062.0
2020,9,生产,二轮,骑式式,车型,814576.0
2020,9,生产,总计,总计,汇总,1870704.0
2020,9,销售,三轮,100ml<排量≤150ml,排量,85785.0
2020,9,销售,三轮,150ml<排量≤250ml,排量,64689.0
2020,9,销售,三轮,250ml<排量≤400ml,排量,1976.0
2020,9,销售,三轮,400ml<排量≤750ml,排量,581.0
2020,9,销售,三轮,50ml<排量≤100ml,排量,56.0
2020,9,销售,三轮,排量>750ml,排量,555.0
2020,9,销售,三轮,排量≤50ml,排量,0.0
2020,9,销售,三轮,电动摩托车,排量,74166.0
2020,9,销售,三轮,三轮,汇总,227808.0
2020,9,销售,三轮,正三轮,车型,227428.0
2020,9,销售,三轮,边三轮,车型,380.0
2020,9,销售,二轮,100ml<排量≤110ml,排量,201184.0
2020,9,销售,二轮,110ml<排量≤125ml,排量,509867.0
2020,9,销售,二轮,125ml<排量≤150ml,排量,317450.0
2020,9,销售,二轮,150ml<排量≤250ml,排量,124799.0
2020,9,销售,二轮,250ml<排量≤400ml,排量,14648.0
2020,9,销售,二轮,400ml<排量≤750ml,排量,8971.0
2020,9,销售,二轮,50ml<排量≤60ml,排量,0.0
2020,9,销售,二轮,60ml<排量≤70ml,排量,5389.0
2020,9,销售,二轮,70ml<排量≤80ml,排量,45.0
2020,9,销售,二轮,80ml<排量≤90ml,排量,4065.0
2020,9,销售,二轮,90ml<排量≤100ml,排量,74028.0
2020,9,销售,二轮,排量>750ml,排量,54.0
2020,9,销售,二轮,排量≤50ml,排量,69064.0
2020,9,销售,二轮,电动摩托车,排量,313077.0
2020,9,销售,二轮,二轮,汇总,1642641.0
2020,9,销售,二轮,其它式,车型,132.0
2020,9,销售,二轮,弯梁式,车型,225256.0
2020,9,销售,二轮,踏板式,车型,608473.0
2020,9,销售,二轮,骑式式,车型,808780.0
2020,9,销售,总计,总计,汇总,1870449.0
2020,10,生产,三轮,100ml<排量≤150ml,排量,77763.0
2020,10,生产,三轮,150ml<排量≤250ml,排量,61763.0
2020,10,生产,三轮,250ml<排量≤400ml,排量,1224.0
2020,10,生产,三轮,400ml<排量≤750ml,排量,397.0
2020,10,生产,三轮,50ml<排量≤100ml,排量,55.0
2020,10,生产,三轮,排量>750ml,排量,608.0
2020,10,生产,三轮,排量≤50ml,排量,0.0
2020,10,生产,三轮,电动摩托车,排量,76947.0
2020,10,生产,三轮,三轮,汇总,218757.0
2020,10,生产,三轮,正三轮,车型,218409.0
2020,10,生产,三轮,边三轮,车型,348.0
2020,10,生产,二轮,100ml<排量≤110ml,排量,179527.0
2020,10,生产,二轮,110ml<排量≤125ml,排量,417678.0
2020,10,生产,二轮,125ml<排量≤150ml,排量,284253.0
2020,10,生产,二轮,150ml<排量≤250ml,排量,107862.0
2020,10,生产,二轮,250ml<排量≤400ml,排量,14651.0
2020,10,生产,二轮,400ml<排量≤750ml,排量,5993.0
2020,10,生产,二轮,50ml<排量≤60ml,排量,0.0
2020,10,生产,二轮,60ml<排量≤70ml,排量,5982.0
2020,10,生产,二轮,70ml<排量≤80ml,排量,40.0
2020,10,生产,二轮,80ml<排量≤90ml,排量,4946.0
2020,10,生产,二轮,90ml<排量≤100ml,排量,68170.0
2020,10,生产,二轮,排量>750ml,排量,9.0
2020,10,生产,二轮,排量≤50ml,排量,66943.0
2020,10,生产,二轮,电动摩托车,排量,197327.0
2020,10,生产,二轮,二轮,汇总,1353381.0
2020,10,生产,二轮,其它式,车型,0.0
2020,10,生产,二轮,弯梁式,车型,205352.0
2020,10,生产,二轮,踏板式,车型,465837.0
2020,10,生产,二轮,骑式式,车型,682192.0
2020,10,生产,总计,总计,汇总,1572138.0
2020,10,销售,三轮,100ml<排量≤150ml,排量,78744.0
2020,10,销售,三轮,150ml<排量≤250ml,排量,60988.0
2020,10,销售,三轮,250ml<排量≤400ml,排量,1225.0
2020,10,销售,三轮,400ml<排量≤750ml,排量,429.0
2020,10,销售,三轮,50ml<排量≤100ml,排量,55.0
2020,10,销售,三轮,排量>750ml,排量,610.0
2020,10,销售,三轮,排量≤50ml,排量,0.0
2020,10,销售,三轮,电动摩托车,排量,70046.0
2020,10,销售,三轮,三轮,汇总,212097.0
2020,10,销售,三轮,正三轮,车型,211749.0
2020,10,销售,三轮,边三轮,车型,348.0
2020,10,销售,二轮,100ml<排量≤110ml,排量,176438.0
2020,10,销售,二轮,110ml<排量≤125ml,排量,437330.0
2020,10,销售,二轮,125ml<排量≤150ml,排量,288247.0
2020,10,销售,二轮,150ml<排量≤250ml,排量,102366.0
2020,10,销售,二轮,250ml<排量≤400ml,排量,14079.0
2020,10,销售,二轮,400ml<排量≤750ml,排量,5262.0
2020,10,销售,二轮,50ml<排量≤60ml,排量,0.0
2020,10,销售,二轮,60ml<排量≤70ml,排量,5348.0
2020,10,销售,二轮,70ml<排量≤80ml,排量,40.0
2020,10,销售,二轮,80ml<排量≤90ml,排量,3801.0
2020,10,销售,二轮,90ml<排量≤100ml,排量,63662.0
2020,10,销售,二轮,排量>750ml,排量,4.0
2020,10,销售,二轮,排量≤50ml,排量,65603.0
2020,10,销售,二轮,电动摩托车,排量,187017.0
2020,10,销售,二轮,二轮,汇总,1349197.0
2020,10,销售,二轮,其它式,车型,0.0
2020,10,销售,二轮,弯梁式,车型,199666.0
2020,10,销售,二轮,踏板式,车型,467828.0
2020,10,销售,二轮,骑式式,车型,681703.0
2020,10,销售,总计,总计,汇总,1561294.0
2020,11,生产,三轮,100ml<排量≤150ml,排量,75485.0
2020,11,生产,三轮,150ml<排量≤250ml,排量,62437.0
2020,11,生产,三轮,250ml<排量≤400ml,排量,2457.0
2020,11,生产,三轮,400ml<排量≤750ml,排量,603.0
2020,11,生产,三轮,50ml<排量≤100ml,排量,54.0
2020,11,生产,三轮,排量>750ml,排量,693.0
2020,11,生产,三轮,排量≤50ml,排量,0.0
2020,11,生产,三轮,电动摩托车,排量,77180.0
2020,11,生产,三轮,三轮,汇总,218909.0
2020,11,生产,三轮,正三轮,车型,218795.0
2020,11,生产,三轮,边三轮,车型,114.0
2020,11,生产,二轮,100ml<排量≤110ml,排量,174587.0
2020,11,生产,二轮,110ml<排量≤125ml,排量,471510.0
2020,11,生产,二轮,125ml<排量≤150ml,排量,300803.0
2020,11,生产,二轮,150ml<排量≤250ml,排量,126817.0
2020,11,生产,二轮,250ml<排量≤400ml,排量,14440.0
2020,11,生产,二轮,400ml<排量≤750ml,排量,5957.0
2020,11,生产,二轮,50ml<排量≤60ml,排量,0.0
2020,11,生产,二轮,60ml<排量≤70ml,排量,6038.0
2020,11,生产,二轮,70ml<排量≤80ml,排量,330.0
2020,11,生产,二轮,80ml<排量≤90ml,排量,5832.0
2020,11,生产,二轮,90ml<排量≤100ml,排量,54917.0
2020,11,生产,二轮,排量>750ml,排量,43.0
2020,11,生产,二轮,排量≤50ml,排量,49602.0
2020,11,生产,二轮,电动摩托车,排量,146091.0
2020,11,生产,二轮,二轮,汇总,1356967.0
2020,11,生产,二轮,其它式,车型,0.0
2020,11,生产,二轮,弯梁式,车型,202220.0
2020,11,生产,二轮,踏板式,车型,400968.0
2020,11,生产,二轮,骑式式,车型,753779.0
2020,11,生产,总计,总计,汇总,1575876.0
2020,11,销售,三轮,100ml<排量≤150ml,排量,73747.0
2020,11,销售,三轮,150ml<排量≤250ml,排量,61838.0
2020,11,销售,三轮,250ml<排量≤400ml,排量,2438.0
2020,11,销售,三轮,400ml<排量≤750ml,排量,599.0
2020,11,销售,三轮,50ml<排量≤100ml,排量,54.0
2020,11,销售,三轮,排量>750ml,排量,687.0
2020,11,销售,三轮,排量≤50ml,排量,0.0
2020,11,销售,三轮,电动摩托车,排量,88726.0
2020,11,销售,三轮,三轮,汇总,228089.0
2020,11,销售,三轮,正三轮,车型,227975.0
2020,11,销售,三轮,边三轮,车型,114.0
2020,11,销售,二轮,100ml<排量≤110ml,排量,173480.0
2020,11,销售,二轮,110ml<排量≤125ml,排量,445008.0
2020,11,销售,二轮,125ml<排量≤150ml,排量,295074.0
2020,11,销售,二轮,150ml<排量≤250ml,排量,119238.0
2020,11,销售,二轮,250ml<排量≤400ml,排量,13138.0
2020,11,销售,二轮,400ml<排量≤750ml,排量,4454.0
2020,11,销售,二轮,50ml<排量≤60ml,排量,0.0
2020,11,销售,二轮,60ml<排量≤70ml,排量,6434.0
2020,11,销售,二轮,70ml<排量≤80ml,排量,330.0
2020,11,销售,二轮,80ml<排量≤90ml,排量,6752.0
2020,11,销售,二轮,90ml<排量≤100ml,排量,60290.0
2020,11,销售,二轮,排量>750ml,排量,44.0
2020,11,销售,二轮,排量≤50ml,排量,51724.0
2020,11,销售,二轮,电动摩托车,排量,146497.0
2020,11,销售,二轮,二轮,汇总,1322463.0
2020,11,销售,二轮,其它式,车型,0.0
2020,11,销售,二轮,弯梁式,车型,206340.0
2020,11,销售,二轮,踏板式,车型,378268.0
2020,11,销售,二轮,骑式式,车型,737855.0
2020,11,销售,总计,总计,汇总,1550552.0
2020,12,生产,三轮,100ml<排量≤150ml,排量,74559.0
2020,12,生产,三轮,150ml<排量≤250ml,排量,48145.0
2020,12,生产,三轮,250ml<排量≤400ml,排量,1023.0
2020,12,生产,三轮,400ml<排量≤750ml,排量,729.0
2020,12,生产,三轮,50ml<排量≤100ml,排量,0.0
2020,12,生产,三轮,排量>750ml,排量,882.0
2020,12,生产,三轮,排量≤50ml,排量,0.0
2020,12,生产,三轮,电动摩托车,排量,79321.0
2020,12,生产,三轮,三轮,汇总,204659.0
2020,12,生产,三轮,正三轮,车型,204585.0
2020,12,生产,三轮,边三轮,车型,74.0
2020,12,生产,二轮,100ml<排量≤110ml,排量,213979.0
2020,12,生产,二轮,110ml<排量≤125ml,排量,493183.0
2020,12,生产,二轮,125ml<排量≤150ml,排量,316199.0
2020,12,生产,二轮,150ml<排量≤250ml,排量,128842.0
2020,12,生产,二轮,250ml<排量≤400ml,排量,9886.0
2020,12,生产,二轮,400ml<排量≤750ml,排量,6028.0
2020,12,生产,二轮,50ml<排量≤60ml,排量,0.0
2020,12,生产,二轮,60ml<排量≤70ml,排量,9448.0
2020,12,生产,二轮,70ml<排量≤80ml,排量,25.0
2020,12,生产,二轮,80ml<排量≤90ml,排量,6147.0
2020,12,生产,二轮,90ml<排量≤100ml,排量,78939.0
2020,12,生产,二轮,排量>750ml,排量,63.0
2020,12,生产,二轮,排量≤50ml,排量,51674.0
2020,12,生产,二轮,电动摩托车,排量,169033.0
2020,12,生产,二轮,二轮,汇总,1483446.0
2020,12,生产,二轮,其它式,车型,0.0
2020,12,生产,二轮,弯梁式,车型,227845.0
2020,12,生产,二轮,踏板式,车型,410368.0
2020,12,生产,二轮,骑式式,车型,845233.0
2020,12,生产,总计,总计,汇总,1688105.0
2020,12,销售,三轮,100ml<排量≤150ml,排量,76676.0
2020,12,销售,三轮,150ml<排量≤250ml,排量,49532.0
2020,12,销售,三轮,250ml<排量≤400ml,排量,1019.0
2020,12,销售,三轮,400ml<排量≤750ml,排量,707.0
2020,12,销售,三轮,50ml<排量≤100ml,排量,0.0
2020,12,销售,三轮,排量>750ml,排量,872.0
2020,12,销售,三轮,排量≤50ml,排量,0.0
2020,12,销售,三轮,电动摩托车,排量,79114.0
2020,12,销售,三轮,三轮,汇总,207920.0
2020,12,销售,三轮,正三轮,车型,207846.0
2020,12,销售,三轮,边三轮,车型,74.0
2020,12,销售,二轮,100ml<排量≤110ml,排量,202333.0
2020,12,销售,二轮,110ml<排量≤125ml,排量,504119.0
2020,12,销售,二轮,125ml<排量≤150ml,排量,317316.0
2020,12,销售,二轮,150ml<排量≤250ml,排量,120383.0
2020,12,销售,二轮,250ml<排量≤400ml,排量,9898.0
2020,12,销售,二轮,400ml<排量≤750ml,排量,6133.0
2020,12,销售,二轮,50ml<排量≤60ml,排量,0.0
2020,12,销售,二轮,60ml<排量≤70ml,排量,10431.0
2020,12,销售,二轮,70ml<排量≤80ml,排量,25.0
2020,12,销售,二轮,80ml<排量≤90ml,排量,7261.0
2020,12,销售,二轮,90ml<排量≤100ml,排量,76908.0
2020,12,销售,二轮,排量>750ml,排量,92.0
2020,12,销售,二轮,排量≤50ml,排量,47576.0
2020,12,销售,二轮,电动摩托车,排量,176756.0
2020,12,销售,二轮,二轮,汇总,1479231.0
2020,12,销售,二轮,其它式,车型,0.0
2020,12,销售,二轮,弯梁式,车型,219046.0
2020,12,销售,二轮,踏板式,车型,423965.0
2020,12,销售,二轮,骑式式,车型,836220.0
2020,12,销售,总计,总计,汇总,1687151.0
2021,1,生产,三轮,100ml<排量≤150ml,排量,71862.0
2021,1,生产,三轮,150ml<排量≤250ml,排量,63100.0
2021,1,生产,三轮,250ml<排量≤400ml,排量,1296.0
2021,1,生产,三轮,400ml<排量≤750ml,排量,531.0
2021,1,生产,三轮,50ml<排量≤100ml,排量,99.0
2021,1,生产,三轮,排量>750ml,排量,694.0
2021,1,生产,三轮,排量≤50ml,排量,0.0
2021,1,生产,三轮,电动摩托车,排量,99921.0
2021,1,生产,三轮,三轮,汇总,237503.0
2021,1,生产,三轮,正三轮,车型,237357.0
2021,1,生产,三轮,边三轮,车型,146.0
2021,1,生产,二轮,100ml<排量≤110ml,排量,193307.0
2021,1,生产,二轮,110ml<排量≤125ml,排量,502182.0
2021,1,生产,二轮,125ml<排量≤150ml,排量,306672.0
2021,1,生产,二轮,150ml<排量≤250ml,排量,106044.0
2021,1,生产,二轮,250ml<排量≤400ml,排量,15255.0
2021,1,生产,二轮,400ml<排量≤750ml,排量,5825.0
2021,1,生产,二轮,50ml<排量≤60ml,排量,4.0
2021,1,生产,二轮,60ml<排量≤70ml,排量,5475.0
2021,1,生产,二轮,70ml<排量≤80ml,排量,20.0
2021,1,生产,二轮,80ml<排量≤90ml,排量,5235.0
2021,1,生产,二轮,90ml<排量≤100ml,排量,57127.0
2021,1,生产,二轮,排量>750ml,排量,22.0
2021,1,生产,二轮,排量≤50ml,排量,56493.0
2021,1,生产,二轮,电动摩托车,排量,221806.0
2021,1,生产,二轮,二轮,汇总,1475467.0
2021,1,生产,二轮,其它式,车型,0.0
2021,1,生产,二轮,弯梁式,车型,195332.0
2021,1,生产,二轮,踏板式,车型,470554.0
2021,1,生产,二轮,骑式式,车型,809581.0
2021,1,生产,总计,总计,汇总,1712970.0
2021,1,销售,三轮,100ml<排量≤150ml,排量,74920.0
2021,1,销售,三轮,150ml<排量≤250ml,排量,62398.0
2021,1,销售,三轮,250ml<排量≤400ml,排量,1227.0
2021,1,销售,三轮,400ml<排量≤750ml,排量,537.0
2021,1,销售,三轮,50ml<排量≤100ml,排量,99.0
2021,1,销售,三轮,排量>750ml,排量,711.0
2021,1,销售,三轮,排量≤50ml,排量,0.0
2021,1,销售,三轮,电动摩托车,排量,99652.0
2021,1,销售,三轮,三轮,汇总,239544.0
2021,1,销售,三轮,正三轮,车型,239398.0
2021,1,销售,三轮,边三轮,车型,146.0
2021,1,销售,二轮,100ml<排量≤110ml,排量,203555.0
2021,1,销售,二轮,110ml<排量≤125ml,排量,522747.0
2021,1,销售,二轮,125ml<排量≤150ml,排量,306147.0
2021,1,销售,二轮,150ml<排量≤250ml,排量,101785.0
2021,1,销售,二轮,250ml<排量≤400ml,排量,13056.0
2021,1,销售,二轮,400ml<排量≤750ml,排量,5363.0
2021,1,销售,二轮,50ml<排量≤60ml,排量,0.0
2021,1,销售,二轮,60ml<排量≤70ml,排量,4979.0
2021,1,销售,二轮,70ml<排量≤80ml,排量,20.0
2021,1,销售,二轮,80ml<排量≤90ml,排量,5214.0
2021,1,销售,二轮,90ml<排量≤100ml,排量,59578.0
2021,1,销售,二轮,排量>750ml,排量,19.0
2021,1,销售,二轮,排量≤50ml,排量,59280.0
2021,1,销售,二轮,电动摩托车,排量,206448.0
2021,1,销售,二轮,二轮,汇总,1488191.0
2021,1,销售,二轮,其它式,车型,0.0
2021,1,销售,二轮,弯梁式,车型,218624.0
2021,1,销售,二轮,踏板式,车型,479082.0
2021,1,销售,二轮,骑式式,车型,790485.0
2021,1,销售,总计,总计,汇总,1727735.0
2021,2,生产,三轮,100ml<排量≤150ml,排量,47583.0
2021,2,生产,三轮,150ml<排量≤250ml,排量,44834.0
2021,2,生产,三轮,250ml<排量≤400ml,排量,1043.0
2021,2,生产,三轮,400ml<排量≤750ml,排量,206.0
2021,2,生产,三轮,50ml<排量≤100ml,排量,0.0
2021,2,生产,三轮,排量>750ml,排量,515.0
2021,2,生产,三轮,排量≤50ml,排量,0.0
2021,2,生产,三轮,电动摩托车,排量,15343.0
2021,2,生产,三轮,三轮,汇总,109524.0
2021,2,生产,三轮,正三轮,车型,109402.0
2021,2,生产,三轮,边三轮,车型,122.0
2021,2,生产,二轮,100ml<排量≤110ml,排量,128855.0
2021,2,生产,二轮,110ml<排量≤125ml,排量,293782.0
2021,2,生产,二轮,125ml<排量≤150ml,排量,179580.0
2021,2,生产,二轮,150ml<排量≤250ml,排量,66202.0
2021,2,生产,二轮,250ml<排量≤400ml,排量,7628.0
2021,2,生产,二轮,400ml<排量≤750ml,排量,1275.0
2021,2,生产,二轮,50ml<排量≤60ml,排量,0.0
2021,2,生产,二轮,60ml<排量≤70ml,排量,6257.0
2021,2,生产,二轮,70ml<排量≤80ml,排量,15.0
2021,2,生产,二轮,80ml<排量≤90ml,排量,3842.0
2021,2,生产,二轮,90ml<排量≤100ml,排量,45804.0
2021,2,生产,二轮,排量>750ml,排量,0.0
2021,2,生产,二轮,排量≤50ml,排量,37861.0
2021,2,生产,二轮,电动摩托车,排量,111596.0
2021,2,生产,二轮,二轮,汇总,882697.0
2021,2,生产,二轮,其它式,车型,0.0
2021,2,生产,二轮,弯梁式,车型,154787.0
2021,2,生产,二轮,踏板式,车型,263671.0
2021,2,生产,二轮,骑式式,车型,464239.0
2021,2,生产,总计,总计,汇总,992221.0
2021,2,销售,三轮,100ml<排量≤150ml,排量,46763.0
2021,2,销售,三轮,150ml<排量≤250ml,排量,42183.0
2021,2,销售,三轮,250ml<排量≤400ml,排量,1124.0
2021,2,销售,三轮,400ml<排量≤750ml,排量,226.0
2021,2,销售,三轮,50ml<排量≤100ml,排量,0.0
2021,2,销售,三轮,排量>750ml,排量,504.0
2021,2,销售,三轮,排量≤50ml,排量,0.0
2021,2,销售,三轮,电动摩托车,排量,15484.0
2021,2,销售,三轮,三轮,汇总,106284.0
2021,2,销售,三轮,正三轮,车型,106162.0
2021,2,销售,三轮,边三轮,车型,122.0
2021,2,销售,二轮,100ml<排量≤110ml,排量,128995.0
2021,2,销售,二轮,110ml<排量≤125ml,排量,335231.0
2021,2,销售,二轮,125ml<排量≤150ml,排量,198113.0
2021,2,销售,二轮,150ml<排量≤250ml,排量,71649.0
2021,2,销售,二轮,250ml<排量≤400ml,排量,8550.0
2021,2,销售,二轮,400ml<排量≤750ml,排量,979.0
2021,2,销售,二轮,50ml<排量≤60ml,排量,0.0
2021,2,销售,二轮,60ml<排量≤70ml,排量,6700.0
2021,2,销售,二轮,70ml<排量≤80ml,排量,15.0
2021,2,销售,二轮,80ml<排量≤90ml,排量,4622.0
2021,2,销售,二轮,90ml<排量≤100ml,排量,41242.0
2021,2,销售,二轮,排量>750ml,排量,0.0
2021,2,销售,二轮,排量≤50ml,排量,36365.0
2021,2,销售,二轮,电动摩托车,排量,114166.0
2021,2,销售,二轮,二轮,汇总,946627.0
2021,2,销售,二轮,其它式,车型,0.0
2021,2,销售,二轮,弯梁式,车型,153615.0
2021,2,销售,二轮,踏板式,车型,303017.0
2021,2,销售,二轮,骑式式,车型,489995.0
2021,2,销售,总计,总计,汇总,1052911.0
2021,3,生产,三轮,100ml<排量≤150ml,排量,84637.0
2021,3,生产,三轮,150ml<排量≤250ml,排量,71900.0
2021,3,生产,三轮,250ml<排量≤400ml,排量,1044.0
2021,3,生产,三轮,400ml<排量≤750ml,排量,716.0
2021,3,生产,三轮,50ml<排量≤100ml,排量,0.0
2021,3,生产,三轮,排量>750ml,排量,443.0
2021,3,生产,三轮,排量≤50ml,排量,0.0
2021,3,生产,三轮,电动摩托车,排量,50006.0
2021,3,生产,三轮,三轮,汇总,208746.0
2021,3,生产,三轮,正三轮,车型,208324.0
2021,3,生产,三轮,边三轮,车型,422.0
2021,3,生产,二轮,100ml<排量≤110ml,排量,186885.0
2021,3,生产,二轮,110ml<排量≤125ml,排量,513370.0
2021,3,生产,二轮,125ml<排量≤150ml,排量,339751.0
2021,3,生产,二轮,150ml<排量≤250ml,排量,128966.0
2021,3,生产,二轮,250ml<排量≤400ml,排量,14841.0
2021,3,生产,二轮,400ml<排量≤750ml,排量,6393.0
2021,3,生产,二轮,50ml<排量≤60ml,排量,712.0
2021,3,生产,二轮,60ml<排量≤70ml,排量,5592.0
2021,3,生产,二轮,70ml<排量≤80ml,排量,20.0
2021,3,生产,二轮,80ml<排量≤90ml,排量,3894.0
2021,3,生产,二轮,90ml<排量≤100ml,排量,58914.0
2021,3,生产,二轮,排量>750ml,排量,51.0
2021,3,生产,二轮,排量≤50ml,排量,80195.0
2021,3,生产,二轮,电动摩托车,排量,307641.0
2021,3,生产,二轮,二轮,汇总,1647225.0
2021,3,生产,二轮,其它式,车型,0.0
2021,3,生产,二轮,弯梁式,车型,228521.0
2021,3,生产,二轮,踏板式,车型,597014.0
2021,3,生产,二轮,骑式式,车型,821690.0
2021,3,生产,总计,总计,汇总,1855971.0
2021,3,销售,三轮,100ml<排量≤150ml,排量,82827.0
2021,3,销售,三轮,150ml<排量≤250ml,排量,72108.0
2021,3,销售,三轮,250ml<排量≤400ml,排量,1018.0
2021,3,销售,三轮,400ml<排量≤750ml,排量,716.0
2021,3,销售,三轮,50ml<排量≤100ml,排量,0.0
2021,3,销售,三轮,排量>750ml,排量,409.0
2021,3,销售,三轮,排量≤50ml,排量,0.0
2021,3,销售,三轮,电动摩托车,排量,51633.0
2021,3,销售,三轮,三轮,汇总,208711.0
2021,3,销售,三轮,正三轮,车型,208310.0
2021,3,销售,三轮,边三轮,车型,401.0
2021,3,销售,二轮,100ml<排量≤110ml,排量,177175.0
2021,3,销售,二轮,110ml<排量≤125ml,排量,503738.0
2021,3,销售,二轮,125ml<排量≤150ml,排量,341649.0
2021,3,销售,二轮,150ml<排量≤250ml,排量,135350.0
2021,3,销售,二轮,250ml<排量≤400ml,排量,16118.0
2021,3,销售,二轮,400ml<排量≤750ml,排量,7638.0
2021,3,销售,二轮,50ml<排量≤60ml,排量,278.0
2021,3,销售,二轮,60ml<排量≤70ml,排量,6436.0
2021,3,销售,二轮,70ml<排量≤80ml,排量,20.0
2021,3,销售,二轮,80ml<排量≤90ml,排量,3529.0
2021,3,销售,二轮,90ml<排量≤100ml,排量,63103.0
2021,3,销售,二轮,排量>750ml,排量,0.0
2021,3,销售,二轮,排量≤50ml,排量,76678.0
2021,3,销售,二轮,电动摩托车,排量,302505.0
2021,3,销售,二轮,二轮,汇总,1634217.0
2021,3,销售,二轮,其它式,车型,0.0
2021,3,销售,二轮,弯梁式,车型,219146.0
2021,3,销售,二轮,踏板式,车型,589012.0
2021,3,销售,二轮,骑式式,车型,826059.0
2021,3,销售,总计,总计,汇总,1842928.0
2021,4,生产,三轮,100ml<排量≤150ml,排量,79020.0
2021,4,生产,三轮,150ml<排量≤250ml,排量,65273.0
2021,4,生产,三轮,250ml<排量≤400ml,排量,967.0
2021,4,生产,三轮,400ml<排量≤750ml,排量,876.0
2021,4,生产,三轮,50ml<排量≤100ml,排量,0.0
2021,4,生产,三轮,排量>750ml,排量,68.0
2021,4,生产,三轮,排量≤50ml,排量,50.0
2021,4,生产,三轮,电动摩托车,排量,75437.0
2021,4,生产,三轮,三轮,汇总,221691.0
2021,4,生产,三轮,正三轮,车型,221183.0
2021,4,生产,三轮,边三轮,车型,508.0
2021,4,生产,二轮,100ml<排量≤110ml,排量,188182.0
2021,4,生产,二轮,110ml<排量≤125ml,排量,515342.0
2021,4,生产,二轮,125ml<排量≤150ml,排量,325730.0
2021,4,生产,二轮,150ml<排量≤250ml,排量,119433.0
2021,4,生产,二轮,250ml<排量≤400ml,排量,18165.0
2021,4,生产,二轮,400ml<排量≤750ml,排量,10812.0
2021,4,生产,二轮,50ml<排量≤60ml,排量,0.0
2021,4,生产,二轮,60ml<排量≤70ml,排量,6017.0
2021,4,生产,二轮,70ml<排量≤80ml,排量,412.0
2021,4,生产,二轮,80ml<排量≤90ml,排量,3405.0
2021,4,生产,二轮,90ml<排量≤100ml,排量,63404.0
2021,4,生产,二轮,排量>750ml,排量,544.0
2021,4,生产,二轮,排量≤50ml,排量,94831.0
2021,4,生产,二轮,电动摩托车,排量,345000.0
2021,4,生产,二轮,二轮,汇总,1691277.0
2021,4,生产,二轮,其它式,车型,0.0
2021,4,生产,二轮,弯梁式,车型,214376.0
2021,4,生产,二轮,踏板式,车型,649676.0
2021,4,生产,二轮,骑式式,车型,827225.0
2021,4,生产,总计,总计,汇总,1912968.0
2021,4,销售,三轮,100ml<排量≤150ml,排量,82080.0
2021,4,销售,三轮,150ml<排量≤250ml,排量,63846.0
2021,4,销售,三轮,250ml<排量≤400ml,排量,898.0
2021,4,销售,三轮,400ml<排量≤750ml,排量,882.0
2021,4,销售,三轮,50ml<排量≤100ml,排量,0.0
2021,4,销售,三轮,排量>750ml,排量,89.0
2021,4,销售,三轮,排量≤50ml,排量,50.0
2021,4,销售,三轮,电动摩托车,排量,76046.0
2021,4,销售,三轮,三轮,汇总,223891.0
2021,4,销售,三轮,正三轮,车型,223542.0
2021,4,销售,三轮,边三轮,车型,349.0
2021,4,销售,二轮,100ml<排量≤110ml,排量,180070.0
2021,4,销售,二轮,110ml<排量≤125ml,排量,505216.0
2021,4,销售,二轮,125ml<排量≤150ml,排量,318570.0
2021,4,销售,二轮,150ml<排量≤250ml,排量,121520.0
2021,4,销售,二轮,250ml<排量≤400ml,排量,19589.0
2021,4,销售,二轮,400ml<排量≤750ml,排量,10535.0
2021,4,销售,二轮,50ml<排量≤60ml,排量,0.0
2021,4,销售,二轮,60ml<排量≤70ml,排量,6166.0
2021,4,销售,二轮,70ml<排量≤80ml,排量,412.0
2021,4,销售,二轮,80ml<排量≤90ml,排量,3452.0
2021,4,销售,二轮,90ml<排量≤100ml,排量,59971.0
2021,4,销售,二轮,排量>750ml,排量,164.0
2021,4,销售,二轮,排量≤50ml,排量,98762.0
2021,4,销售,二轮,电动摩托车,排量,329265.0
2021,4,销售,二轮,二轮,汇总,1653692.0
2021,4,销售,二轮,其它式,车型,0.0
2021,4,销售,二轮,弯梁式,车型,210232.0
2021,4,销售,二轮,踏板式,车型,626598.0
2021,4,销售,二轮,骑式式,车型,816862.0
2021,4,销售,总计,总计,汇总,1877583.0
2021,5,生产,三轮,100ml<排量≤150ml,排量,77915.0
2021,5,生产,三轮,150ml<排量≤250ml,排量,62970.0
2021,5,生产,三轮,250ml<排量≤400ml,排量,1088.0
2021,5,生产,三轮,400ml<排量≤750ml,排量,364.0
2021,5,生产,三轮,50ml<排量≤100ml,排量,0.0
2021,5,生产,三轮,排量>750ml,排量,85.0
2021,5,生产,三轮,排量≤50ml,排量,0.0
2021,5,生产,三轮,电动摩托车,排量,83795.0
2021,5,生产,三轮,三轮,汇总,226217.0
2021,5,生产,三轮,正三轮,车型,225903.0
2021,5,生产,三轮,边三轮,车型,314.0
2021,5,生产,二轮,100ml<排量≤110ml,排量,169857.0
2021,5,生产,二轮,110ml<排量≤125ml,排量,470445.0
2021,5,生产,二轮,125ml<排量≤150ml,排量,315508.0
2021,5,生产,二轮,150ml<排量≤250ml,排量,104681.0
2021,5,生产,二轮,250ml<排量≤400ml,排量,16842.0
2021,5,生产,二轮,400ml<排量≤750ml,排量,9159.0
2021,5,生产,二轮,50ml<排量≤60ml,排量,0.0
2021,5,生产,二轮,60ml<排量≤70ml,排量,5359.0
2021,5,生产,二轮,70ml<排量≤80ml,排量,115.0
2021,5,生产,二轮,80ml<排量≤90ml,排量,3716.0
2021,5,生产,二轮,90ml<排量≤100ml,排量,56643.0
2021,5,生产,二轮,排量>750ml,排量,325.0
2021,5,生产,二轮,排量≤50ml,排量,82308.0
2021,5,生产,二轮,电动摩托车,排量,228161.0
2021,5,生产,二轮,二轮,汇总,1463119.0
2021,5,生产,二轮,其它式,车型,2032.0
2021,5,生产,二轮,弯梁式,车型,197770.0
2021,5,生产,二轮,踏板式,车型,504156.0
2021,5,生产,二轮,骑式式,车型,759161.0
2021,5,生产,总计,总计,汇总,1689336.0
2021,5,销售,三轮,100ml<排量≤150ml,排量,77253.0
2021,5,销售,三轮,150ml<排量≤250ml,排量,61960.0
2021,5,销售,三轮,250ml<排量≤400ml,排量,1085.0
2021,5,销售,三轮,400ml<排量≤750ml,排量,362.0
2021,5,销售,三轮,50ml<排量≤100ml,排量,0.0
2021,5,销售,三轮,排量>750ml,排量,97.0
2021,5,销售,三轮,排量≤50ml,排量,0.0
2021,5,销售,三轮,电动摩托车,排量,83308.0
2021,5,销售,三轮,三轮,汇总,224065.0
2021,5,销售,三轮,正三轮,车型,223751.0
2021,5,销售,三轮,边三轮,车型,314.0
2021,5,销售,二轮,100ml<排量≤110ml,排量,166133.0
2021,5,销售,二轮,110ml<排量≤125ml,排量,473378.0
2021,5,销售,二轮,125ml<排量≤150ml,排量,310706.0
2021,5,销售,二轮,150ml<排量≤250ml,排量,104513.0
2021,5,销售,二轮,250ml<排量≤400ml,排量,17168.0
2021,5,销售,二轮,400ml<排量≤750ml,排量,8828.0
2021,5,销售,二轮,50ml<排量≤60ml,排量,0.0
2021,5,销售,二轮,60ml<排量≤70ml,排量,6074.0
2021,5,销售,二轮,70ml<排量≤80ml,排量,10.0
2021,5,销售,二轮,80ml<排量≤90ml,排量,3779.0
2021,5,销售,二轮,90ml<排量≤100ml,排量,58386.0
2021,5,销售,二轮,排量>750ml,排量,19.0
2021,5,销售,二轮,排量≤50ml,排量,72746.0
2021,5,销售,二轮,电动摩托车,排量,226284.0
2021,5,销售,二轮,二轮,汇总,1448024.0
2021,5,销售,二轮,其它式,车型,2032.0
2021,5,销售,二轮,弯梁式,车型,192405.0
2021,5,销售,二轮,踏板式,车型,506436.0
2021,5,销售,二轮,骑式式,车型,747151.0
2021,5,销售,总计,总计,汇总,1672089.0
2021,6,生产,三轮,100ml<排量≤150ml,排量,68430.0
2021,6,生产,三轮,150ml<排量≤250ml,排量,63813.0
2021,6,生产,三轮,250ml<排量≤400ml,排量,1876.0
2021,6,生产,三轮,400ml<排量≤750ml,排量,508.0
2021,6,生产,三轮,50ml<排量≤100ml,排量,0.0
2021,6,生产,三轮,排量>750ml,排量,358.0
2021,6,生产,三轮,排量≤50ml,排量,0.0
2021,6,生产,三轮,电动摩托车,排量,54880.0
2021,6,生产,三轮,三轮,汇总,189865.0
2021,6,生产,三轮,正三轮,车型,189520.0
2021,6,生产,三轮,边三轮,车型,345.0
2021,6,生产,二轮,100ml<排量≤110ml,排量,167905.0
2021,6,生产,二轮,110ml<排量≤125ml,排量,442961.0
2021,6,生产,二轮,125ml<排量≤150ml,排量,318661.0
2021,6,生产,二轮,150ml<排量≤250ml,排量,110598.0
2021,6,生产,二轮,250ml<排量≤400ml,排量,23059.0
2021,6,生产,二轮,400ml<排量≤750ml,排量,10725.0
2021,6,生产,二轮,50ml<排量≤60ml,排量,0.0
2021,6,生产,二轮,60ml<排量≤70ml,排量,6141.0
2021,6,生产,二轮,70ml<排量≤80ml,排量,15.0
2021,6,生产,二轮,80ml<排量≤90ml,排量,2905.0
2021,6,生产,二轮,90ml<排量≤100ml,排量,44519.0
2021,6,生产,二轮,排量>750ml,排量,9.0
2021,6,生产,二轮,排量≤50ml,排量,82122.0
2021,6,生产,二轮,电动摩托车,排量,271630.0
2021,6,生产,二轮,二轮,汇总,1481250.0
2021,6,生产,二轮,其它式,车型,0.0
2021,6,生产,二轮,弯梁式,车型,187729.0
2021,6,生产,二轮,踏板式,车型,552867.0
2021,6,生产,二轮,骑式式,车型,740654.0
2021,6,生产,总计,总计,汇总,1671115.0
2021,6,销售,三轮,100ml<排量≤150ml,排量,67748.0
2021,6,销售,三轮,150ml<排量≤250ml,排量,61611.0
2021,6,销售,三轮,250ml<排量≤400ml,排量,1737.0
2021,6,销售,三轮,400ml<排量≤750ml,排量,510.0
2021,6,销售,三轮,50ml<排量≤100ml,排量,0.0
2021,6,销售,三轮,排量>750ml,排量,351.0
2021,6,销售,三轮,排量≤50ml,排量,0.0
2021,6,销售,三轮,电动摩托车,排量,53524.0
2021,6,销售,三轮,三轮,汇总,185481.0
2021,6,销售,三轮,正三轮,车型,185136.0
2021,6,销售,三轮,边三轮,车型,345.0
2021,6,销售,二轮,100ml<排量≤110ml,排量,167420.0
2021,6,销售,二轮,110ml<排量≤125ml,排量,440822.0
2021,6,销售,二轮,125ml<排量≤150ml,排量,313776.0
2021,6,销售,二轮,150ml<排量≤250ml,排量,111313.0
2021,6,销售,二轮,250ml<排量≤400ml,排量,23226.0
2021,6,销售,二轮,400ml<排量≤750ml,排量,11408.0
2021,6,销售,二轮,50ml<排量≤60ml,排量,0.0
2021,6,销售,二轮,60ml<排量≤70ml,排量,6746.0
2021,6,销售,二轮,70ml<排量≤80ml,排量,120.0
2021,6,销售,二轮,80ml<排量≤90ml,排量,2679.0
2021,6,销售,二轮,90ml<排量≤100ml,排量,53730.0
2021,6,销售,二轮,排量>750ml,排量,53.0
2021,6,销售,二轮,排量≤50ml,排量,78499.0
2021,6,销售,二轮,电动摩托车,排量,271467.0
2021,6,销售,二轮,二轮,汇总,1481259.0
2021,6,销售,二轮,其它式,车型,0.0
2021,6,销售,二轮,弯梁式,车型,181790.0
2021,6,销售,二轮,踏板式,车型,552550.0
2021,6,销售,二轮,骑式式,车型,746919.0
2021,6,销售,总计,总计,汇总,1666740.0
2021,7,生产,三轮,100ml<排量≤150ml,排量,52929.0
2021,7,生产,三轮,150ml<排量≤250ml,排量,58748.0
2021,7,生产,三轮,250ml<排量≤400ml,排量,1778.0
2021,7,生产,三轮,400ml<排量≤750ml,排量,422.0
2021,7,生产,三轮,50ml<排量≤100ml,排量,0.0
2021,7,生产,三轮,排量>750ml,排量,236.0
2021,7,生产,三轮,排量≤50ml,排量,0.0
2021,7,生产,三轮,电动摩托车,排量,55341.0
2021,7,生产,三轮,三轮,汇总,169454.0
2021,7,生产,三轮,正三轮,车型,169241.0
2021,7,生产,三轮,边三轮,车型,213.0
2021,7,生产,二轮,100ml<排量≤110ml,排量,181386.0
2021,7,生产,二轮,110ml<排量≤125ml,排量,490360.0
2021,7,生产,二轮,125ml<排量≤150ml,排量,290580.0
2021,7,生产,二轮,150ml<排量≤250ml,排量,117139.0
2021,7,生产,二轮,250ml<排量≤400ml,排量,24899.0
2021,7,生产,二轮,400ml<排量≤750ml,排量,9413.0
2021,7,生产,二轮,50ml<排量≤60ml,排量,0.0
2021,7,生产,二轮,60ml<排量≤70ml,排量,5975.0
2021,7,生产,二轮,70ml<排量≤80ml,排量,15.0
2021,7,生产,二轮,80ml<排量≤90ml,排量,2191.0
2021,7,生产,二轮,90ml<排量≤100ml,排量,39449.0
2021,7,生产,二轮,排量>750ml,排量,10.0
2021,7,生产,二轮,排量≤50ml,排量,66799.0
2021,7,生产,二轮,电动摩托车,排量,323897.0
2021,7,生产,二轮,二轮,汇总,1552113.0
2021,7,生产,二轮,其它式,车型,0.0
2021,7,生产,二轮,弯梁式,车型,174666.0
2021,7,生产,二轮,踏板式,车型,609295.0
2021,7,生产,二轮,骑式式,车型,768152.0
2021,7,生产,总计,总计,汇总,1721567.0
2021,7,销售,三轮,100ml<排量≤150ml,排量,53502.0
2021,7,销售,三轮,150ml<排量≤250ml,排量,59554.0
2021,7,销售,三轮,250ml<排量≤400ml,排量,1557.0
2021,7,销售,三轮,400ml<排量≤750ml,排量,422.0
2021,7,销售,三轮,50ml<排量≤100ml,排量,0.0
2021,7,销售,三轮,排量>750ml,排量,240.0
2021,7,销售,三轮,排量≤50ml,排量,0.0
2021,7,销售,三轮,电动摩托车,排量,55352.0
2021,7,销售,三轮,三轮,汇总,170627.0
2021,7,销售,三轮,正三轮,车型,170414.0
2021,7,销售,三轮,边三轮,车型,213.0
2021,7,销售,二轮,100ml<排量≤110ml,排量,181742.0
2021,7,销售,二轮,110ml<排量≤125ml,排量,475912.0
2021,7,销售,二轮,125ml<排量≤150ml,排量,290972.0
2021,7,销售,二轮,150ml<排量≤250ml,排量,118082.0
2021,7,销售,二轮,250ml<排量≤400ml,排量,22963.0
2021,7,销售,二轮,400ml<排量≤750ml,排量,8907.0
2021,7,销售,二轮,50ml<排量≤60ml,排量,0.0
2021,7,销售,二轮,60ml<排量≤70ml,排量,5766.0
2021,7,销售,二轮,70ml<排量≤80ml,排量,15.0
2021,7,销售,二轮,80ml<排量≤90ml,排量,2121.0
2021,7,销售,二轮,90ml<排量≤100ml,排量,45939.0
2021,7,销售,二轮,排量>750ml,排量,178.0
2021,7,销售,二轮,排量≤50ml,排量,70785.0
2021,7,销售,二轮,电动摩托车,排量,327878.0
2021,7,销售,二轮,二轮,汇总,1551260.0
2021,7,销售,二轮,其它式,车型,0.0
2021,7,销售,二轮,弯梁式,车型,176955.0
2021,7,销售,二轮,踏板式,车型,616247.0
2021,7,销售,二轮,骑式式,车型,758058.0
2021,7,销售,总计,总计,汇总,1721887.0
2021,8,生产,三轮,100ml<排量≤150ml,排量,61767.0
2021,8,生产,三轮,150ml<排量≤250ml,排量,64971.0
2021,8,生产,三轮,250ml<排量≤400ml,排量,1090.0
2021,8,生产,三轮,400ml<排量≤750ml,排量,396.0
2021,8,生产,三轮,50ml<排量≤100ml,排量,200.0
2021,8,生产,三轮,排量>750ml,排量,292.0
2021,8,生产,三轮,排量≤50ml,排量,0.0
2021,8,生产,三轮,电动摩托车,排量,64015.0
2021,8,生产,三轮,三轮,汇总,192731.0
2021,8,生产,三轮,正三轮,车型,192496.0
2021,8,生产,三轮,边三轮,车型,235.0
2021,8,生产,二轮,100ml<排量≤110ml,排量,187635.0
2021,8,生产,二轮,110ml<排量≤125ml,排量,493080.0
2021,8,生产,二轮,125ml<排量≤150ml,排量,284684.0
2021,8,生产,二轮,150ml<排量≤250ml,排量,122660.0
2021,8,生产,二轮,250ml<排量≤400ml,排量,22794.0
2021,8,生产,二轮,400ml<排量≤750ml,排量,9090.0
2021,8,生产,二轮,50ml<排量≤60ml,排量,0.0
2021,8,生产,二轮,60ml<排量≤70ml,排量,5200.0
2021,8,生产,二轮,70ml<排量≤80ml,排量,10.0
2021,8,生产,二轮,80ml<排量≤90ml,排量,3589.0
2021,8,生产,二轮,90ml<排量≤100ml,排量,55143.0
2021,8,生产,二轮,排量>750ml,排量,178.0
2021,8,生产,二轮,排量≤50ml,排量,58704.0
2021,8,生产,二轮,电动摩托车,排量,289689.0
2021,8,生产,二轮,二轮,汇总,1532456.0
2021,8,生产,二轮,其它式,车型,0.0
2021,8,生产,二轮,弯梁式,车型,183328.0
2021,8,生产,二轮,踏板式,车型,572689.0
2021,8,生产,二轮,骑式式,车型,776439.0
2021,8,生产,总计,总计,汇总,1725187.0
2021,8,销售,三轮,100ml<排量≤150ml,排量,59521.0
2021,8,销售,三轮,150ml<排量≤250ml,排量,59338.0
2021,8,销售,三轮,250ml<排量≤400ml,排量,1148.0
2021,8,销售,三轮,400ml<排量≤750ml,排量,415.0
2021,8,销售,三轮,50ml<排量≤100ml,排量,166.0
2021,8,销售,三轮,排量>750ml,排量,282.0
2021,8,销售,三轮,排量≤50ml,排量,0.0
2021,8,销售,三轮,电动摩托车,排量,64901.0
2021,8,销售,三轮,三轮,汇总,185771.0
2021,8,销售,三轮,正三轮,车型,185536.0
2021,8,销售,三轮,边三轮,车型,235.0
2021,8,销售,二轮,100ml<排量≤110ml,排量,172372.0
2021,8,销售,二轮,110ml<排量≤125ml,排量,466177.0
2021,8,销售,二轮,125ml<排量≤150ml,排量,278051.0
2021,8,销售,二轮,150ml<排量≤250ml,排量,118759.0
2021,8,销售,二轮,250ml<排量≤400ml,排量,21283.0
2021,8,销售,二轮,400ml<排量≤750ml,排量,9039.0
2021,8,销售,二轮,50ml<排量≤60ml,排量,0.0
2021,8,销售,二轮,60ml<排量≤70ml,排量,5715.0
2021,8,销售,二轮,70ml<排量≤80ml,排量,10.0
2021,8,销售,二轮,80ml<排量≤90ml,排量,3137.0
2021,8,销售,二轮,90ml<排量≤100ml,排量,56923.0
2021,8,销售,二轮,排量>750ml,排量,310.0
2021,8,销售,二轮,排量≤50ml,排量,64086.0
2021,8,销售,二轮,电动摩托车,排量,300255.0
2021,8,销售,二轮,二轮,汇总,1496117.0
2021,8,销售,二轮,其它式,车型,0.0
2021,8,销售,二轮,弯梁式,车型,181542.0
2021,8,销售,二轮,踏板式,车型,567062.0
2021,8,销售,二轮,骑式式,车型,747513.0
2021,8,销售,总计,总计,汇总,1681888.0
2021,9,生产,三轮,100ml<排量≤150ml,排量,72301.0
2021,9,生产,三轮,150ml<排量≤250ml,排量,60297.0
2021,9,生产,三轮,250ml<排量≤400ml,排量,419.0
2021,9,生产,三轮,400ml<排量≤750ml,排量,830.0
2021,9,生产,三轮,50ml<排量≤100ml,排量,0.0
2021,9,生产,三轮,排量>750ml,排量,416.0
2021,9,生产,三轮,排量≤50ml,排量,0.0
2021,9,生产,三轮,电动摩托车,排量,69075.0
2021,9,生产,三轮,三轮,汇总,203338.0
2021,9,生产,三轮,正三轮,车型,203242.0
2021,9,生产,三轮,边三轮,车型,96.0
2021,9,生产,二轮,100ml<排量≤110ml,排量,184194.0
2021,9,生产,二轮,110ml<排量≤125ml,排量,482148.0
2021,9,生产,二轮,125ml<排量≤150ml,排量,327727.0
2021,9,生产,二轮,150ml<排量≤250ml,排量,124241.0
2021,9,生产,二轮,250ml<排量≤400ml,排量,20902.0
2021,9,生产,二轮,400ml<排量≤750ml,排量,8784.0
2021,9,生产,二轮,50ml<排量≤60ml,排量,0.0
2021,9,生产,二轮,60ml<排量≤70ml,排量,5198.0
2021,9,生产,二轮,70ml<排量≤80ml,排量,25.0
2021,9,生产,二轮,80ml<排量≤90ml,排量,2814.0
2021,9,生产,二轮,90ml<排量≤100ml,排量,48648.0
2021,9,生产,二轮,排量>750ml,排量,417.0
2021,9,生产,二轮,排量≤50ml,排量,71122.0
2021,9,生产,二轮,电动摩托车,排量,317682.0
2021,9,生产,二轮,二轮,汇总,1593902.0
2021,9,生产,二轮,其它式,车型,0.0
2021,9,生产,二轮,弯梁式,车型,194825.0
2021,9,生产,二轮,踏板式,车型,599614.0
2021,9,生产,二轮,骑式式,车型,799463.0
2021,9,生产,总计,总计,汇总,1797240.0
2021,9,销售,三轮,100ml<排量≤150ml,排量,74481.0
2021,9,销售,三轮,150ml<排量≤250ml,排量,60098.0
2021,9,销售,三轮,250ml<排量≤400ml,排量,491.0
2021,9,销售,三轮,400ml<排量≤750ml,排量,833.0
2021,9,销售,三轮,50ml<排量≤100ml,排量,0.0
2021,9,销售,三轮,排量>750ml,排量,426.0
2021,9,销售,三轮,排量≤50ml,排量,0.0
2021,9,销售,三轮,电动摩托车,排量,68584.0
2021,9,销售,三轮,三轮,汇总,204913.0
2021,9,销售,三轮,正三轮,车型,204817.0
2021,9,销售,三轮,边三轮,车型,96.0
2021,9,销售,二轮,100ml<排量≤110ml,排量,182253.0
2021,9,销售,二轮,110ml<排量≤125ml,排量,483838.0
2021,9,销售,二轮,125ml<排量≤150ml,排量,313244.0
2021,9,销售,二轮,150ml<排量≤250ml,排量,117493.0
2021,9,销售,二轮,250ml<排量≤400ml,排量,21647.0
2021,9,销售,二轮,400ml<排量≤750ml,排量,8904.0
2021,9,销售,二轮,50ml<排量≤60ml,排量,0.0
2021,9,销售,二轮,60ml<排量≤70ml,排量,6292.0
2021,9,销售,二轮,70ml<排量≤80ml,排量,25.0
2021,9,销售,二轮,80ml<排量≤90ml,排量,3588.0
2021,9,销售,二轮,90ml<排量≤100ml,排量,43892.0
2021,9,销售,二轮,排量>750ml,排量,125.0
2021,9,销售,二轮,排量≤50ml,排量,70975.0
2021,9,销售,二轮,电动摩托车,排量,327368.0
2021,9,销售,二轮,二轮,汇总,1579644.0
2021,9,销售,二轮,其它式,车型,0.0
2021,9,销售,二轮,弯梁式,车型,195982.0
2021,9,销售,二轮,踏板式,车型,598132.0
2021,9,销售,二轮,骑式式,车型,785530.0
2021,9,销售,总计,总计,汇总,1784557.0
2021,10,生产,三轮,100ml<排量≤150ml,排量,66686.0
2021,10,生产,三轮,150ml<排量≤250ml,排量,53988.0
2021,10,生产,三轮,250ml<排量≤400ml,排量,504.0
2021,10,生产,三轮,400ml<排量≤750ml,排量,581.0
2021,10,生产,三轮,50ml<排量≤100ml,排量,0.0
2021,10,生产,三轮,排量>750ml,排量,324.0
2021,10,生产,三轮,排量≤50ml,排量,0.0
2021,10,生产,三轮,电动摩托车,排量,76178.0
2021,10,生产,三轮,三轮,汇总,198261.0
2021,10,生产,三轮,正三轮,车型,198128.0
2021,10,生产,三轮,边三轮,车型,133.0
2021,10,生产,二轮,100ml<排量≤110ml,排量,174123.0
2021,10,生产,二轮,110ml<排量≤125ml,排量,469539.0
2021,10,生产,二轮,125ml<排量≤150ml,排量,293499.0
2021,10,生产,二轮,150ml<排量≤250ml,排量,110484.0
2021,10,生产,二轮,250ml<排量≤400ml,排量,21444.0
2021,10,生产,二轮,400ml<排量≤750ml,排量,5922.0
2021,10,生产,二轮,50ml<排量≤60ml,排量,0.0
2021,10,生产,二轮,60ml<排量≤70ml,排量,5462.0
2021,10,生产,二轮,70ml<排量≤80ml,排量,20.0
2021,10,生产,二轮,80ml<排量≤90ml,排量,2087.0
2021,10,生产,二轮,90ml<排量≤100ml,排量,42909.0
2021,10,生产,二轮,排量>750ml,排量,45.0
2021,10,生产,二轮,排量≤50ml,排量,57494.0
2021,10,生产,二轮,电动摩托车,排量,239219.0
2021,10,生产,二轮,二轮,汇总,1422247.0
2021,10,生产,二轮,其它式,车型,0.0
2021,10,生产,二轮,弯梁式,车型,187114.0
2021,10,生产,二轮,踏板式,车型,514581.0
2021,10,生产,二轮,骑式式,车型,720552.0
2021,10,生产,总计,总计,汇总,1620508.0
2021,10,销售,三轮,100ml<排量≤150ml,排量,68010.0
2021,10,销售,三轮,150ml<排量≤250ml,排量,56997.0
2021,10,销售,三轮,250ml<排量≤400ml,排量,531.0
2021,10,销售,三轮,400ml<排量≤750ml,排量,581.0
2021,10,销售,三轮,50ml<排量≤100ml,排量,0.0
2021,10,销售,三轮,排量>750ml,排量,324.0
2021,10,销售,三轮,排量≤50ml,排量,0.0
2021,10,销售,三轮,电动摩托车,排量,76382.0
2021,10,销售,三轮,三轮,汇总,202825.0
2021,10,销售,三轮,正三轮,车型,202692.0
2021,10,销售,三轮,边三轮,车型,133.0
2021,10,销售,二轮,100ml<排量≤110ml,排量,171065.0
2021,10,销售,二轮,110ml<排量≤125ml,排量,496015.0
2021,10,销售,二轮,125ml<排量≤150ml,排量,307156.0
2021,10,销售,二轮,150ml<排量≤250ml,排量,107814.0
2021,10,销售,二轮,250ml<排量≤400ml,排量,21839.0
2021,10,销售,二轮,400ml<排量≤750ml,排量,6391.0
2021,10,销售,二轮,50ml<排量≤60ml,排量,0.0
2021,10,销售,二轮,60ml<排量≤70ml,排量,6246.0
2021,10,销售,二轮,70ml<排量≤80ml,排量,20.0
2021,10,销售,二轮,80ml<排量≤90ml,排量,2057.0
2021,10,销售,二轮,90ml<排量≤100ml,排量,42624.0
2021,10,销售,二轮,排量>750ml,排量,853.0
2021,10,销售,二轮,排量≤50ml,排量,57577.0
2021,10,销售,二轮,电动摩托车,排量,234947.0
2021,10,销售,二轮,二轮,汇总,1454604.0
2021,10,销售,二轮,其它式,车型,0.0
2021,10,销售,二轮,弯梁式,车型,185030.0
2021,10,销售,二轮,踏板式,车型,531596.0
2021,10,销售,二轮,骑式式,车型,737978.0
2021,10,销售,总计,总计,汇总,1657429.0
2021,11,生产,三轮,100ml<排量≤150ml,排量,63298.0
2021,11,生产,三轮,150ml<排量≤250ml,排量,60887.0
2021,11,生产,三轮,250ml<排量≤400ml,排量,1097.0
2021,11,生产,三轮,400ml<排量≤750ml,排量,272.0
2021,11,生产,三轮,50ml<排量≤100ml,排量,150.0
2021,11,生产,三轮,排量>750ml,排量,337.0
2021,11,生产,三轮,排量≤50ml,排量,0.0
2021,11,生产,三轮,电动摩托车,排量,73633.0
2021,11,生产,三轮,三轮,汇总,199674.0
2021,11,生产,三轮,正三轮,车型,199666.0
2021,11,生产,三轮,边三轮,车型,8.0
2021,11,生产,二轮,100ml<排量≤110ml,排量,180788.0
2021,11,生产,二轮,110ml<排量≤125ml,排量,498801.0
2021,11,生产,二轮,125ml<排量≤150ml,排量,337838.0
2021,11,生产,二轮,150ml<排量≤250ml,排量,135938.0
2021,11,生产,二轮,250ml<排量≤400ml,排量,18642.0
2021,11,生产,二轮,400ml<排量≤750ml,排量,6528.0
2021,11,生产,二轮,50ml<排量≤60ml,排量,0.0
2021,11,生产,二轮,60ml<排量≤70ml,排量,5329.0
2021,11,生产,二轮,70ml<排量≤80ml,排量,15.0
2021,11,生产,二轮,80ml<排量≤90ml,排量,3532.0
2021,11,生产,二轮,90ml<排量≤100ml,排量,53682.0
2021,11,生产,二轮,排量>750ml,排量,128.0
2021,11,生产,二轮,排量≤50ml,排量,47511.0
2021,11,生产,二轮,电动摩托车,排量,228176.0
2021,11,生产,二轮,二轮,汇总,1516908.0
2021,11,生产,二轮,其它式,车型,0.0
2021,11,生产,二轮,弯梁式,车型,175022.0
2021,11,生产,二轮,踏板式,车型,538259.0
2021,11,生产,二轮,骑式式,车型,803627.0
2021,11,生产,总计,总计,汇总,1716582.0
2021,11,销售,三轮,100ml<排量≤150ml,排量,59545.0
2021,11,销售,三轮,150ml<排量≤250ml,排量,58406.0
2021,11,销售,三轮,250ml<排量≤400ml,排量,1092.0
2021,11,销售,三轮,400ml<排量≤750ml,排量,272.0
2021,11,销售,三轮,50ml<排量≤100ml,排量,180.0
2021,11,销售,三轮,排量>750ml,排量,322.0
2021,11,销售,三轮,排量≤50ml,排量,0.0
2021,11,销售,三轮,电动摩托车,排量,73438.0
2021,11,销售,三轮,三轮,汇总,193255.0
2021,11,销售,三轮,正三轮,车型,193247.0
2021,11,销售,三轮,边三轮,车型,8.0
2021,11,销售,二轮,100ml<排量≤110ml,排量,185102.0
2021,11,销售,二轮,110ml<排量≤125ml,排量,468816.0
2021,11,销售,二轮,125ml<排量≤150ml,排量,326834.0
2021,11,销售,二轮,150ml<排量≤250ml,排量,131961.0
2021,11,销售,二轮,250ml<排量≤400ml,排量,18531.0
2021,11,销售,二轮,400ml<排量≤750ml,排量,6667.0
2021,11,销售,二轮,50ml<排量≤60ml,排量,0.0
2021,11,销售,二轮,60ml<排量≤70ml,排量,6396.0
2021,11,销售,二轮,70ml<排量≤80ml,排量,15.0
2021,11,销售,二轮,80ml<排量≤90ml,排量,3671.0
2021,11,销售,二轮,90ml<排量≤100ml,排量,45448.0
2021,11,销售,二轮,排量>750ml,排量,812.0
2021,11,销售,二轮,排量≤50ml,排量,45302.0
2021,11,销售,二轮,电动摩托车,排量,228741.0
2021,11,销售,二轮,二轮,汇总,1468296.0
2021,11,销售,二轮,其它式,车型,0.0
2021,11,销售,二轮,弯梁式,车型,178371.0
2021,11,销售,二轮,踏板式,车型,504731.0
2021,11,销售,二轮,骑式式,车型,785194.0
2021,11,销售,总计,总计,汇总,1661551.0
2021,12,生产,三轮,100ml<排量≤150ml,排量,55623.0
2021,12,生产,三轮,150ml<排量≤250ml,排量,59972.0
2021,12,生产,三轮,250ml<排量≤400ml,排量,1114.0
2021,12,生产,三轮,400ml<排量≤750ml,排量,305.0
2021,12,生产,三轮,50ml<排量≤100ml,排量,0.0
2021,12,生产,三轮,排量>750ml,排量,411.0
2021,12,生产,三轮,排量≤50ml,排量,0.0
2021,12,生产,三轮,电动摩托车,排量,69817.0
2021,12,生产,三轮,三轮,汇总,187242.0
2021,12,生产,三轮,正三轮,车型,187226.0
2021,12,生产,三轮,边三轮,车型,16.0
2021,12,生产,二轮,100ml<排量≤110ml,排量,175820.0
2021,12,生产,二轮,110ml<排量≤125ml,排量,533032.0
2021,12,生产,二轮,125ml<排量≤150ml,排量,329473.0
2021,12,生产,二轮,150ml<排量≤250ml,排量,113114.0
2021,12,生产,二轮,250ml<排量≤400ml,排量,21788.0
2021,12,生产,二轮,400ml<排量≤750ml,排量,9616.0
2021,12,生产,二轮,50ml<排量≤60ml,排量,2.0
2021,12,生产,二轮,60ml<排量≤70ml,排量,4662.0
2021,12,生产,二轮,70ml<排量≤80ml,排量,20.0
2021,12,生产,二轮,80ml<排量≤90ml,排量,2112.0
2021,12,生产,二轮,90ml<排量≤100ml,排量,44921.0
2021,12,生产,二轮,排量>750ml,排量,128.0
2021,12,生产,二轮,排量≤50ml,排量,46393.0
2021,12,生产,二轮,电动摩托车,排量,233147.0
2021,12,生产,二轮,二轮,汇总,1514228.0
2021,12,生产,二轮,其它式,车型,0.0
2021,12,生产,二轮,弯梁式,车型,186964.0
2021,12,生产,二轮,踏板式,车型,536364.0
2021,12,生产,二轮,骑式式,车型,790900.0
2021,12,生产,总计,总计,汇总,1701470.0
2021,12,销售,三轮,100ml<排量≤150ml,排量,54783.0
2021,12,销售,三轮,150ml<排量≤250ml,排量,60554.0
2021,12,销售,三轮,250ml<排量≤400ml,排量,1126.0
2021,12,销售,三轮,400ml<排量≤750ml,排量,305.0
2021,12,销售,三轮,50ml<排量≤100ml,排量,0.0
2021,12,销售,三轮,排量>750ml,排量,412.0
2021,12,销售,三轮,排量≤50ml,排量,0.0
2021,12,销售,三轮,电动摩托车,排量,70414.0
2021,12,销售,三轮,三轮,汇总,187594.0
2021,12,销售,三轮,正三轮,车型,187578.0
2021,12,销售,三轮,边三轮,车型,16.0
2021,12,销售,二轮,100ml<排量≤110ml,排量,190540.0
2021,12,销售,二轮,110ml<排量≤125ml,排量,542039.0
2021,12,销售,二轮,125ml<排量≤150ml,排量,343159.0
2021,12,销售,二轮,150ml<排量≤250ml,排量,120588.0
2021,12,销售,二轮,250ml<排量≤400ml,排量,21661.0
2021,12,销售,二轮,400ml<排量≤750ml,排量,10679.0
2021,12,销售,二轮,50ml<排量≤60ml,排量,2.0
2021,12,销售,二轮,60ml<排量≤70ml,排量,4571.0
2021,12,销售,二轮,70ml<排量≤80ml,排量,20.0
2021,12,销售,二轮,80ml<排量≤90ml,排量,2591.0
2021,12,销售,二轮,90ml<排量≤100ml,排量,48809.0
2021,12,销售,二轮,排量>750ml,排量,1042.0
2021,12,销售,二轮,排量≤50ml,排量,45072.0
2021,12,销售,二轮,电动摩托车,排量,231724.0
2021,12,销售,二轮,二轮,汇总,1562497.0
2021,12,销售,二轮,其它式,车型,0.0
2021,12,销售,二轮,弯梁式,车型,184151.0
2021,12,销售,二轮,踏板式,车型,532646.0
2021,12,销售,二轮,骑式式,车型,845700.0
2021,12,销售,总计,总计,汇总,1750091.0
2022,1,生产,三轮,100ml<排量≤150ml,排量,54455.0
2022,1,生产,三轮,150ml<排量≤250ml,排量,53527.0
2022,1,生产,三轮,250ml<排量≤400ml,排量,777.0
2022,1,生产,三轮,400ml<排量≤750ml,排量,254.0
2022,1,生产,三轮,50ml<排量≤100ml,排量,200.0
2022,1,生产,三轮,排量>750ml,排量,208.0
2022,1,生产,三轮,排量≤50ml,排量,2000.0
2022,1,生产,三轮,电动摩托车,排量,50409.0
2022,1,生产,三轮,三轮,汇总,161830.0
2022,1,生产,三轮,正三轮,车型,161828.0
2022,1,生产,三轮,边三轮,车型,2.0
2022,1,生产,二轮,100ml<排量≤110ml,排量,124271.0
2022,1,生产,二轮,110ml<排量≤125ml,排量,471107.0
2022,1,生产,二轮,125ml<排量≤150ml,排量,264775.0
2022,1,生产,二轮,150ml<排量≤250ml,排量,123011.0
2022,1,生产,二轮,250ml<排量≤400ml,排量,18734.0
2022,1,生产,二轮,400ml<排量≤750ml,排量,8927.0
2022,1,生产,二轮,50ml<排量≤60ml,排量,131.0
2022,1,生产,二轮,60ml<排量≤70ml,排量,4795.0
2022,1,生产,二轮,70ml<排量≤80ml,排量,1650.0
2022,1,生产,二轮,80ml<排量≤90ml,排量,7360.0
2022,1,生产,二轮,90ml<排量≤100ml,排量,42050.0
2022,1,生产,二轮,排量>750ml,排量,209.0
2022,1,生产,二轮,排量≤50ml,排量,38480.0
2022,1,生产,二轮,电动摩托车,排量,155453.0
2022,1,生产,二轮,二轮,汇总,1260953.0
2022,1,生产,二轮,其它式,车型,0.0
2022,1,生产,二轮,弯梁式,车型,118543.0
2022,1,生产,二轮,踏板式,车型,429244.0
2022,1,生产,二轮,骑式式,车型,713166.0
2022,1,生产,总计,总计,汇总,1422783.0
2022,1,销售,三轮,100ml<排量≤150ml,排量,57442.0
2022,1,销售,三轮,150ml<排量≤250ml,排量,57120.0
2022,1,销售,三轮,250ml<排量≤400ml,排量,616.0
2022,1,销售,三轮,400ml<排量≤750ml,排量,254.0
2022,1,销售,三轮,50ml<排量≤100ml,排量,0.0
2022,1,销售,三轮,排量>750ml,排量,232.0
2022,1,销售,三轮,排量≤50ml,排量,2000.0
2022,1,销售,三轮,电动摩托车,排量,52362.0
2022,1,销售,三轮,三轮,汇总,170026.0
2022,1,销售,三轮,正三轮,车型,170024.0
2022,1,销售,三轮,边三轮,车型,2.0
2022,1,销售,二轮,100ml<排量≤110ml,排量,141077.0
2022,1,销售,二轮,110ml<排量≤125ml,排量,480067.0
2022,1,销售,二轮,125ml<排量≤150ml,排量,270256.0
2022,1,销售,二轮,150ml<排量≤250ml,排量,118611.0
2022,1,销售,二轮,250ml<排量≤400ml,排量,17132.0
2022,1,销售,二轮,400ml<排量≤750ml,排量,8232.0
2022,1,销售,二轮,50ml<排量≤60ml,排量,145.0
2022,1,销售,二轮,60ml<排量≤70ml,排量,5050.0
2022,1,销售,二轮,70ml<排量≤80ml,排量,1635.0
2022,1,销售,二轮,80ml<排量≤90ml,排量,7405.0
2022,1,销售,二轮,90ml<排量≤100ml,排量,31552.0
2022,1,销售,二轮,排量>750ml,排量,141.0
2022,1,销售,二轮,排量≤50ml,排量,46584.0
2022,1,销售,二轮,电动摩托车,排量,155879.0
2022,1,销售,二轮,二轮,汇总,1283766.0
2022,1,销售,二轮,其它式,车型,0.0
2022,1,销售,二轮,弯梁式,车型,131354.0
2022,1,销售,二轮,踏板式,车型,433566.0
2022,1,销售,二轮,骑式式,车型,718846.0
2022,1,销售,总计,总计,汇总,1453792.0
2022,2,生产,三轮,100ml<排量≤150ml,排量,56443.0
2022,2,生产,三轮,150ml<排量≤250ml,排量,50182.0
2022,2,生产,三轮,250ml<排量≤400ml,排量,453.0
2022,2,生产,三轮,400ml<排量≤750ml,排量,204.0
2022,2,生产,三轮,50ml<排量≤100ml,排量,0.0
2022,2,生产,三轮,排量>750ml,排量,67.0
2022,2,生产,三轮,排量≤50ml,排量,200.0
2022,2,生产,三轮,电动摩托车,排量,40331.0
2022,2,生产,三轮,三轮,汇总,147880.0
2022,2,生产,三轮,正三轮,车型,147807.0
2022,2,生产,三轮,边三轮,车型,73.0
2022,2,生产,二轮,100ml<排量≤110ml,排量,97352.0
2022,2,生产,二轮,110ml<排量≤125ml,排量,326588.0
2022,2,生产,二轮,125ml<排量≤150ml,排量,173131.0
2022,2,生产,二轮,150ml<排量≤250ml,排量,83216.0
2022,2,生产,二轮,250ml<排量≤400ml,排量,13851.0
2022,2,生产,二轮,400ml<排量≤750ml,排量,7176.0
2022,2,生产,二轮,50ml<排量≤60ml,排量,163.0
2022,2,生产,二轮,60ml<排量≤70ml,排量,4466.0
2022,2,生产,二轮,70ml<排量≤80ml,排量,172.0
2022,2,生产,二轮,80ml<排量≤90ml,排量,1957.0
2022,2,生产,二轮,90ml<排量≤100ml,排量,35228.0
2022,2,生产,二轮,排量>750ml,排量,84.0
2022,2,生产,二轮,排量≤50ml,排量,37112.0
2022,2,生产,二轮,电动摩托车,排量,126562.0
2022,2,生产,二轮,二轮,汇总,907058.0
2022,2,生产,二轮,其它式,车型,5980.0
2022,2,生产,二轮,弯梁式,车型,106006.0
2022,2,生产,二轮,踏板式,车型,342565.0
2022,2,生产,二轮,骑式式,车型,452507.0
2022,2,生产,总计,总计,汇总,1054938.0
2022,2,销售,三轮,100ml<排量≤150ml,排量,56360.0
2022,2,销售,三轮,150ml<排量≤250ml,排量,48171.0
2022,2,销售,三轮,250ml<排量≤400ml,排量,453.0
2022,2,销售,三轮,400ml<排量≤750ml,排量,204.0
2022,2,销售,三轮,50ml<排量≤100ml,排量,0.0
2022,2,销售,三轮,排量>750ml,排量,64.0
2022,2,销售,三轮,排量≤50ml,排量,192.0
2022,2,销售,三轮,电动摩托车,排量,40031.0
2022,2,销售,三轮,三轮,汇总,145475.0
2022,2,销售,三轮,正三轮,车型,145405.0
2022,2,销售,三轮,边三轮,车型,70.0
2022,2,销售,二轮,100ml<排量≤110ml,排量,90914.0
2022,2,销售,二轮,110ml<排量≤125ml,排量,336976.0
2022,2,销售,二轮,125ml<排量≤150ml,排量,171826.0
2022,2,销售,二轮,150ml<排量≤250ml,排量,91398.0
2022,2,销售,二轮,250ml<排量≤400ml,排量,14721.0
2022,2,销售,二轮,400ml<排量≤750ml,排量,8622.0
2022,2,销售,二轮,50ml<排量≤60ml,排量,174.0
2022,2,销售,二轮,60ml<排量≤70ml,排量,4591.0
2022,2,销售,二轮,70ml<排量≤80ml,排量,193.0
2022,2,销售,二轮,80ml<排量≤90ml,排量,1996.0
2022,2,销售,二轮,90ml<排量≤100ml,排量,36988.0
2022,2,销售,二轮,排量>750ml,排量,73.0
2022,2,销售,二轮,排量≤50ml,排量,51111.0
2022,2,销售,二轮,电动摩托车,排量,124865.0
2022,2,销售,二轮,二轮,汇总,934448.0
2022,2,销售,二轮,其它式,车型,6105.0
2022,2,销售,二轮,弯梁式,车型,101805.0
2022,2,销售,二轮,踏板式,车型,347797.0
2022,2,销售,二轮,骑式式,车型,478741.0
2022,2,销售,总计,总计,汇总,1079923.0
2022,3,生产,三轮,100ml<排量≤150ml,排量,81599.0
2022,3,生产,三轮,150ml<排量≤250ml,排量,53137.0
2022,3,生产,三轮,250ml<排量≤400ml,排量,728.0
2022,3,生产,三轮,400ml<排量≤750ml,排量,447.0
2022,3,生产,三轮,50ml<排量≤100ml,排量,0.0
2022,3,生产,三轮,排量>750ml,排量,26.0
2022,3,生产,三轮,排量≤50ml,排量,0.0
2022,3,生产,三轮,电动摩托车,排量,58087.0
2022,3,生产,三轮,三轮,汇总,194024.0
2022,3,生产,三轮,正三轮,车型,193971.0
2022,3,生产,三轮,边三轮,车型,53.0
2022,3,生产,二轮,100ml<排量≤110ml,排量,142606.0
2022,3,生产,二轮,110ml<排量≤125ml,排量,489540.0
2022,3,生产,二轮,125ml<排量≤150ml,排量,272920.0
2022,3,生产,二轮,150ml<排量≤250ml,排量,106136.0
2022,3,生产,二轮,250ml<排量≤400ml,排量,20299.0
2022,3,生产,二轮,400ml<排量≤750ml,排量,10327.0
2022,3,生产,二轮,50ml<排量≤60ml,排量,127.0
2022,3,生产,二轮,60ml<排量≤70ml,排量,4439.0
2022,3,生产,二轮,70ml<排量≤80ml,排量,178.0
2022,3,生产,二轮,80ml<排量≤90ml,排量,2034.0
2022,3,生产,二轮,90ml<排量≤100ml,排量,46360.0
2022,3,生产,二轮,排量>750ml,排量,55.0
2022,3,生产,二轮,排量≤50ml,排量,61681.0
2022,3,生产,二轮,电动摩托车,排量,256790.0
2022,3,生产,二轮,二轮,汇总,1413492.0
2022,3,生产,二轮,其它式,车型,14063.0
2022,3,生产,二轮,弯梁式,车型,159540.0
2022,3,生产,二轮,踏板式,车型,539218.0
2022,3,生产,二轮,骑式式,车型,700671.0
2022,3,生产,总计,总计,汇总,1607516.0
2022,3,销售,三轮,100ml<排量≤150ml,排量,81171.0
2022,3,销售,三轮,150ml<排量≤250ml,排量,55201.0
2022,3,销售,三轮,250ml<排量≤400ml,排量,750.0
2022,3,销售,三轮,400ml<排量≤750ml,排量,447.0
2022,3,销售,三轮,50ml<排量≤100ml,排量,0.0
2022,3,销售,三轮,排量>750ml,排量,26.0
2022,3,销售,三轮,排量≤50ml,排量,0.0
2022,3,销售,三轮,电动摩托车,排量,56861.0
2022,3,销售,三轮,三轮,汇总,194456.0
2022,3,销售,三轮,正三轮,车型,194403.0
2022,3,销售,三轮,边三轮,车型,53.0
2022,3,销售,二轮,100ml<排量≤110ml,排量,142081.0
2022,3,销售,二轮,110ml<排量≤125ml,排量,483257.0
2022,3,销售,二轮,125ml<排量≤150ml,排量,257530.0
2022,3,销售,二轮,150ml<排量≤250ml,排量,104754.0
2022,3,销售,二轮,250ml<排量≤400ml,排量,20317.0
2022,3,销售,二轮,400ml<排量≤750ml,排量,12815.0
2022,3,销售,二轮,50ml<排量≤60ml,排量,125.0
2022,3,销售,二轮,60ml<排量≤70ml,排量,4443.0
2022,3,销售,二轮,70ml<排量≤80ml,排量,167.0
2022,3,销售,二轮,80ml<排量≤90ml,排量,2096.0
2022,3,销售,二轮,90ml<排量≤100ml,排量,34179.0
2022,3,销售,二轮,排量>750ml,排量,83.0
2022,3,销售,二轮,排量≤50ml,排量,59399.0
2022,3,销售,二轮,电动摩托车,排量,262634.0
2022,3,销售,二轮,二轮,汇总,1383880.0
2022,3,销售,二轮,其它式,车型,0.0
2022,3,销售,二轮,弯梁式,车型,149637.0
2022,3,销售,二轮,踏板式,车型,554424.0
2022,3,销售,二轮,骑式式,车型,679819.0
2022,3,销售,总计,总计,汇总,1578336.0
2022,4,生产,三轮,100ml<排量≤150ml,排量,62420.0
2022,4,生产,三轮,150ml<排量≤250ml,排量,52417.0
2022,4,生产,三轮,250ml<排量≤400ml,排量,487.0
2022,4,生产,三轮,400ml<排量≤750ml,排量,263.0
2022,4,生产,三轮,50ml<排量≤100ml,排量,0.0
2022,4,生产,三轮,排量>750ml,排量,45.0
2022,4,生产,三轮,排量≤50ml,排量,0.0
2022,4,生产,三轮,电动摩托车,排量,53870.0
2022,4,生产,三轮,三轮,汇总,169502.0
2022,4,生产,三轮,正三轮,车型,169417.0
2022,4,生产,三轮,边三轮,车型,85.0
2022,4,生产,二轮,100ml<排量≤110ml,排量,110657.0
2022,4,生产,二轮,110ml<排量≤125ml,排量,358585.0
2022,4,生产,二轮,125ml<排量≤150ml,排量,218793.0
2022,4,生产,二轮,150ml<排量≤250ml,排量,93669.0
2022,4,生产,二轮,250ml<排量≤400ml,排量,22518.0
2022,4,生产,二轮,400ml<排量≤750ml,排量,8491.0
2022,4,生产,二轮,50ml<排量≤60ml,排量,128.0
2022,4,生产,二轮,60ml<排量≤70ml,排量,4299.0
2022,4,生产,二轮,70ml<排量≤80ml,排量,173.0
2022,4,生产,二轮,80ml<排量≤90ml,排量,2367.0
2022,4,生产,二轮,90ml<排量≤100ml,排量,38031.0
2022,4,生产,二轮,排量>750ml,排量,77.0
2022,4,生产,二轮,排量≤50ml,排量,42242.0
2022,4,生产,二轮,电动摩托车,排量,255701.0
2022,4,生产,二轮,二轮,汇总,1155731.0
2022,4,生产,二轮,其它式,车型,10708.0
2022,4,生产,二轮,弯梁式,车型,116802.0
2022,4,生产,二轮,踏板式,车型,456002.0
2022,4,生产,二轮,骑式式,车型,572219.0
2022,4,生产,总计,总计,汇总,1325233.0
2022,4,销售,三轮,100ml<排量≤150ml,排量,63758.0
2022,4,销售,三轮,150ml<排量≤250ml,排量,49586.0
2022,4,销售,三轮,250ml<排量≤400ml,排量,603.0
2022,4,销售,三轮,400ml<排量≤750ml,排量,263.0
2022,4,销售,三轮,50ml<排量≤100ml,排量,0.0
2022,4,销售,三轮,排量>750ml,排量,38.0
2022,4,销售,三轮,排量≤50ml,排量,0.0
2022,4,销售,三轮,电动摩托车,排量,53331.0
2022,4,销售,三轮,三轮,汇总,167579.0
2022,4,销售,三轮,正三轮,车型,167494.0
2022,4,销售,三轮,边三轮,车型,85.0
2022,4,销售,二轮,100ml<排量≤110ml,排量,121597.0
2022,4,销售,二轮,110ml<排量≤125ml,排量,393258.0
2022,4,销售,二轮,125ml<排量≤150ml,排量,233719.0
2022,4,销售,二轮,150ml<排量≤250ml,排量,108762.0
2022,4,销售,二轮,250ml<排量≤400ml,排量,26052.0
2022,4,销售,二轮,400ml<排量≤750ml,排量,11780.0
2022,4,销售,二轮,50ml<排量≤60ml,排量,135.0
2022,4,销售,二轮,60ml<排量≤70ml,排量,4026.0
2022,4,销售,二轮,70ml<排量≤80ml,排量,169.0
2022,4,销售,二轮,80ml<排量≤90ml,排量,2189.0
2022,4,销售,二轮,90ml<排量≤100ml,排量,31109.0
2022,4,销售,二轮,排量>750ml,排量,129.0
2022,4,销售,二轮,排量≤50ml,排量,47222.0
2022,4,销售,二轮,电动摩托车,排量,244462.0
2022,4,销售,二轮,二轮,汇总,1224609.0
2022,4,销售,二轮,其它式,车型,0.0
2022,4,销售,二轮,弯梁式,车型,121091.0
2022,4,销售,二轮,踏板式,车型,471372.0
2022,4,销售,二轮,骑式式,车型,632146.0
2022,4,销售,总计,总计,汇总,1392188.0
2022,5,生产,三轮,100ml<排量≤150ml,排量,76580.0
2022,5,生产,三轮,150ml<排量≤250ml,排量,56700.0
2022,5,生产,三轮,250ml<排量≤400ml,排量,594.0
2022,5,生产,三轮,400ml<排量≤750ml,排量,353.0
2022,5,生产,三轮,50ml<排量≤100ml,排量,175.0
2022,5,生产,三轮,排量>750ml,排量,51.0
2022,5,生产,三轮,排量≤50ml,排量,205.0
2022,5,生产,三轮,电动摩托车,排量,82565.0
2022,5,生产,三轮,三轮,汇总,217223.0
2022,5,生产,三轮,正三轮,车型,217109.0
2022,5,生产,三轮,边三轮,车型,114.0
2022,5,生产,二轮,100ml<排量≤110ml,排量,132454.0
2022,5,生产,二轮,110ml<排量≤125ml,排量,408535.0
2022,5,生产,二轮,125ml<排量≤150ml,排量,273456.0
2022,5,生产,二轮,150ml<排量≤250ml,排量,120836.0
2022,5,生产,二轮,250ml<排量≤400ml,排量,33139.0
2022,5,生产,二轮,400ml<排量≤750ml,排量,11881.0
2022,5,生产,二轮,50ml<排量≤60ml,排量,152.0
2022,5,生产,二轮,60ml<排量≤70ml,排量,3276.0
2022,5,生产,二轮,70ml<排量≤80ml,排量,147.0
2022,5,生产,二轮,80ml<排量≤90ml,排量,1585.0
2022,5,生产,二轮,90ml<排量≤100ml,排量,41466.0
2022,5,生产,二轮,排量>750ml,排量,177.0
2022,5,生产,二轮,排量≤50ml,排量,46079.0
2022,5,生产,二轮,电动摩托车,排量,552559.0
2022,5,生产,二轮,二轮,汇总,1625742.0
2022,5,生产,二轮,其它式,车型,7359.0
2022,5,生产,二轮,弯梁式,车型,132701.0
2022,5,生产,二轮,踏板式,车型,817535.0
2022,5,生产,二轮,骑式式,车型,668147.0
2022,5,生产,总计,总计,汇总,1842965.0
2022,5,销售,三轮,100ml<排量≤150ml,排量,76608.0
2022,5,销售,三轮,150ml<排量≤250ml,排量,58589.0
2022,5,销售,三轮,250ml<排量≤400ml,排量,599.0
2022,5,销售,三轮,400ml<排量≤750ml,排量,353.0
2022,5,销售,三轮,50ml<排量≤100ml,排量,375.0
2022,5,销售,三轮,排量>750ml,排量,49.0
2022,5,销售,三轮,排量≤50ml,排量,203.0
2022,5,销售,三轮,电动摩托车,排量,82971.0
2022,5,销售,三轮,三轮,汇总,219747.0
2022,5,销售,三轮,正三轮,车型,219633.0
2022,5,销售,三轮,边三轮,车型,114.0
2022,5,销售,二轮,100ml<排量≤110ml,排量,128102.0
2022,5,销售,二轮,110ml<排量≤125ml,排量,409527.0
2022,5,销售,二轮,125ml<排量≤150ml,排量,267025.0
2022,5,销售,二轮,150ml<排量≤250ml,排量,119173.0
2022,5,销售,二轮,250ml<排量≤400ml,排量,33424.0
2022,5,销售,二轮,400ml<排量≤750ml,排量,13694.0
2022,5,销售,二轮,50ml<排量≤60ml,排量,147.0
2022,5,销售,二轮,60ml<排量≤70ml,排量,3533.0
2022,5,销售,二轮,70ml<排量≤80ml,排量,143.0
2022,5,销售,二轮,80ml<排量≤90ml,排量,1585.0
2022,5,销售,二轮,90ml<排量≤100ml,排量,34345.0
2022,5,销售,二轮,排量>750ml,排量,112.0
2022,5,销售,二轮,排量≤50ml,排量,48599.0
2022,5,销售,二轮,电动摩托车,排量,583108.0
2022,5,销售,二轮,二轮,汇总,1642517.0
2022,5,销售,二轮,其它式,车型,0.0
2022,5,销售,二轮,弯梁式,车型,130245.0
2022,5,销售,二轮,踏板式,车型,850544.0
2022,5,销售,二轮,骑式式,车型,661728.0
2022,5,销售,总计,总计,汇总,1862264.0
2022,6,生产,三轮,100ml<排量≤150ml,排量,65550.0
2022,6,生产,三轮,150ml<排量≤250ml,排量,41244.0
2022,6,生产,三轮,250ml<排量≤400ml,排量,546.0
2022,6,生产,三轮,400ml<排量≤750ml,排量,268.0
2022,6,生产,三轮,50ml<排量≤100ml,排量,0.0
2022,6,生产,三轮,排量>750ml,排量,48.0
2022,6,生产,三轮,排量≤50ml,排量,0.0
2022,6,生产,三轮,电动摩托车,排量,89735.0
2022,6,生产,三轮,三轮,汇总,197391.0
2022,6,生产,三轮,正三轮,车型,196969.0
2022,6,生产,三轮,边三轮,车型,422.0
2022,6,生产,二轮,100ml<排量≤110ml,排量,155387.0
2022,6,生产,二轮,110ml<排量≤125ml,排量,454778.0
2022,6,生产,二轮,125ml<排量≤150ml,排量,263134.0
2022,6,生产,二轮,150ml<排量≤250ml,排量,123395.0
2022,6,生产,二轮,250ml<排量≤400ml,排量,39660.0
2022,6,生产,二轮,400ml<排量≤750ml,排量,15625.0
2022,6,生产,二轮,50ml<排量≤60ml,排量,135.0
2022,6,生产,二轮,60ml<排量≤70ml,排量,3883.0
2022,6,生产,二轮,70ml<排量≤80ml,排量,180.0
2022,6,生产,二轮,80ml<排量≤90ml,排量,1412.0
2022,6,生产,二轮,90ml<排量≤100ml,排量,38334.0
2022,6,生产,二轮,排量>750ml,排量,61.0
2022,6,生产,二轮,排量≤50ml,排量,52871.0
2022,6,生产,二轮,电动摩托车,排量,661288.0
2022,6,生产,二轮,二轮,汇总,1810143.0
2022,6,生产,二轮,其它式,车型,11043.0
2022,6,生产,二轮,弯梁式,车型,137099.0
2022,6,生产,二轮,踏板式,车型,968084.0
2022,6,生产,二轮,骑式式,车型,693917.0
2022,6,生产,总计,总计,汇总,2007534.0
2022,6,销售,三轮,100ml<排量≤150ml,排量,66557.0
2022,6,销售,三轮,150ml<排量≤250ml,排量,45258.0
2022,6,销售,三轮,250ml<排量≤400ml,排量,544.0
2022,6,销售,三轮,400ml<排量≤750ml,排量,259.0
2022,6,销售,三轮,50ml<排量≤100ml,排量,0.0
2022,6,销售,三轮,排量>750ml,排量,45.0
2022,6,销售,三轮,排量≤50ml,排量,0.0
2022,6,销售,三轮,电动摩托车,排量,89297.0
2022,6,销售,三轮,三轮,汇总,201960.0
2022,6,销售,三轮,正三轮,车型,201547.0
2022,6,销售,三轮,边三轮,车型,413.0
2022,6,销售,二轮,100ml<排量≤110ml,排量,166738.0
2022,6,销售,二轮,110ml<排量≤125ml,排量,450493.0
2022,6,销售,二轮,125ml<排量≤150ml,排量,267756.0
2022,6,销售,二轮,150ml<排量≤250ml,排量,121934.0
2022,6,销售,二轮,250ml<排量≤400ml,排量,39755.0
2022,6,销售,二轮,400ml<排量≤750ml,排量,15845.0
2022,6,销售,二轮,50ml<排量≤60ml,排量,141.0
2022,6,销售,二轮,60ml<排量≤70ml,排量,3764.0
2022,6,销售,二轮,70ml<排量≤80ml,排量,183.0
2022,6,销售,二轮,80ml<排量≤90ml,排量,1430.0
2022,6,销售,二轮,90ml<排量≤100ml,排量,25664.0
2022,6,销售,二轮,排量>750ml,排量,78.0
2022,6,销售,二轮,排量≤50ml,排量,51476.0
2022,6,销售,二轮,电动摩托车,排量,693301.0
2022,6,销售,二轮,二轮,汇总,1838558.0
2022,6,销售,二轮,其它式,车型,5.0
2022,6,销售,二轮,弯梁式,车型,141380.0
2022,6,销售,二轮,踏板式,车型,1000459.0
2022,6,销售,二轮,骑式式,车型,696714.0
2022,6,销售,总计,总计,汇总,2040518.0
2022,7,生产,三轮,100ml<排量≤150ml,排量,65068.0
2022,7,生产,三轮,150ml<排量≤250ml,排量,38595.0
2022,7,生产,三轮,250ml<排量≤400ml,排量,449.0
2022,7,生产,三轮,400ml<排量≤750ml,排量,236.0
2022,7,生产,三轮,50ml<排量≤100ml,排量,543.0
2022,7,生产,三轮,排量>750ml,排量,58.0
2022,7,生产,三轮,排量≤50ml,排量,0.0
2022,7,生产,三轮,电动摩托车,排量,86908.0
2022,7,生产,三轮,三轮,汇总,191857.0
2022,7,生产,三轮,正三轮,车型,191575.0
2022,7,生产,三轮,边三轮,车型,282.0
2022,7,生产,二轮,100ml<排量≤110ml,排量,151776.0
2022,7,生产,二轮,110ml<排量≤125ml,排量,466062.0
2022,7,生产,二轮,125ml<排量≤150ml,排量,277214.0
2022,7,生产,二轮,150ml<排量≤250ml,排量,133639.0
2022,7,生产,二轮,250ml<排量≤400ml,排量,44972.0
2022,7,生产,二轮,400ml<排量≤750ml,排量,21504.0
2022,7,生产,二轮,50ml<排量≤60ml,排量,136.0
2022,7,生产,二轮,60ml<排量≤70ml,排量,3268.0
2022,7,生产,二轮,70ml<排量≤80ml,排量,172.0
2022,7,生产,二轮,80ml<排量≤90ml,排量,2425.0
2022,7,生产,二轮,90ml<排量≤100ml,排量,45649.0
2022,7,生产,二轮,排量>750ml,排量,35.0
2022,7,生产,二轮,排量≤50ml,排量,54032.0
2022,7,生产,二轮,电动摩托车,排量,746196.0
2022,7,生产,二轮,二轮,汇总,1947080.0
2022,7,生产,二轮,其它式,车型,11645.0
2022,7,生产,二轮,弯梁式,车型,139741.0
2022,7,生产,二轮,踏板式,车型,1079165.0
2022,7,生产,二轮,骑式式,车型,716529.0
2022,7,生产,总计,总计,汇总,2138937.0
2022,7,销售,三轮,100ml<排量≤150ml,排量,66802.0
2022,7,销售,三轮,150ml<排量≤250ml,排量,42379.0
2022,7,销售,三轮,250ml<排量≤400ml,排量,413.0
2022,7,销售,三轮,400ml<排量≤750ml,排量,236.0
2022,7,销售,三轮,50ml<排量≤100ml,排量,122.0
2022,7,销售,三轮,排量>750ml,排量,61.0
2022,7,销售,三轮,排量≤50ml,排量,0.0
2022,7,销售,三轮,电动摩托车,排量,86249.0
2022,7,销售,三轮,三轮,汇总,196262.0
2022,7,销售,三轮,正三轮,车型,195980.0
2022,7,销售,三轮,边三轮,车型,282.0
2022,7,销售,二轮,100ml<排量≤110ml,排量,143890.0
2022,7,销售,二轮,110ml<排量≤125ml,排量,454740.0
2022,7,销售,二轮,125ml<排量≤150ml,排量,290108.0
2022,7,销售,二轮,150ml<排量≤250ml,排量,137163.0
2022,7,销售,二轮,250ml<排量≤400ml,排量,43535.0
2022,7,销售,二轮,400ml<排量≤750ml,排量,18483.0
2022,7,销售,二轮,50ml<排量≤60ml,排量,129.0
2022,7,销售,二轮,60ml<排量≤70ml,排量,3262.0
2022,7,销售,二轮,70ml<排量≤80ml,排量,175.0
2022,7,销售,二轮,80ml<排量≤90ml,排量,1821.0
2022,7,销售,二轮,90ml<排量≤100ml,排量,34968.0
2022,7,销售,二轮,排量>750ml,排量,46.0
2022,7,销售,二轮,排量≤50ml,排量,54496.0
2022,7,销售,二轮,电动摩托车,排量,678710.0
2022,7,销售,二轮,二轮,汇总,1861526.0
2022,7,销售,二轮,其它式,车型,0.0
2022,7,销售,二轮,弯梁式,车型,132782.0
2022,7,销售,二轮,踏板式,车型,999955.0
2022,7,销售,二轮,骑式式,车型,728789.0
2022,7,销售,总计,总计,汇总,2057788.0
2022,8,生产,三轮,100ml<排量≤150ml,排量,66018.0
2022,8,生产,三轮,150ml<排量≤250ml,排量,37635.0
2022,8,生产,三轮,250ml<排量≤400ml,排量,314.0
2022,8,生产,三轮,400ml<排量≤750ml,排量,324.0
2022,8,生产,三轮,50ml<排量≤100ml,排量,0.0
2022,8,生产,三轮,排量>750ml,排量,46.0
2022,8,生产,三轮,排量≤50ml,排量,0.0
2022,8,生产,三轮,电动摩托车,排量,86636.0
2022,8,生产,三轮,三轮,汇总,190973.0
2022,8,生产,三轮,正三轮,车型,190747.0
2022,8,生产,三轮,边三轮,车型,226.0
2022,8,生产,二轮,100ml<排量≤110ml,排量,99636.0
2022,8,生产,二轮,110ml<排量≤125ml,排量,371933.0
2022,8,生产,二轮,125ml<排量≤150ml,排量,225033.0
2022,8,生产,二轮,150ml<排量≤250ml,排量,104058.0
2022,8,生产,二轮,250ml<排量≤400ml,排量,47751.0
2022,8,生产,二轮,400ml<排量≤750ml,排量,17635.0
2022,8,生产,二轮,50ml<排量≤60ml,排量,136.0
2022,8,生产,二轮,60ml<排量≤70ml,排量,1841.0
2022,8,生产,二轮,70ml<排量≤80ml,排量,167.0
2022,8,生产,二轮,80ml<排量≤90ml,排量,767.0
2022,8,生产,二轮,90ml<排量≤100ml,排量,26121.0
2022,8,生产,二轮,排量>750ml,排量,136.0
2022,8,生产,二轮,排量≤50ml,排量,47388.0
2022,8,生产,二轮,电动摩托车,排量,668367.0
2022,8,生产,二轮,二轮,汇总,1610969.0
2022,8,生产,二轮,其它式,车型,7570.0
2022,8,生产,二轮,弯梁式,车型,109779.0
2022,8,生产,二轮,踏板式,车型,931120.0
2022,8,生产,二轮,骑式式,车型,562500.0
2022,8,生产,总计,总计,汇总,1801942.0
2022,8,销售,三轮,100ml<排量≤150ml,排量,66346.0
2022,8,销售,三轮,150ml<排量≤250ml,排量,37060.0
2022,8,销售,三轮,250ml<排量≤400ml,排量,314.0
2022,8,销售,三轮,400ml<排量≤750ml,排量,324.0
2022,8,销售,三轮,50ml<排量≤100ml,排量,0.0
2022,8,销售,三轮,排量>750ml,排量,51.0
2022,8,销售,三轮,排量≤50ml,排量,0.0
2022,8,销售,三轮,电动摩托车,排量,86313.0
2022,8,销售,三轮,三轮,汇总,190408.0
2022,8,销售,三轮,正三轮,车型,190182.0
2022,8,销售,三轮,边三轮,车型,226.0
2022,8,销售,二轮,100ml<排量≤110ml,排量,117438.0
2022,8,销售,二轮,110ml<排量≤125ml,排量,398606.0
2022,8,销售,二轮,125ml<排量≤150ml,排量,230513.0
2022,8,销售,二轮,150ml<排量≤250ml,排量,107374.0
2022,8,销售,二轮,250ml<排量≤400ml,排量,51204.0
2022,8,销售,二轮,400ml<排量≤750ml,排量,18673.0
2022,8,销售,二轮,50ml<排量≤60ml,排量,131.0
2022,8,销售,二轮,60ml<排量≤70ml,排量,1808.0
2022,8,销售,二轮,70ml<排量≤80ml,排量,172.0
2022,8,销售,二轮,80ml<排量≤90ml,排量,1358.0
2022,8,销售,二轮,90ml<排量≤100ml,排量,32461.0
2022,8,销售,二轮,排量>750ml,排量,36.0
2022,8,销售,二轮,排量≤50ml,排量,52484.0
2022,8,销售,二轮,电动摩托车,排量,692263.0
2022,8,销售,二轮,二轮,汇总,1704521.0
2022,8,销售,二轮,其它式,车型,10.0
2022,8,销售,二轮,弯梁式,车型,120240.0
2022,8,销售,二轮,踏板式,车型,964923.0
2022,8,销售,二轮,骑式式,车型,619348.0
2022,8,销售,总计,总计,汇总,1894929.0
2022,9,生产,三轮,100ml<排量≤150ml,排量,68404.0
2022,9,生产,三轮,150ml<排量≤250ml,排量,58522.0
2022,9,生产,三轮,250ml<排量≤400ml,排量,423.0
2022,9,生产,三轮,400ml<排量≤750ml,排量,500.0
2022,9,生产,三轮,50ml<排量≤100ml,排量,0.0
2022,9,生产,三轮,排量>750ml,排量,33.0
2022,9,生产,三轮,排量≤50ml,排量,1000.0
2022,9,生产,三轮,电动摩托车,排量,106338.0
2022,9,生产,三轮,三轮,汇总,235220.0
2022,9,生产,三轮,正三轮,车型,234826.0
2022,9,生产,三轮,边三轮,车型,394.0
2022,9,生产,二轮,100ml<排量≤110ml,排量,123810.0
2022,9,生产,二轮,110ml<排量≤125ml,排量,387335.0
2022,9,生产,二轮,125ml<排量≤150ml,排量,269448.0
2022,9,生产,二轮,150ml<排量≤250ml,排量,111760.0
2022,9,生产,二轮,250ml<排量≤400ml,排量,43867.0
2022,9,生产,二轮,400ml<排量≤750ml,排量,18889.0
2022,9,生产,二轮,50ml<排量≤60ml,排量,132.0
2022,9,生产,二轮,60ml<排量≤70ml,排量,3045.0
2022,9,生产,二轮,70ml<排量≤80ml,排量,1178.0
2022,9,生产,二轮,80ml<排量≤90ml,排量,3964.0
2022,9,生产,二轮,90ml<排量≤100ml,排量,41091.0
2022,9,生产,二轮,排量>750ml,排量,72.0
2022,9,生产,二轮,排量≤50ml,排量,51723.0
2022,9,生产,二轮,电动摩托车,排量,775460.0
2022,9,生产,二轮,二轮,汇总,1831774.0
2022,9,生产,二轮,其它式,车型,18568.0
2022,9,生产,二轮,弯梁式,车型,117771.0
2022,9,生产,二轮,踏板式,车型,1065746.0
2022,9,生产,二轮,骑式式,车型,629689.0
2022,9,生产,总计,总计,汇总,2066994.0
2022,9,销售,三轮,100ml<排量≤150ml,排量,68358.0
2022,9,销售,三轮,150ml<排量≤250ml,排量,52991.0
2022,9,销售,三轮,250ml<排量≤400ml,排量,414.0
2022,9,销售,三轮,400ml<排量≤750ml,排量,480.0
2022,9,销售,三轮,50ml<排量≤100ml,排量,0.0
2022,9,销售,三轮,排量>750ml,排量,37.0
2022,9,销售,三轮,排量≤50ml,排量,1000.0
2022,9,销售,三轮,电动摩托车,排量,105032.0
2022,9,销售,三轮,三轮,汇总,228312.0
2022,9,销售,三轮,正三轮,车型,227947.0
2022,9,销售,三轮,边三轮,车型,365.0
2022,9,销售,二轮,100ml<排量≤110ml,排量,131735.0
2022,9,销售,二轮,110ml<排量≤125ml,排量,388445.0
2022,9,销售,二轮,125ml<排量≤150ml,排量,267830.0
2022,9,销售,二轮,150ml<排量≤250ml,排量,110445.0
2022,9,销售,二轮,250ml<排量≤400ml,排量,46904.0
2022,9,销售,二轮,400ml<排量≤750ml,排量,19014.0
2022,9,销售,二轮,50ml<排量≤60ml,排量,133.0
2022,9,销售,二轮,60ml<排量≤70ml,排量,3128.0
2022,9,销售,二轮,70ml<排量≤80ml,排量,1181.0
2022,9,销售,二轮,80ml<排量≤90ml,排量,3967.0
2022,9,销售,二轮,90ml<排量≤100ml,排量,37066.0
2022,9,销售,二轮,排量>750ml,排量,32.0
2022,9,销售,二轮,排量≤50ml,排量,55777.0
2022,9,销售,二轮,电动摩托车,排量,799832.0
2022,9,销售,二轮,二轮,汇总,1865489.0
2022,9,销售,二轮,其它式,车型,11.0
2022,9,销售,二轮,弯梁式,车型,117434.0
2022,9,销售,二轮,踏板式,车型,1101998.0
2022,9,销售,二轮,骑式式,车型,646046.0
2022,9,销售,总计,总计,汇总,2093801.0
2022,10,生产,三轮,100ml<排量≤150ml,排量,63598.0
2022,10,生产,三轮,150ml<排量≤250ml,排量,42069.0
2022,10,生产,三轮,250ml<排量≤400ml,排量,666.0
2022,10,生产,三轮,400ml<排量≤750ml,排量,360.0
2022,10,生产,三轮,50ml<排量≤100ml,排量,0.0
2022,10,生产,三轮,排量>750ml,排量,63.0
2022,10,生产,三轮,排量≤50ml,排量,500.0
2022,10,生产,三轮,电动摩托车,排量,100546.0
2022,10,生产,三轮,三轮,汇总,207802.0
2022,10,生产,三轮,正三轮,车型,207594.0
2022,10,生产,三轮,边三轮,车型,208.0
2022,10,生产,二轮,100ml<排量≤110ml,排量,125611.0
2022,10,生产,二轮,110ml<排量≤125ml,排量,382484.0
2022,10,生产,二轮,125ml<排量≤150ml,排量,264767.0
2022,10,生产,二轮,150ml<排量≤250ml,排量,106852.0
2022,10,生产,二轮,250ml<排量≤400ml,排量,35044.0
2022,10,生产,二轮,400ml<排量≤750ml,排量,13725.0
2022,10,生产,二轮,50ml<排量≤60ml,排量,133.0
2022,10,生产,二轮,60ml<排量≤70ml,排量,2691.0
2022,10,生产,二轮,70ml<排量≤80ml,排量,662.0
2022,10,生产,二轮,80ml<排量≤90ml,排量,3320.0
2022,10,生产,二轮,90ml<排量≤100ml,排量,32529.0
2022,10,生产,二轮,排量>750ml,排量,54.0
2022,10,生产,二轮,排量≤50ml,排量,33280.0
2022,10,生产,二轮,电动摩托车,排量,397867.0
2022,10,生产,二轮,二轮,汇总,1399019.0
2022,10,生产,二轮,其它式,车型,13579.0
2022,10,生产,二轮,弯梁式,车型,113188.0
2022,10,生产,二轮,踏板式,车型,669765.0
2022,10,生产,二轮,骑式式,车型,602487.0
2022,10,生产,总计,总计,汇总,1606821.0
2022,10,销售,三轮,100ml<排量≤150ml,排量,61412.0
2022,10,销售,三轮,150ml<排量≤250ml,排量,41999.0
2022,10,销售,三轮,250ml<排量≤400ml,排量,670.0
2022,10,销售,三轮,400ml<排量≤750ml,排量,378.0
2022,10,销售,三轮,50ml<排量≤100ml,排量,0.0
2022,10,销售,三轮,排量>750ml,排量,60.0
2022,10,销售,三轮,排量≤50ml,排量,500.0
2022,10,销售,三轮,电动摩托车,排量,97129.0
2022,10,销售,三轮,三轮,汇总,202148.0
2022,10,销售,三轮,正三轮,车型,201918.0
2022,10,销售,三轮,边三轮,车型,230.0
2022,10,销售,二轮,100ml<排量≤110ml,排量,123893.0
2022,10,销售,二轮,110ml<排量≤125ml,排量,375597.0
2022,10,销售,二轮,125ml<排量≤150ml,排量,260617.0
2022,10,销售,二轮,150ml<排量≤250ml,排量,103197.0
2022,10,销售,二轮,250ml<排量≤400ml,排量,31812.0
2022,10,销售,二轮,400ml<排量≤750ml,排量,11591.0
2022,10,销售,二轮,50ml<排量≤60ml,排量,147.0
2022,10,销售,二轮,60ml<排量≤70ml,排量,2703.0
2022,10,销售,二轮,70ml<排量≤80ml,排量,654.0
2022,10,销售,二轮,80ml<排量≤90ml,排量,3316.0
2022,10,销售,二轮,90ml<排量≤100ml,排量,31435.0
2022,10,销售,二轮,排量>750ml,排量,135.0
2022,10,销售,二轮,排量≤50ml,排量,38527.0
2022,10,销售,二轮,电动摩托车,排量,365430.0
2022,10,销售,二轮,二轮,汇总,1349054.0
2022,10,销售,二轮,其它式,车型,0.0
2022,10,销售,二轮,弯梁式,车型,106991.0
2022,10,销售,二轮,踏板式,车型,639738.0
2022,10,销售,二轮,骑式式,车型,602325.0
2022,10,销售,总计,总计,汇总,1551202.0
2022,11,生产,三轮,100ml<排量≤150ml,排量,53747.0
2022,11,生产,三轮,150ml<排量≤250ml,排量,35602.0
2022,11,生产,三轮,250ml<排量≤400ml,排量,478.0
2022,11,生产,三轮,400ml<排量≤750ml,排量,185.0
2022,11,生产,三轮,50ml<排量≤100ml,排量,0.0
2022,11,生产,三轮,排量>750ml,排量,31.0
2022,11,生产,三轮,排量≤50ml,排量,530.0
2022,11,生产,三轮,电动摩托车,排量,78237.0
2022,11,生产,三轮,三轮,汇总,168810.0
2022,11,生产,三轮,正三轮,车型,168616.0
2022,11,生产,三轮,边三轮,车型,194.0
2022,11,生产,二轮,100ml<排量≤110ml,排量,87623.0
2022,11,生产,二轮,110ml<排量≤125ml,排量,356414.0
2022,11,生产,二轮,125ml<排量≤150ml,排量,243365.0
2022,11,生产,二轮,150ml<排量≤250ml,排量,113037.0
2022,11,生产,二轮,250ml<排量≤400ml,排量,23022.0
2022,11,生产,二轮,400ml<排量≤750ml,排量,8441.0
2022,11,生产,二轮,50ml<排量≤60ml,排量,227.0
2022,11,生产,二轮,60ml<排量≤70ml,排量,1300.0
2022,11,生产,二轮,70ml<排量≤80ml,排量,692.0
2022,11,生产,二轮,80ml<排量≤90ml,排量,1871.0
2022,11,生产,二轮,90ml<排量≤100ml,排量,23090.0
2022,11,生产,二轮,排量>750ml,排量,39.0
2022,11,生产,二轮,排量≤50ml,排量,35976.0
2022,11,生产,二轮,电动摩托车,排量,387099.0
2022,11,生产,二轮,二轮,汇总,1282196.0
2022,11,生产,二轮,其它式,车型,6464.0
2022,11,生产,二轮,弯梁式,车型,83374.0
2022,11,生产,二轮,踏板式,车型,648133.0
2022,11,生产,二轮,骑式式,车型,544225.0
2022,11,生产,总计,总计,汇总,1451006.0
2022,11,销售,三轮,100ml<排量≤150ml,排量,55254.0
2022,11,销售,三轮,150ml<排量≤250ml,排量,38360.0
2022,11,销售,三轮,250ml<排量≤400ml,排量,532.0
2022,11,销售,三轮,400ml<排量≤750ml,排量,198.0
2022,11,销售,三轮,50ml<排量≤100ml,排量,1.0
2022,11,销售,三轮,排量>750ml,排量,34.0
2022,11,销售,三轮,排量≤50ml,排量,531.0
2022,11,销售,三轮,电动摩托车,排量,79069.0
2022,11,销售,三轮,三轮,汇总,173979.0
2022,11,销售,三轮,正三轮,车型,173778.0
2022,11,销售,三轮,边三轮,车型,201.0
2022,11,销售,二轮,100ml<排量≤110ml,排量,91746.0
2022,11,销售,二轮,110ml<排量≤125ml,排量,333777.0
2022,11,销售,二轮,125ml<排量≤150ml,排量,238625.0
2022,11,销售,二轮,150ml<排量≤250ml,排量,110074.0
2022,11,销售,二轮,250ml<排量≤400ml,排量,18903.0
2022,11,销售,二轮,400ml<排量≤750ml,排量,8064.0
2022,11,销售,二轮,50ml<排量≤60ml,排量,210.0
2022,11,销售,二轮,60ml<排量≤70ml,排量,1173.0
2022,11,销售,二轮,70ml<排量≤80ml,排量,683.0
2022,11,销售,二轮,80ml<排量≤90ml,排量,1860.0
2022,11,销售,二轮,90ml<排量≤100ml,排量,26531.0
2022,11,销售,二轮,排量>750ml,排量,42.0
2022,11,销售,二轮,排量≤50ml,排量,36078.0
2022,11,销售,二轮,电动摩托车,排量,370870.0
2022,11,销售,二轮,二轮,汇总,1238636.0
2022,11,销售,二轮,其它式,车型,0.0
2022,11,销售,二轮,弯梁式,车型,85209.0
2022,11,销售,二轮,踏板式,车型,615657.0
2022,11,销售,二轮,骑式式,车型,537770.0
2022,11,销售,总计,总计,汇总,1412615.0
2022,12,生产,三轮,100ml<排量≤150ml,排量,56129.0
2022,12,生产,三轮,150ml<排量≤250ml,排量,41124.0
2022,12,生产,三轮,250ml<排量≤400ml,排量,959.0
2022,12,生产,三轮,400ml<排量≤750ml,排量,511.0
2022,12,生产,三轮,50ml<排量≤100ml,排量,0.0
2022,12,生产,三轮,排量>750ml,排量,45.0
2022,12,生产,三轮,排量≤50ml,排量,500.0
2022,12,生产,三轮,电动摩托车,排量,71322.0
2022,12,生产,三轮,三轮,汇总,170590.0
2022,12,生产,三轮,正三轮,车型,170108.0
2022,12,生产,三轮,边三轮,车型,482.0
2022,12,生产,二轮,100ml<排量≤110ml,排量,118550.0
2022,12,生产,二轮,110ml<排量≤125ml,排量,420390.0
2022,12,生产,二轮,125ml<排量≤150ml,排量,256098.0
2022,12,生产,二轮,150ml<排量≤250ml,排量,123005.0
2022,12,生产,二轮,250ml<排量≤400ml,排量,18162.0
2022,12,生产,二轮,400ml<排量≤750ml,排量,9406.0
2022,12,生产,二轮,50ml<排量≤60ml,排量,163.0
2022,12,生产,二轮,60ml<排量≤70ml,排量,2190.0
2022,12,生产,二轮,70ml<排量≤80ml,排量,676.0
2022,12,生产,二轮,80ml<排量≤90ml,排量,2256.0
2022,12,生产,二轮,90ml<排量≤100ml,排量,31104.0
2022,12,生产,二轮,排量>750ml,排量,33.0
2022,12,生产,二轮,排量≤50ml,排量,43723.0
2022,12,生产,二轮,电动摩托车,排量,438186.0
2022,12,生产,二轮,二轮,汇总,1463942.0
2022,12,生产,二轮,其它式,车型,7711.0
2022,12,生产,二轮,弯梁式,车型,122886.0
2022,12,生产,二轮,踏板式,车型,725551.0
2022,12,生产,二轮,骑式式,车型,607794.0
2022,12,生产,总计,总计,汇总,1634532.0
2022,12,销售,三轮,100ml<排量≤150ml,排量,53969.0
2022,12,销售,三轮,150ml<排量≤250ml,排量,38862.0
2022,12,销售,三轮,250ml<排量≤400ml,排量,926.0
2022,12,销售,三轮,400ml<排量≤750ml,排量,465.0
2022,12,销售,三轮,50ml<排量≤100ml,排量,1.0
2022,12,销售,三轮,排量>750ml,排量,40.0
2022,12,销售,三轮,排量≤50ml,排量,500.0
2022,12,销售,三轮,电动摩托车,排量,73757.0
2022,12,销售,三轮,三轮,汇总,168520.0
2022,12,销售,三轮,正三轮,车型,168055.0
2022,12,销售,三轮,边三轮,车型,465.0
2022,12,销售,二轮,100ml<排量≤110ml,排量,121557.0
2022,12,销售,二轮,110ml<排量≤125ml,排量,422289.0
2022,12,销售,二轮,125ml<排量≤150ml,排量,252437.0
2022,12,销售,二轮,150ml<排量≤250ml,排量,119840.0
2022,12,销售,二轮,250ml<排量≤400ml,排量,16797.0
2022,12,销售,二轮,400ml<排量≤750ml,排量,9232.0
2022,12,销售,二轮,50ml<排量≤60ml,排量,159.0
2022,12,销售,二轮,60ml<排量≤70ml,排量,2309.0
2022,12,销售,二轮,70ml<排量≤80ml,排量,680.0
2022,12,销售,二轮,80ml<排量≤90ml,排量,2279.0
2022,12,销售,二轮,90ml<排量≤100ml,排量,34630.0
2022,12,销售,二轮,排量>750ml,排量,15.0
2022,12,销售,二轮,排量≤50ml,排量,41907.0
2022,12,销售,二轮,电动摩托车,排量,450584.0
2022,12,销售,二轮,二轮,汇总,1474715.0
2022,12,销售,二轮,其它式,车型,0.0
2022,12,销售,二轮,弯梁式,车型,122914.0
2022,12,销售,二轮,踏板式,车型,721636.0
2022,12,销售,二轮,骑式式,车型,630165.0
2022,12,销售,总计,总计,汇总,1643235.0
2023,1,生产,三轮,100ml<排量≤150ml,排量,54714.0
2023,1,生产,三轮,150ml<排量≤250ml,排量,30677.0
2023,1,生产,三轮,250ml<排量≤400ml,排量,599.0
2023,1,生产,三轮,400ml<排量≤750ml,排量,92.0
2023,1,生产,三轮,50ml<排量≤100ml,排量,0.0
2023,1,生产,三轮,排量>750ml,排量,24.0
2023,1,生产,三轮,排量≤50ml,排量,280.0
2023,1,生产,三轮,电动摩托车,排量,34578.0
2023,1,生产,三轮,三轮,汇总,120964.0
2023,1,生产,三轮,正三轮,车型,120952.0
2023,1,生产,三轮,边三轮,车型,12.0
2023,1,生产,二轮,100ml<排量≤110ml,排量,90600.0
2023,1,生产,二轮,110ml<排量≤125ml,排量,270346.0
2023,1,生产,二轮,125ml<排量≤150ml,排量,173094.0
2023,1,生产,二轮,150ml<排量≤200ml,排量,46643.0
2023,1,生产,二轮,200ml<排量≤250ml,排量,24346.0
2023,1,生产,二轮,250ml<排量≤400ml,排量,16973.0
2023,1,生产,二轮,400ml<排量≤500ml,排量,2483.0
2023,1,生产,二轮,500ml<排量≤800ml,排量,3535.0
2023,1,生产,二轮,50ml<排量≤60ml,排量,145.0
2023,1,生产,二轮,60ml<排量≤70ml,排量,2210.0
2023,1,生产,二轮,70ml<排量≤80ml,排量,160.0
2023,1,生产,二轮,80ml<排量≤90ml,排量,1421.0
2023,1,生产,二轮,90ml<排量≤100ml,排量,22169.0
2023,1,生产,二轮,排量>800ml,排量,0.0
2023,1,生产,二轮,排量≤50ml,排量,28316.0
2023,1,生产,二轮,电动摩托车,排量,175778.0
2023,1,生产,二轮,二轮,汇总,858219.0
2023,1,生产,二轮,其它式,车型,7656.0
2023,1,生产,二轮,弯梁式,车型,85456.0
2023,1,生产,二轮,踏板式,车型,353072.0
2023,1,生产,二轮,骑式式,车型,412035.0
2023,1,生产,总计,总计,汇总,979183.0
2023,1,销售,三轮,100ml<排量≤150ml,排量,55187.0
2023,1,销售,三轮,150ml<排量≤250ml,排量,34270.0
2023,1,销售,三轮,250ml<排量≤400ml,排量,622.0
2023,1,销售,三轮,400ml<排量≤750ml,排量,114.0
2023,1,销售,三轮,50ml<排量≤100ml,排量,0.0
2023,1,销售,三轮,排量>750ml,排量,21.0
2023,1,销售,三轮,排量≤50ml,排量,280.0
2023,1,销售,三轮,电动摩托车,排量,37760.0
2023,1,销售,三轮,三轮,汇总,128254.0
2023,1,销售,三轮,正三轮,车型,128248.0
2023,1,销售,三轮,边三轮,车型,6.0
2023,1,销售,二轮,100ml<排量≤110ml,排量,84082.0
2023,1,销售,二轮,110ml<排量≤125ml,排量,285098.0
2023,1,销售,二轮,125ml<排量≤150ml,排量,189200.0
2023,1,销售,二轮,150ml<排量≤200ml,排量,49805.0
2023,1,销售,二轮,200ml<排量≤250ml,排量,28522.0
2023,1,销售,二轮,250ml<排量≤400ml,排量,17931.0
2023,1,销售,二轮,400ml<排量≤500ml,排量,2929.0
2023,1,销售,二轮,500ml<排量≤800ml,排量,3403.0
2023,1,销售,二轮,50ml<排量≤60ml,排量,148.0
2023,1,销售,二轮,60ml<排量≤70ml,排量,2115.0
2023,1,销售,二轮,70ml<排量≤80ml,排量,160.0
2023,1,销售,二轮,80ml<排量≤90ml,排量,1241.0
2023,1,销售,二轮,90ml<排量≤100ml,排量,28634.0
2023,1,销售,二轮,排量>800ml,排量,154.0
2023,1,销售,二轮,排量≤50ml,排量,31309.0
2023,1,销售,二轮,电动摩托车,排量,187441.0
2023,1,销售,二轮,二轮,汇总,912172.0
2023,1,销售,二轮,其它式,车型,0.0
2023,1,销售,二轮,弯梁式,车型,86498.0
2023,1,销售,二轮,踏板式,车型,371520.0
2023,1,销售,二轮,骑式式,车型,454154.0
2023,1,销售,总计,总计,汇总,1040426.0
2023,2,生产,三轮,100ml<排量≤150ml,排量,70450.0
2023,2,生产,三轮,150ml<排量≤250ml,排量,42657.0
2023,2,生产,三轮,250ml<排量≤400ml,排量,178.0
2023,2,生产,三轮,400ml<排量≤750ml,排量,347.0
2023,2,生产,三轮,50ml<排量≤100ml,排量,10.0
2023,2,生产,三轮,排量>750ml,排量,84.0
2023,2,生产,三轮,排量≤50ml,排量,200.0
2023,2,生产,三轮,电动摩托车,排量,89066.0
2023,2,生产,三轮,三轮,汇总,202992.0
2023,2,生产,三轮,正三轮,车型,202697.0
2023,2,生产,三轮,边三轮,车型,295.0
2023,2,生产,二轮,100ml<排量≤110ml,排量,123852.0
2023,2,生产,二轮,110ml<排量≤125ml,排量,368230.0
2023,2,生产,二轮,125ml<排量≤150ml,排量,212558.0
2023,2,生产,二轮,150ml<排量≤200ml,排量,50748.0
2023,2,生产,二轮,200ml<排量≤250ml,排量,37904.0
2023,2,生产,二轮,250ml<排量≤400ml,排量,19737.0
2023,2,生产,二轮,400ml<排量≤500ml,排量,6647.0
2023,2,生产,二轮,500ml<排量≤800ml,排量,4527.0
2023,2,生产,二轮,50ml<排量≤60ml,排量,83.0
2023,2,生产,二轮,60ml<排量≤70ml,排量,1925.0
2023,2,生产,二轮,70ml<排量≤80ml,排量,247.0
2023,2,生产,二轮,80ml<排量≤90ml,排量,1276.0
2023,2,生产,二轮,90ml<排量≤100ml,排量,25389.0
2023,2,生产,二轮,排量>800ml,排量,19.0
2023,2,生产,二轮,排量≤50ml,排量,43422.0
2023,2,生产,二轮,电动摩托车,排量,681928.0
2023,2,生产,二轮,二轮,汇总,1578492.0
2023,2,生产,二轮,其它式,车型,7254.0
2023,2,生产,二轮,弯梁式,车型,126106.0
2023,2,生产,二轮,踏板式,车型,940509.0
2023,2,生产,二轮,骑式式,车型,504623.0
2023,2,生产,总计,总计,汇总,1781484.0
2023,2,销售,三轮,100ml<排量≤150ml,排量,71120.0
2023,2,销售,三轮,150ml<排量≤250ml,排量,41767.0
2023,2,销售,三轮,250ml<排量≤400ml,排量,178.0
2023,2,销售,三轮,400ml<排量≤750ml,排量,340.0
2023,2,销售,三轮,50ml<排量≤100ml,排量,9.0
2023,2,销售,三轮,排量>750ml,排量,79.0
2023,2,销售,三轮,排量≤50ml,排量,200.0
2023,2,销售,三轮,电动摩托车,排量,89244.0
2023,2,销售,三轮,三轮,汇总,202937.0
2023,2,销售,三轮,正三轮,车型,202649.0
2023,2,销售,三轮,边三轮,车型,288.0
2023,2,销售,二轮,100ml<排量≤110ml,排量,123432.0
2023,2,销售,二轮,110ml<排量≤125ml,排量,363860.0
2023,2,销售,二轮,125ml<排量≤150ml,排量,204739.0
2023,2,销售,二轮,150ml<排量≤200ml,排量,50511.0
2023,2,销售,二轮,200ml<排量≤250ml,排量,34010.0
2023,2,销售,二轮,250ml<排量≤400ml,排量,21197.0
2023,2,销售,二轮,400ml<排量≤500ml,排量,6353.0
2023,2,销售,二轮,500ml<排量≤800ml,排量,4766.0
2023,2,销售,二轮,50ml<排量≤60ml,排量,81.0
2023,2,销售,二轮,60ml<排量≤70ml,排量,1985.0
2023,2,销售,二轮,70ml<排量≤80ml,排量,256.0
2023,2,销售,二轮,80ml<排量≤90ml,排量,1454.0
2023,2,销售,二轮,90ml<排量≤100ml,排量,33092.0
2023,2,销售,二轮,排量>800ml,排量,104.0
2023,2,销售,二轮,排量≤50ml,排量,49204.0
2023,2,销售,二轮,电动摩托车,排量,638118.0
2023,2,销售,二轮,二轮,汇总,1533162.0
2023,2,销售,二轮,其它式,车型,0.0
2023,2,销售,二轮,弯梁式,车型,128664.0
2023,2,销售,二轮,踏板式,车型,893935.0
2023,2,销售,二轮,骑式式,车型,510563.0
2023,2,销售,总计,总计,汇总,1736099.0
2023,3,生产,三轮,100ml<排量≤150ml,排量,89014.0
2023,3,生产,三轮,150ml<排量≤250ml,排量,39150.0
2023,3,生产,三轮,250ml<排量≤400ml,排量,400.0
2023,3,生产,三轮,400ml<排量≤750ml,排量,414.0
2023,3,生产,三轮,50ml<排量≤100ml,排量,0.0
2023,3,生产,三轮,排量>750ml,排量,59.0
2023,3,生产,三轮,排量≤50ml,排量,210.0
2023,3,生产,三轮,电动摩托车,排量,102358.0
2023,3,生产,三轮,三轮,汇总,231605.0
2023,3,生产,三轮,正三轮,车型,231284.0
2023,3,生产,三轮,边三轮,车型,321.0
2023,3,生产,二轮,100ml<排量≤110ml,排量,126250.0
2023,3,生产,二轮,110ml<排量≤125ml,排量,440075.0
2023,3,生产,二轮,125ml<排量≤150ml,排量,301117.0
2023,3,生产,二轮,150ml<排量≤200ml,排量,69707.0
2023,3,生产,二轮,200ml<排量≤250ml,排量,50773.0
2023,3,生产,二轮,250ml<排量≤400ml,排量,33788.0
2023,3,生产,二轮,400ml<排量≤500ml,排量,7272.0
2023,3,生产,二轮,500ml<排量≤800ml,排量,7527.0
2023,3,生产,二轮,50ml<排量≤60ml,排量,110.0
2023,3,生产,二轮,60ml<排量≤70ml,排量,1882.0
2023,3,生产,二轮,70ml<排量≤80ml,排量,675.0
2023,3,生产,二轮,80ml<排量≤90ml,排量,1118.0
2023,3,生产,二轮,90ml<排量≤100ml,排量,30847.0
2023,3,生产,二轮,排量>800ml,排量,22.0
2023,3,生产,二轮,排量≤50ml,排量,61019.0
2023,3,生产,二轮,电动摩托车,排量,758242.0
2023,3,生产,二轮,二轮,汇总,1890424.0
2023,3,生产,二轮,其它式,车型,3251.0
2023,3,生产,二轮,弯梁式,车型,140297.0
2023,3,生产,二轮,踏板式,车型,1082188.0
2023,3,生产,二轮,骑式式,车型,664688.0
2023,3,生产,总计,总计,汇总,2122029.0
2023,3,销售,三轮,100ml<排量≤150ml,排量,87823.0
2023,3,销售,三轮,150ml<排量≤250ml,排量,41777.0
2023,3,销售,三轮,250ml<排量≤400ml,排量,327.0
2023,3,销售,三轮,400ml<排量≤750ml,排量,436.0
2023,3,销售,三轮,50ml<排量≤100ml,排量,0.0
2023,3,销售,三轮,排量>750ml,排量,64.0
2023,3,销售,三轮,排量≤50ml,排量,210.0
2023,3,销售,三轮,电动摩托车,排量,101166.0
2023,3,销售,三轮,三轮,汇总,231803.0
2023,3,销售,三轮,正三轮,车型,231460.0
2023,3,销售,三轮,边三轮,车型,343.0
2023,3,销售,二轮,100ml<排量≤110ml,排量,128719.0
2023,3,销售,二轮,110ml<排量≤125ml,排量,438003.0
2023,3,销售,二轮,125ml<排量≤150ml,排量,302845.0
2023,3,销售,二轮,150ml<排量≤200ml,排量,66494.0
2023,3,销售,二轮,200ml<排量≤250ml,排量,44892.0
2023,3,销售,二轮,250ml<排量≤400ml,排量,37480.0
2023,3,销售,二轮,400ml<排量≤500ml,排量,8003.0
2023,3,销售,二轮,500ml<排量≤800ml,排量,6253.0
2023,3,销售,二轮,50ml<排量≤60ml,排量,112.0
2023,3,销售,二轮,60ml<排量≤70ml,排量,1937.0
2023,3,销售,二轮,70ml<排量≤80ml,排量,682.0
2023,3,销售,二轮,80ml<排量≤90ml,排量,1120.0
2023,3,销售,二轮,90ml<排量≤100ml,排量,27944.0
2023,3,销售,二轮,排量>800ml,排量,39.0
2023,3,销售,二轮,排量≤50ml,排量,66349.0
2023,3,销售,二轮,电动摩托车,排量,611410.0
2023,3,销售,二轮,二轮,汇总,1742282.0
2023,3,销售,二轮,其它式,车型,3251.0
2023,3,销售,二轮,弯梁式,车型,139598.0
2023,3,销售,二轮,踏板式,车型,933944.0
2023,3,销售,二轮,骑式式,车型,665489.0
2023,3,销售,总计,总计,汇总,1974085.0
2023,4,生产,三轮,100ml<排量≤150ml,排量,82799.0
2023,4,生产,三轮,150ml<排量≤250ml,排量,40660.0
2023,4,生产,三轮,250ml<排量≤400ml,排量,742.0
2023,4,生产,三轮,400ml<排量≤750ml,排量,594.0
2023,4,生产,三轮,50ml<排量≤100ml,排量,7.0
2023,4,生产,三轮,排量>750ml,排量,52.0
2023,4,生产,三轮,排量≤50ml,排量,104.0
2023,4,生产,三轮,电动摩托车,排量,90044.0
2023,4,生产,三轮,三轮,汇总,215002.0
2023,4,生产,三轮,正三轮,车型,214577.0
2023,4,生产,三轮,边三轮,车型,425.0
2023,4,生产,二轮,100ml<排量≤110ml,排量,130179.0
2023,4,生产,二轮,110ml<排量≤125ml,排量,412432.0
2023,4,生产,二轮,125ml<排量≤150ml,排量,330123.0
2023,4,生产,二轮,150ml<排量≤200ml,排量,70183.0
2023,4,生产,二轮,200ml<排量≤250ml,排量,46449.0
2023,4,生产,二轮,250ml<排量≤400ml,排量,35002.0
2023,4,生产,二轮,400ml<排量≤500ml,排量,6713.0
2023,4,生产,二轮,500ml<排量≤800ml,排量,4790.0
2023,4,生产,二轮,50ml<排量≤60ml,排量,192.0
2023,4,生产,二轮,60ml<排量≤70ml,排量,2698.0
2023,4,生产,二轮,70ml<排量≤80ml,排量,547.0
2023,4,生产,二轮,80ml<排量≤90ml,排量,1510.0
2023,4,生产,二轮,90ml<排量≤100ml,排量,22347.0
2023,4,生产,二轮,排量>800ml,排量,17.0
2023,4,生产,二轮,排量≤50ml,排量,55813.0
2023,4,生产,二轮,电动摩托车,排量,345714.0
2023,4,生产,二轮,二轮,汇总,1464709.0
2023,4,生产,二轮,其它式,车型,0.0
2023,4,生产,二轮,弯梁式,车型,139840.0
2023,4,生产,二轮,踏板式,车型,665584.0
2023,4,生产,二轮,骑式式,车型,659285.0
2023,4,生产,总计,总计,汇总,1679711.0
2023,4,销售,三轮,100ml<排量≤150ml,排量,84073.0
2023,4,销售,三轮,150ml<排量≤250ml,排量,41504.0
2023,4,销售,三轮,250ml<排量≤400ml,排量,776.0
2023,4,销售,三轮,400ml<排量≤750ml,排量,546.0
2023,4,销售,三轮,50ml<排量≤100ml,排量,7.0
2023,4,销售,三轮,排量>750ml,排量,50.0
2023,4,销售,三轮,排量≤50ml,排量,104.0
2023,4,销售,三轮,电动摩托车,排量,87799.0
2023,4,销售,三轮,三轮,汇总,214859.0
2023,4,销售,三轮,正三轮,车型,214482.0
2023,4,销售,三轮,边三轮,车型,377.0
2023,4,销售,二轮,100ml<排量≤110ml,排量,128177.0
2023,4,销售,二轮,110ml<排量≤125ml,排量,418454.0
2023,4,销售,二轮,125ml<排量≤150ml,排量,328451.0
2023,4,销售,二轮,150ml<排量≤200ml,排量,76089.0
2023,4,销售,二轮,200ml<排量≤250ml,排量,46508.0
2023,4,销售,二轮,250ml<排量≤400ml,排量,40682.0
2023,4,销售,二轮,400ml<排量≤500ml,排量,8525.0
2023,4,销售,二轮,500ml<排量≤800ml,排量,4823.0
2023,4,销售,二轮,50ml<排量≤60ml,排量,204.0
2023,4,销售,二轮,60ml<排量≤70ml,排量,2655.0
2023,4,销售,二轮,70ml<排量≤80ml,排量,513.0
2023,4,销售,二轮,80ml<排量≤90ml,排量,1522.0
2023,4,销售,二轮,90ml<排量≤100ml,排量,21727.0
2023,4,销售,二轮,排量>800ml,排量,30.0
2023,4,销售,二轮,排量≤50ml,排量,58526.0
2023,4,销售,二轮,电动摩托车,排量,258278.0
2023,4,销售,二轮,二轮,汇总,1395164.0
2023,4,销售,二轮,其它式,车型,0.0
2023,4,销售,二轮,弯梁式,车型,144671.0
2023,4,销售,二轮,踏板式,车型,588676.0
2023,4,销售,二轮,骑式式,车型,661817.0
2023,4,销售,总计,总计,汇总,1610023.0
2023,5,生产,三轮,100ml<排量≤150ml,排量,64023.0
2023,5,生产,三轮,150ml<排量≤250ml,排量,46795.0
2023,5,生产,三轮,250ml<排量≤400ml,排量,613.0
2023,5,生产,三轮,400ml<排量≤750ml,排量,440.0
2023,5,生产,三轮,50ml<排量≤100ml,排量,0.0
2023,5,生产,三轮,排量>750ml,排量,48.0
2023,5,生产,三轮,排量≤50ml,排量,85.0
2023,5,生产,三轮,电动摩托车,排量,81975.0
2023,5,生产,三轮,三轮,汇总,193979.0
2023,5,生产,三轮,正三轮,车型,193464.0
2023,5,生产,三轮,边三轮,车型,515.0
2023,5,生产,二轮,100ml<排量≤110ml,排量,132523.0
2023,5,生产,二轮,110ml<排量≤125ml,排量,416805.0
2023,5,生产,二轮,125ml<排量≤150ml,排量,339556.0
2023,5,生产,二轮,150ml<排量≤200ml,排量,74051.0
2023,5,生产,二轮,200ml<排量≤250ml,排量,39608.0
2023,5,生产,二轮,250ml<排量≤400ml,排量,35251.0
2023,5,生产,二轮,400ml<排量≤500ml,排量,11088.0
2023,5,生产,二轮,500ml<排量≤800ml,排量,3994.0
2023,5,生产,二轮,50ml<排量≤60ml,排量,204.0
2023,5,生产,二轮,60ml<排量≤70ml,排量,3547.0
2023,5,生产,二轮,70ml<排量≤80ml,排量,265.0
2023,5,生产,二轮,80ml<排量≤90ml,排量,1657.0
2023,5,生产,二轮,90ml<排量≤100ml,排量,30018.0
2023,5,生产,二轮,排量>800ml,排量,2.0
2023,5,生产,二轮,排量≤50ml,排量,80374.0
2023,5,生产,二轮,电动摩托车,排量,311816.0
2023,5,生产,二轮,二轮,汇总,1480759.0
2023,5,生产,二轮,其它式,车型,0.0
2023,5,生产,二轮,弯梁式,车型,143533.0
2023,5,生产,二轮,踏板式,车型,668299.0
2023,5,生产,二轮,骑式式,车型,668927.0
2023,5,生产,总计,总计,汇总,1674738.0
2023,5,销售,三轮,100ml<排量≤150ml,排量,63302.0
2023,5,销售,三轮,150ml<排量≤250ml,排量,43407.0
2023,5,销售,三轮,250ml<排量≤400ml,排量,532.0
2023,5,销售,三轮,400ml<排量≤750ml,排量,417.0
2023,5,销售,三轮,50ml<排量≤100ml,排量,0.0
2023,5,销售,三轮,排量>750ml,排量,51.0
2023,5,销售,三轮,排量≤50ml,排量,85.0
2023,5,销售,三轮,电动摩托车,排量,81374.0
2023,5,销售,三轮,三轮,汇总,189168.0
2023,5,销售,三轮,正三轮,车型,188676.0
2023,5,销售,三轮,边三轮,车型,492.0
2023,5,销售,二轮,100ml<排量≤110ml,排量,130083.0
2023,5,销售,二轮,110ml<排量≤125ml,排量,424856.0
2023,5,销售,二轮,125ml<排量≤150ml,排量,342831.0
2023,5,销售,二轮,150ml<排量≤200ml,排量,73908.0
2023,5,销售,二轮,200ml<排量≤250ml,排量,43525.0
2023,5,销售,二轮,250ml<排量≤400ml,排量,33366.0
2023,5,销售,二轮,400ml<排量≤500ml,排量,9057.0
2023,5,销售,二轮,500ml<排量≤800ml,排量,6488.0
2023,5,销售,二轮,50ml<排量≤60ml,排量,201.0
2023,5,销售,二轮,60ml<排量≤70ml,排量,3410.0
2023,5,销售,二轮,70ml<排量≤80ml,排量,263.0
2023,5,销售,二轮,80ml<排量≤90ml,排量,1666.0
2023,5,销售,二轮,90ml<排量≤100ml,排量,28793.0
2023,5,销售,二轮,排量>800ml,排量,6.0
2023,5,销售,二轮,排量≤50ml,排量,82781.0
2023,5,销售,二轮,电动摩托车,排量,237206.0
2023,5,销售,二轮,二轮,汇总,1418440.0
2023,5,销售,二轮,其它式,车型,0.0
2023,5,销售,二轮,弯梁式,车型,137922.0
2023,5,销售,二轮,踏板式,车型,603672.0
2023,5,销售,二轮,骑式式,车型,676846.0
2023,5,销售,总计,总计,汇总,1607608.0
2023,6,生产,三轮,100ml<排量≤150ml,排量,60324.0
2023,6,生产,三轮,150ml<排量≤250ml,排量,37474.0
2023,6,生产,三轮,250ml<排量≤400ml,排量,896.0
2023,6,生产,三轮,400ml<排量≤750ml,排量,226.0
2023,6,生产,三轮,50ml<排量≤100ml,排量,0.0
2023,6,生产,三轮,排量>750ml,排量,35.0
2023,6,生产,三轮,排量≤50ml,排量,80.0
2023,6,生产,三轮,电动摩托车,排量,77535.0
2023,6,生产,三轮,三轮,汇总,176570.0
2023,6,生产,三轮,正三轮,车型,176151.0
2023,6,生产,三轮,边三轮,车型,419.0
2023,6,生产,二轮,100ml<排量≤110ml,排量,135001.0
2023,6,生产,二轮,110ml<排量≤125ml,排量,460232.0
2023,6,生产,二轮,125ml<排量≤150ml,排量,335226.0
2023,6,生产,二轮,150ml<排量≤200ml,排量,90550.0
2023,6,生产,二轮,200ml<排量≤250ml,排量,35698.0
2023,6,生产,二轮,250ml<排量≤400ml,排量,28622.0
2023,6,生产,二轮,400ml<排量≤500ml,排量,11840.0
2023,6,生产,二轮,500ml<排量≤800ml,排量,5313.0
2023,6,生产,二轮,50ml<排量≤60ml,排量,286.0
2023,6,生产,二轮,60ml<排量≤70ml,排量,3920.0
2023,6,生产,二轮,70ml<排量≤80ml,排量,261.0
2023,6,生产,二轮,80ml<排量≤90ml,排量,3284.0
2023,6,生产,二轮,90ml<排量≤100ml,排量,32920.0
2023,6,生产,二轮,排量>800ml,排量,69.0
2023,6,生产,二轮,排量≤50ml,排量,79929.0
2023,6,生产,二轮,电动摩托车,排量,261487.0
2023,6,生产,二轮,二轮,汇总,1484638.0
2023,6,生产,二轮,其它式,车型,0.0
2023,6,生产,二轮,弯梁式,车型,149458.0
2023,6,生产,二轮,踏板式,车型,611486.0
2023,6,生产,二轮,骑式式,车型,723694.0
2023,6,生产,总计,总计,汇总,1661208.0
2023,6,销售,三轮,100ml<排量≤150ml,排量,60870.0
2023,6,销售,三轮,150ml<排量≤250ml,排量,40732.0
2023,6,销售,三轮,250ml<排量≤400ml,排量,981.0
2023,6,销售,三轮,400ml<排量≤750ml,排量,259.0
2023,6,销售,三轮,50ml<排量≤100ml,排量,0.0
2023,6,销售,三轮,排量>750ml,排量,31.0
2023,6,销售,三轮,排量≤50ml,排量,80.0
2023,6,销售,三轮,电动摩托车,排量,78017.0
2023,6,销售,三轮,三轮,汇总,180970.0
2023,6,销售,三轮,正三轮,车型,180518.0
2023,6,销售,三轮,边三轮,车型,452.0
2023,6,销售,二轮,100ml<排量≤110ml,排量,135689.0
2023,6,销售,二轮,110ml<排量≤125ml,排量,449820.0
2023,6,销售,二轮,125ml<排量≤150ml,排量,332750.0
2023,6,销售,二轮,150ml<排量≤200ml,排量,87431.0
2023,6,销售,二轮,200ml<排量≤250ml,排量,36685.0
2023,6,销售,二轮,250ml<排量≤400ml,排量,26779.0
2023,6,销售,二轮,400ml<排量≤500ml,排量,11866.0
2023,6,销售,二轮,500ml<排量≤800ml,排量,5749.0
2023,6,销售,二轮,50ml<排量≤60ml,排量,290.0
2023,6,销售,二轮,60ml<排量≤70ml,排量,4007.0
2023,6,销售,二轮,70ml<排量≤80ml,排量,265.0
2023,6,销售,二轮,80ml<排量≤90ml,排量,2958.0
2023,6,销售,二轮,90ml<排量≤100ml,排量,28747.0
2023,6,销售,二轮,排量>800ml,排量,14.0
2023,6,销售,二轮,排量≤50ml,排量,82133.0
2023,6,销售,二轮,电动摩托车,排量,241441.0
2023,6,销售,二轮,二轮,汇总,1446624.0
2023,6,销售,二轮,其它式,车型,0.0
2023,6,销售,二轮,弯梁式,车型,146905.0
2023,6,销售,二轮,踏板式,车型,586774.0
2023,6,销售,二轮,骑式式,车型,712945.0
2023,6,销售,总计,总计,汇总,1627594.0
2023,8,生产,三轮,100ml<排量≤150ml,排量,67020.0
2023,8,生产,三轮,150ml<排量≤250ml,排量,36087.0
2023,8,生产,三轮,250ml<排量≤400ml,排量,527.0
2023,8,生产,三轮,400ml<排量≤750ml,排量,338.0
2023,8,生产,三轮,50ml<排量≤100ml,排量,0.0
2023,8,生产,三轮,排量>750ml,排量,43.0
2023,8,生产,三轮,排量≤50ml,排量,50.0
2023,8,生产,三轮,电动摩托车,排量,93158.0
2023,8,生产,三轮,三轮,汇总,197223.0
2023,8,生产,三轮,正三轮,车型,197037.0
2023,8,生产,三轮,边三轮,车型,186.0
2023,8,生产,二轮,100ml<排量≤110ml,排量,118120.0
2023,8,生产,二轮,110ml<排量≤125ml,排量,437406.0
2023,8,生产,二轮,125ml<排量≤150ml,排量,345643.0
2023,8,生产,二轮,150ml<排量≤200ml,排量,92792.0
2023,8,生产,二轮,200ml<排量≤250ml,排量,40747.0
2023,8,生产,二轮,250ml<排量≤400ml,排量,31824.0
2023,8,生产,二轮,400ml<排量≤500ml,排量,14331.0
2023,8,生产,二轮,500ml<排量≤800ml,排量,3879.0
2023,8,生产,二轮,50ml<排量≤60ml,排量,0.0
2023,8,生产,二轮,60ml<排量≤70ml,排量,4130.0
2023,8,生产,二轮,70ml<排量≤80ml,排量,451.0
2023,8,生产,二轮,80ml<排量≤90ml,排量,4486.0
2023,8,生产,二轮,90ml<排量≤100ml,排量,29440.0
2023,8,生产,二轮,排量>800ml,排量,71.0
2023,8,生产,二轮,排量≤50ml,排量,67337.0
2023,8,生产,二轮,电动摩托车,排量,345337.0
2023,8,生产,二轮,二轮,汇总,1535994.0
2023,8,生产,二轮,其它式,车型,0.0
2023,8,生产,二轮,弯梁式,车型,132385.0
2023,8,生产,二轮,踏板式,车型,669523.0
2023,8,生产,二轮,骑式式,车型,734086.0
2023,8,生产,总计,总计,汇总,1733217.0
2023,8,销售,三轮,100ml<排量≤150ml,排量,66831.0
2023,8,销售,三轮,150ml<排量≤250ml,排量,34840.0
2023,8,销售,三轮,250ml<排量≤400ml,排量,448.0
2023,8,销售,三轮,400ml<排量≤750ml,排量,326.0
2023,8,销售,三轮,50ml<排量≤100ml,排量,0.0
2023,8,销售,三轮,排量>750ml,排量,43.0
2023,8,销售,三轮,排量≤50ml,排量,50.0
2023,8,销售,三轮,电动摩托车,排量,93627.0
2023,8,销售,三轮,三轮,汇总,196165.0
2023,8,销售,三轮,正三轮,车型,195991.0
2023,8,销售,三轮,边三轮,车型,174.0
2023,8,销售,二轮,100ml<排量≤110ml,排量,122713.0
2023,8,销售,二轮,110ml<排量≤125ml,排量,433634.0
2023,8,销售,二轮,125ml<排量≤150ml,排量,343197.0
2023,8,销售,二轮,150ml<排量≤200ml,排量,92549.0
2023,8,销售,二轮,200ml<排量≤250ml,排量,39547.0
2023,8,销售,二轮,250ml<排量≤400ml,排量,28797.0
2023,8,销售,二轮,400ml<排量≤500ml,排量,14493.0
2023,8,销售,二轮,500ml<排量≤800ml,排量,4247.0
2023,8,销售,二轮,50ml<排量≤60ml,排量,0.0
2023,8,销售,二轮,60ml<排量≤70ml,排量,4357.0
2023,8,销售,二轮,70ml<排量≤80ml,排量,457.0
2023,8,销售,二轮,80ml<排量≤90ml,排量,4647.0
2023,8,销售,二轮,90ml<排量≤100ml,排量,24819.0
2023,8,销售,二轮,排量>800ml,排量,55.0
2023,8,销售,二轮,排量≤50ml,排量,67411.0
2023,8,销售,二轮,电动摩托车,排量,343310.0
2023,8,销售,二轮,二轮,汇总,1524233.0
2023,8,销售,二轮,其它式,车型,0.0
2023,8,销售,二轮,弯梁式,车型,131904.0
2023,8,销售,二轮,踏板式,车型,655253.0
2023,8,销售,二轮,骑式式,车型,737076.0
2023,8,销售,总计,总计,汇总,1720398.0
2023,9,生产,三轮,100ml<排量≤150ml,排量,76451.0
2023,9,生产,三轮,150ml<排量≤250ml,排量,40708.0
2023,9,生产,三轮,250ml<排量≤400ml,排量,553.0
2023,9,生产,三轮,400ml<排量≤750ml,排量,427.0
2023,9,生产,三轮,50ml<排量≤100ml,排量,0.0
2023,9,生产,三轮,排量>750ml,排量,44.0
2023,9,生产,三轮,排量≤50ml,排量,55.0
2023,9,生产,三轮,电动摩托车,排量,101390.0
2023,9,生产,三轮,三轮,汇总,219628.0
2023,9,生产,三轮,正三轮,车型,219571.0
2023,9,生产,三轮,边三轮,车型,57.0
2023,9,生产,二轮,100ml<排量≤110ml,排量,110668.0
2023,9,生产,二轮,110ml<排量≤125ml,排量,420541.0
2023,9,生产,二轮,125ml<排量≤150ml,排量,313773.0
2023,9,生产,二轮,150ml<排量≤200ml,排量,73728.0
2023,9,生产,二轮,200ml<排量≤250ml,排量,34392.0
2023,9,生产,二轮,250ml<排量≤400ml,排量,23910.0
2023,9,生产,二轮,400ml<排量≤500ml,排量,16204.0
2023,9,生产,二轮,500ml<排量≤800ml,排量,4193.0
2023,9,生产,二轮,50ml<排量≤60ml,排量,0.0
2023,9,生产,二轮,60ml<排量≤70ml,排量,3283.0
2023,9,生产,二轮,70ml<排量≤80ml,排量,495.0
2023,9,生产,二轮,80ml<排量≤90ml,排量,3803.0
2023,9,生产,二轮,90ml<排量≤100ml,排量,22212.0
2023,9,生产,二轮,排量>800ml,排量,52.0
2023,9,生产,二轮,排量≤50ml,排量,56583.0
2023,9,生产,二轮,电动摩托车,排量,407022.0
2023,9,生产,二轮,二轮,汇总,1490859.0
2023,9,生产,二轮,其它式,车型,0.0
2023,9,生产,二轮,弯梁式,车型,130345.0
2023,9,生产,二轮,踏板式,车型,695922.0
2023,9,生产,二轮,骑式式,车型,664592.0
2023,9,生产,总计,总计,汇总,1710487.0
2023,9,销售,三轮,100ml<排量≤150ml,排量,76272.0
2023,9,销售,三轮,150ml<排量≤250ml,排量,38462.0
2023,9,销售,三轮,250ml<排量≤400ml,排量,401.0
2023,9,销售,三轮,400ml<排量≤750ml,排量,451.0
2023,9,销售,三轮,50ml<排量≤100ml,排量,0.0
2023,9,销售,三轮,排量>750ml,排量,42.0
2023,9,销售,三轮,排量≤50ml,排量,55.0
2023,9,销售,三轮,电动摩托车,排量,100047.0
2023,9,销售,三轮,三轮,汇总,215730.0
2023,9,销售,三轮,正三轮,车型,215646.0
2023,9,销售,三轮,边三轮,车型,84.0
2023,9,销售,二轮,100ml<排量≤110ml,排量,111091.0
2023,9,销售,二轮,110ml<排量≤125ml,排量,432181.0
2023,9,销售,二轮,125ml<排量≤150ml,排量,313122.0
2023,9,销售,二轮,150ml<排量≤200ml,排量,75749.0
2023,9,销售,二轮,200ml<排量≤250ml,排量,37156.0
2023,9,销售,二轮,250ml<排量≤400ml,排量,28062.0
2023,9,销售,二轮,400ml<排量≤500ml,排量,17244.0
2023,9,销售,二轮,500ml<排量≤800ml,排量,4790.0
2023,9,销售,二轮,50ml<排量≤60ml,排量,0.0
2023,9,销售,二轮,60ml<排量≤70ml,排量,3073.0
2023,9,销售,二轮,70ml<排量≤80ml,排量,499.0
2023,9,销售,二轮,80ml<排量≤90ml,排量,3804.0
2023,9,销售,二轮,90ml<排量≤100ml,排量,24460.0
2023,9,销售,二轮,排量>800ml,排量,92.0
2023,9,销售,二轮,排量≤50ml,排量,54940.0
2023,9,销售,二轮,电动摩托车,排量,389477.0
2023,9,销售,二轮,二轮,汇总,1495740.0
2023,9,销售,二轮,其它式,车型,0.0
2023,9,销售,二轮,弯梁式,车型,127205.0
2023,9,销售,二轮,踏板式,车型,694372.0
2023,9,销售,二轮,骑式式,车型,674163.0
2023,9,销售,总计,总计,汇总,1711470.0
2023,10,生产,三轮,100ml<排量≤150ml,排量,62157.0
2023,10,生产,三轮,150ml<排量≤250ml,排量,37677.0
2023,10,生产,三轮,250ml<排量≤400ml,排量,1025.0
2023,10,生产,三轮,400ml<排量≤750ml,排量,1144.0
2023,10,生产,三轮,50ml<排量≤100ml,排量,0.0
2023,10,生产,三轮,排量>750ml,排量,139.0
2023,10,生产,三轮,排量≤50ml,排量,70.0
2023,10,生产,三轮,电动摩托车,排量,118629.0
2023,10,生产,三轮,三轮,汇总,220841.0
2023,10,生产,三轮,正三轮,车型,220717.0
2023,10,生产,三轮,边三轮,车型,124.0
2023,10,生产,二轮,100ml<排量≤110ml,排量,127823.0
2023,10,生产,二轮,110ml<排量≤125ml,排量,360815.0
2023,10,生产,二轮,125ml<排量≤150ml,排量,280700.0
2023,10,生产,二轮,150ml<排量≤200ml,排量,73973.0
2023,10,生产,二轮,200ml<排量≤250ml,排量,38264.0
2023,10,生产,二轮,250ml<排量≤400ml,排量,19171.0
2023,10,生产,二轮,400ml<排量≤500ml,排量,15942.0
2023,10,生产,二轮,500ml<排量≤800ml,排量,5531.0
2023,10,生产,二轮,50ml<排量≤60ml,排量,672.0
2023,10,生产,二轮,60ml<排量≤70ml,排量,3121.0
2023,10,生产,二轮,70ml<排量≤80ml,排量,540.0
2023,10,生产,二轮,80ml<排量≤90ml,排量,4187.0
2023,10,生产,二轮,90ml<排量≤100ml,排量,19898.0
2023,10,生产,二轮,排量>800ml,排量,5.0
2023,10,生产,二轮,排量≤50ml,排量,38959.0
2023,10,生产,二轮,电动摩托车,排量,244894.0
2023,10,生产,二轮,二轮,汇总,1234495.0
2023,10,生产,二轮,其它式,车型,0.0
2023,10,生产,二轮,弯梁式,车型,121330.0
2023,10,生产,二轮,踏板式,车型,493506.0
2023,10,生产,二轮,骑式式,车型,619659.0
2023,10,生产,总计,总计,汇总,1455336.0
2023,10,销售,三轮,100ml<排量≤150ml,排量,63281.0
2023,10,销售,三轮,150ml<排量≤250ml,排量,38943.0
2023,10,销售,三轮,250ml<排量≤400ml,排量,1322.0
2023,10,销售,三轮,400ml<排量≤750ml,排量,1162.0
2023,10,销售,三轮,50ml<排量≤100ml,排量,0.0
2023,10,销售,三轮,排量>750ml,排量,144.0
2023,10,销售,三轮,排量≤50ml,排量,70.0
2023,10,销售,三轮,电动摩托车,排量,118577.0
2023,10,销售,三轮,三轮,汇总,223499.0
2023,10,销售,三轮,正三轮,车型,223268.0
2023,10,销售,三轮,边三轮,车型,231.0
2023,10,销售,二轮,100ml<排量≤110ml,排量,133506.0
2023,10,销售,二轮,110ml<排量≤125ml,排量,373583.0
2023,10,销售,二轮,125ml<排量≤150ml,排量,290165.0
2023,10,销售,二轮,150ml<排量≤200ml,排量,73553.0
2023,10,销售,二轮,200ml<排量≤250ml,排量,37700.0
2023,10,销售,二轮,250ml<排量≤400ml,排量,21242.0
2023,10,销售,二轮,400ml<排量≤500ml,排量,15992.0
2023,10,销售,二轮,500ml<排量≤800ml,排量,5284.0
2023,10,销售,二轮,50ml<排量≤60ml,排量,689.0
2023,10,销售,二轮,60ml<排量≤70ml,排量,3320.0
2023,10,销售,二轮,70ml<排量≤80ml,排量,533.0
2023,10,销售,二轮,80ml<排量≤90ml,排量,4358.0
2023,10,销售,二轮,90ml<排量≤100ml,排量,19826.0
2023,10,销售,二轮,排量>800ml,排量,10.0
2023,10,销售,二轮,排量≤50ml,排量,42440.0
2023,10,销售,二轮,电动摩托车,排量,229852.0
2023,10,销售,二轮,二轮,汇总,1252053.0
2023,10,销售,二轮,其它式,车型,0.0
2023,10,销售,二轮,弯梁式,车型,124524.0
2023,10,销售,二轮,踏板式,车型,499440.0
2023,10,销售,二轮,骑式式,车型,628089.0
2023,10,销售,总计,总计,汇总,1475552.0
