year,month,manufacturer,indicator,value
2023,9,雅迪科技集团有限公司,生产,259001.0
2023,9,江门市大长江集团有限公司,生产,155288.0
2023,9,重庆隆鑫机车有限公司,生产,139380.0
2023,9,宗申产业集团有限公司,生产,113263.0
2023,9,新大洲本田摩托(苏州)有限公司,生产,62709.0
2023,9,洛阳北方企业集团有限公司,生产,66504.0
2023,9,五羊-本田摩托（广州）有限公司,生产,44864.0
2023,9,浙江绿源电动车有限公司,生产,52859.0
2023,9,东莞市台铃车业有限公司,生产,57269.0
2023,9,广东大冶摩托车技术有限公司,生产,51550.0
2023,9,重庆银翔摩托车集团有限公司,生产,38012.0
2023,9,广州大运摩托车有限公司,生产,42148.0
2023,9,济南轻骑铃木摩托车有限公司,生产,35938.0
2023,9,江苏新日电动车股份有限公司,生产,36179.0
2023,9,浙江钱江摩托股份有限公司,生产,29801.0
2023,9,力帆实业（集团）股份有限公司,生产,33606.0
2023,9,广州豪进摩托车股份有限公司,生产,25484.0
2023,9,重庆建设机电有限责任公司,生产,24598.0
2023,9,厦门厦杏摩托有限公司,生产,15591.0
2023,9,重庆航天巴山摩托车制造有限公司,生产,19672.0
2023,9,重庆润通智能装备有限公司,生产,25324.0
2023,9,广州天马集团天马摩托车有限公司,生产,16003.0
2023,9,珠海珠江车业有限公司,生产,15284.0
2023,9,广州三雅摩托车有限公司,生产,15288.0
2023,9,江苏淮海新能源车辆有限公司,生产,16064.0
2023,9,金翌车业有限公司,生产,17207.0
2023,9,雷沃重工股份有限公司,生产,18846.0
2023,9,江苏众星摩托有限公司,生产,13443.0
2023,9,重庆鑫源摩托车股份有限公司,生产,16095.0
2023,9,浙江春风动力股份有限公司,生产,11870.0
2023,9,重庆银钢科技(集团)有限公司,生产,7725.0
2023,9,重庆望江摩托车制造有限公司,生产,9660.0
2023,9,鹤山国机南联摩托车工业有限公司,生产,15049.0
2023,9,常州光阳摩托车有限公司,生产,4633.0
2023,9,宁波市龙嘉动力科技有限公司,生产,8099.0
2023,9,济南大隆机车工业有限公司,生产,11603.0
2023,9,浙江嘉爵摩托车制造有限公司,生产,2460.0
2023,9,山东巴士新能源车业有限公司,生产,11518.0
2023,9,广东星际机车科技有限公司,生产,8217.0
2023,9,重庆嘉陵工业有限公司,生产,10358.0
2023,9,重庆安第斯摩托车制造有限公司,生产,8148.0
2023,9,江门市长华集团有限公司,生产,10927.0
2023,9,江门市华龙摩托车有限公司,生产,8784.0
2023,9,长铃集团长春摩托车工业有限公司,生产,6281.0
2023,9,台州市王野机车有限责任公司,生产,10086.0
2023,9,重庆万虎机电有限责任公司,生产,6690.0
2023,9,浙江天本车业有限公司,生产,7089.0
2023,9,三友控股集团银友摩托车有限公司,生产,5911.0
2023,9,康超集团广州摩托车制造有限公司,生产,4296.0
2023,9,宁波市龙嘉摩托车有限公司,生产,5210.0
2023,9,浙江森铃摩托车有限公司,生产,3682.0
2023,9,杭州土星动力科技有限公司,生产,5875.0
2023,9,济南轻骑摩托车有限公司,生产,5619.0
2023,9,重庆光宇摩托车制造有限公司,生产,6581.0
2023,9,台州市椒江之威摩托车制造有限公司,生产,4627.0
2023,9,西藏新珠峰摩托车有限公司,生产,3365.0
2023,9,广州福羊科技有限公司,生产,6439.0
2023,9,宁波东方凌云车辆制造有限公司,生产,3346.0
2023,9,江门市迪豪摩托车有限公司,生产,4368.0
2023,9,广东嘉纳仕科技实业有限公司,生产,0.0
2023,9,宝岛车业集团有限公司,生产,4366.0
2023,9,慈溪金轮机车制造有限公司,生产,2948.0
2023,9,增城市东阳摩托车实业有限公司,生产,2836.0
2023,9,广州五羊摩托有限公司,生产,2795.0
2023,9,重庆新感觉摩托车有限公司,生产,2272.0
2023,9,金城集团有限公司,生产,1597.0
2023,9,佛山市佛斯弟摩托车制造有限公司,生产,2342.0
2023,9,浙江吉铭实业有限公司,生产,1357.0
2023,9,江苏林海动力机械集团有限公司,生产,1137.0
2023,9,重庆劲扬摩托车工业有限公司,生产,2427.0
2023,9,江苏创新摩托车制造有限公司,生产,1400.0
2023,9,浙江幸福摩托机械有限公司,生产,2321.0
2023,9,洛阳盛江红强摩托车有限公司,生产,347.0
2023,9,江苏林芝山阳集团有限公司,生产,1723.0
2023,9,广东大福摩托车有限公司,生产,0.0
2023,9,广东大联统摩托车有限公司,生产,551.0
2023,9,重庆恒胜集团有限公司,生产,992.0
2023,9,广州番禺豪剑摩托车工业有限公司,生产,1014.0
2023,9,江苏新陵摩托车制造有限公司,生产,183.0
2023,9,福建省晋江市三力机车有限公司,生产,100.0
2023,9,浙江日雅摩托车有限公司,生产,461.0
2023,9,重庆双庆产业集团有限公司,生产,276.0
2023,9,山东马拉贝斯车业有限公司,生产,478.0
2023,9,上海本菱摩托车制造有限公司,生产,199.0
2023,9,立峰集团有限公司,生产,328.0
2023,9,浙江黄岩三叶集团有限公司,生产,159.0
2023,9,江苏雄风机车有限公司,生产,0.0
2023,9,江苏跃进摩托车制造有限责任公司,生产,92.0
2023,9,增城市奔马实业有限公司,生产,0.0
2023,9,雅迪科技集团有限公司,销售,236952.0
2023,9,江门市大长江集团有限公司,销售,163939.0
2023,9,重庆隆鑫机车有限公司,销售,139321.0
2023,9,宗申产业集团有限公司,销售,112338.0
2023,9,新大洲本田摩托(苏州)有限公司,销售,66920.0
2023,9,洛阳北方企业集团有限公司,销售,67589.0
2023,9,浙江绿源电动车有限公司,销售,52753.0
2023,9,五羊-本田摩托（广州）有限公司,销售,54288.0
2023,9,东莞市台铃车业有限公司,销售,61467.0
2023,9,广东大冶摩托车技术有限公司,销售,48634.0
2023,9,重庆银翔摩托车集团有限公司,销售,38012.0
2023,9,广州大运摩托车有限公司,销售,42496.0
2023,9,济南轻骑铃木摩托车有限公司,销售,31757.0
2023,9,力帆实业（集团）股份有限公司,销售,36315.0
2023,9,江苏新日电动车股份有限公司,销售,36034.0
2023,9,浙江钱江摩托股份有限公司,销售,29453.0
2023,9,广州豪进摩托车股份有限公司,销售,29437.0
2023,9,重庆建设机电有限责任公司,销售,23311.0
2023,9,厦门厦杏摩托有限公司,销售,16704.0
2023,9,重庆航天巴山摩托车制造有限公司,销售,19575.0
2023,9,重庆润通智能装备有限公司,销售,25348.0
2023,9,广州天马集团天马摩托车有限公司,销售,11928.0
2023,9,珠海珠江车业有限公司,销售,16259.0
2023,9,广州三雅摩托车有限公司,销售,15303.0
2023,9,江苏淮海新能源车辆有限公司,销售,16064.0
2023,9,金翌车业有限公司,销售,17336.0
2023,9,浙江春风动力股份有限公司,销售,14352.0
2023,9,江苏众星摩托有限公司,销售,13401.0
2023,9,雷沃重工股份有限公司,销售,15921.0
2023,9,重庆鑫源摩托车股份有限公司,销售,17085.0
2023,9,重庆银钢科技(集团)有限公司,销售,7636.0
2023,9,重庆望江摩托车制造有限公司,销售,9180.0
2023,9,常州光阳摩托车有限公司,销售,4703.0
2023,9,鹤山国机南联摩托车工业有限公司,销售,15035.0
2023,9,济南大隆机车工业有限公司,销售,11546.0
2023,9,浙江嘉爵摩托车制造有限公司,销售,2460.0
2023,9,山东巴士新能源车业有限公司,销售,12081.0
2023,9,广东星际机车科技有限公司,销售,8217.0
2023,9,重庆安第斯摩托车制造有限公司,销售,6705.0
2023,9,宁波市龙嘉动力科技有限公司,销售,7645.0
2023,9,重庆嘉陵工业有限公司,销售,9621.0
2023,9,江门市长华集团有限公司,销售,10927.0
2023,9,长铃集团长春摩托车工业有限公司,销售,6281.0
2023,9,江门市华龙摩托车有限公司,销售,7689.0
2023,9,台州市王野机车有限责任公司,销售,10086.0
2023,9,重庆万虎机电有限责任公司,销售,7187.0
2023,9,浙江天本车业有限公司,销售,7089.0
2023,9,三友控股集团银友摩托车有限公司,销售,5911.0
2023,9,康超集团广州摩托车制造有限公司,销售,4296.0
2023,9,宁波市龙嘉摩托车有限公司,销售,4077.0
2023,9,杭州土星动力科技有限公司,销售,6684.0
2023,9,浙江森铃摩托车有限公司,销售,4437.0
2023,9,济南轻骑摩托车有限公司,销售,5913.0
2023,9,重庆光宇摩托车制造有限公司,销售,6581.0
2023,9,台州市椒江之威摩托车制造有限公司,销售,4567.0
2023,9,西藏新珠峰摩托车有限公司,销售,3365.0
2023,9,广州福羊科技有限公司,销售,6439.0
2023,9,江门市迪豪摩托车有限公司,销售,4508.0
2023,9,宁波东方凌云车辆制造有限公司,销售,3579.0
2023,9,广东嘉纳仕科技实业有限公司,销售,0.0
2023,9,宝岛车业集团有限公司,销售,4366.0
2023,9,慈溪金轮机车制造有限公司,销售,2949.0
2023,9,广州五羊摩托有限公司,销售,3039.0
2023,9,增城市东阳摩托车实业有限公司,销售,2084.0
2023,9,重庆新感觉摩托车有限公司,销售,3508.0
2023,9,金城集团有限公司,销售,1841.0
2023,9,佛山市佛斯弟摩托车制造有限公司,销售,2342.0
2023,9,浙江吉铭实业有限公司,销售,1831.0
2023,9,江苏林海动力机械集团有限公司,销售,938.0
2023,9,重庆劲扬摩托车工业有限公司,销售,2427.0
2023,9,江苏创新摩托车制造有限公司,销售,1537.0
2023,9,浙江幸福摩托机械有限公司,销售,2329.0
2023,9,洛阳盛江红强摩托车有限公司,销售,347.0
2023,9,江苏林芝山阳集团有限公司,销售,1723.0
2023,9,广东大福摩托车有限公司,销售,0.0
2023,9,广东大联统摩托车有限公司,销售,551.0
2023,9,重庆恒胜集团有限公司,销售,992.0
2023,9,广州番禺豪剑摩托车工业有限公司,销售,1014.0
2023,9,江苏新陵摩托车制造有限公司,销售,183.0
2023,9,福建省晋江市三力机车有限公司,销售,100.0
2023,9,浙江日雅摩托车有限公司,销售,1089.0
2023,9,重庆双庆产业集团有限公司,销售,276.0
2023,9,山东马拉贝斯车业有限公司,销售,478.0
2023,9,上海本菱摩托车制造有限公司,销售,199.0
2023,9,立峰集团有限公司,销售,328.0
2023,9,浙江黄岩三叶集团有限公司,销售,170.0
2023,9,江苏雄风机车有限公司,销售,0.0
2023,9,江苏跃进摩托车制造有限责任公司,销售,92.0
2023,9,增城市奔马实业有限公司,销售,0.0
2023,10,雅迪科技集团有限公司,生产,142598.0
2023,10,江门市大长江集团有限公司,生产,143788.0
2023,10,重庆隆鑫机车有限公司,生产,136965.0
2023,10,宗申产业集团有限公司,生产,118480.0
2023,10,新大洲本田摩托(苏州)有限公司,生产,55335.0
2023,10,洛阳北方企业集团有限公司,生产,52212.0
2023,10,五羊-本田摩托（广州）有限公司,生产,33845.0
2023,10,浙江绿源电动车有限公司,生产,32176.0
2023,10,东莞市台铃车业有限公司,生产,52382.0
2023,10,广东大冶摩托车技术有限公司,生产,55950.0
2023,10,重庆银翔摩托车集团有限公司,生产,45569.0
2023,10,广州大运摩托车有限公司,生产,41104.0
2023,10,济南轻骑铃木摩托车有限公司,生产,28477.0
2023,10,浙江钱江摩托股份有限公司,生产,35629.0
2023,10,江苏新日电动车股份有限公司,生产,18902.0
2023,10,力帆实业（集团）股份有限公司,生产,24899.0
2023,10,广州豪进摩托车股份有限公司,生产,25740.0
2023,10,重庆建设机电有限责任公司,生产,21518.0
2023,10,厦门厦杏摩托有限公司,生产,12598.0
2023,10,重庆航天巴山摩托车制造有限公司,生产,13944.0
2023,10,重庆润通智能装备有限公司,生产,22021.0
2023,10,广州天马集团天马摩托车有限公司,生产,13743.0
2023,10,珠海珠江车业有限公司,生产,16700.0
2023,10,江苏淮海新能源车辆有限公司,生产,16701.0
2023,10,广州三雅摩托车有限公司,生产,13856.0
2023,10,金翌车业有限公司,生产,11005.0
2023,10,山东五星车辆股份有限公司,生产,12671.0
2023,10,江苏众星摩托有限公司,生产,13720.0
2023,10,重庆鑫源摩托车股份有限公司,生产,13058.0
2023,10,浙江春风动力股份有限公司,生产,10934.0
2023,10,重庆银钢科技(集团)有限公司,生产,9856.0
2023,10,重庆望江摩托车制造有限公司,生产,6260.0
2023,10,济南大隆机车工业有限公司,生产,10362.0
2023,10,山东巴士新能源车业有限公司,生产,15434.0
2023,10,鹤山国机南联摩托车工业有限公司,生产,5580.0
2023,10,宁波市龙嘉动力科技有限公司,生产,6412.0
2023,10,常州光阳摩托车有限公司,生产,4432.0
2023,10,浙江嘉爵摩托车制造有限公司,生产,5928.0
2023,10,重庆嘉陵工业有限公司,生产,9910.0
2023,10,广东星际机车科技有限公司,生产,8355.0
2023,10,重庆安第斯摩托车制造有限公司,生产,5500.0
2023,10,江门市长华集团有限公司,生产,4847.0
2023,10,江门市华龙摩托车有限公司,生产,6867.0
2023,10,长铃集团长春摩托车工业有限公司,生产,5842.0
2023,10,台州市王野机车有限责任公司,生产,10893.0
2023,10,重庆万虎机电有限责任公司,生产,5323.0
2023,10,浙江天本车业有限公司,生产,6624.0
2023,10,三友控股集团银友摩托车有限公司,生产,5505.0
2023,10,康超集团广州摩托车制造有限公司,生产,3829.0
2023,10,杭州土星动力科技有限公司,生产,6391.0
2023,10,宁波市龙嘉摩托车有限公司,生产,4750.0
2023,10,浙江森铃摩托车有限公司,生产,5123.0
2023,10,济南轻骑摩托车有限公司,生产,4729.0
2023,10,重庆光宇摩托车制造有限公司,生产,3556.0
2023,10,台州市椒江之威摩托车制造有限公司,生产,4275.0
2023,10,西藏新珠峰摩托车有限公司,生产,3785.0
2023,10,广州福羊科技有限公司,生产,3303.0
2023,10,宁波东方凌云车辆制造有限公司,生产,3657.0
2023,10,江门市迪豪摩托车有限公司,生产,2217.0
2023,10,宝岛车业集团有限公司,生产,5139.0
2023,10,广东嘉纳仕科技实业有限公司,生产,0.0
2023,10,慈溪金轮机车制造有限公司,生产,2357.0
2023,10,重庆新感觉摩托车有限公司,生产,3753.0
2023,10,增城市东阳摩托车实业有限公司,生产,2100.0
2023,10,广州五羊摩托有限公司,生产,2395.0
2023,10,浙江吉铭实业有限公司,生产,3784.0
2023,10,佛山市佛斯弟摩托车制造有限公司,生产,2918.0
2023,10,金城集团有限公司,生产,1002.0
2023,10,江苏林海动力机械集团有限公司,生产,3392.0
2023,10,重庆劲扬摩托车工业有限公司,生产,1751.0
2023,10,浙江幸福摩托机械有限公司,生产,2456.0
2023,10,江苏创新摩托车制造有限公司,生产,1550.0
2023,10,江苏林芝山阳集团有限公司,生产,1032.0
2023,10,洛阳盛江红强摩托车有限公司,生产,272.0
2023,10,广东大福摩托车有限公司,生产,0.0
2023,10,重庆恒胜集团有限公司,生产,797.0
2023,10,广东大联统摩托车有限公司,生产,351.0
2023,10,广州番禺豪剑摩托车工业有限公司,生产,1014.0
2023,10,江苏新陵摩托车制造有限公司,生产,163.0
2023,10,福建省晋江市三力机车有限公司,生产,790.0
2023,10,浙江日雅摩托车有限公司,生产,515.0
2023,10,山东马拉贝斯车业有限公司,生产,316.0
2023,10,重庆双庆产业集团有限公司,生产,215.0
2023,10,上海本菱摩托车制造有限公司,生产,474.0
2023,10,立峰集团有限公司,生产,254.0
2023,10,江苏雄风机车有限公司,生产,162.0
2023,10,浙江黄岩三叶集团有限公司,生产,99.0
2023,10,江苏跃进摩托车制造有限责任公司,生产,220.0
2023,10,增城市奔马实业有限公司,生产,0.0
2023,10,雅迪科技集团有限公司,销售,123298.0
2023,10,江门市大长江集团有限公司,销售,146898.0
2023,10,重庆隆鑫机车有限公司,销售,143782.0
2023,10,宗申产业集团有限公司,销售,122379.0
2023,10,新大洲本田摩托(苏州)有限公司,销售,59477.0
2023,10,洛阳北方企业集团有限公司,销售,52254.0
2023,10,五羊-本田摩托（广州）有限公司,销售,49253.0
2023,10,浙江绿源电动车有限公司,销售,31511.0
2023,10,东莞市台铃车业有限公司,销售,58514.0
2023,10,广东大冶摩托车技术有限公司,销售,53562.0
2023,10,重庆银翔摩托车集团有限公司,销售,45570.0
2023,10,广州大运摩托车有限公司,销售,40344.0
2023,10,济南轻骑铃木摩托车有限公司,销售,27804.0
2023,10,力帆实业（集团）股份有限公司,销售,29606.0
2023,10,浙江钱江摩托股份有限公司,销售,37127.0
2023,10,江苏新日电动车股份有限公司,销售,17932.0
2023,10,广州豪进摩托车股份有限公司,销售,19856.0
2023,10,重庆建设机电有限责任公司,销售,22917.0
2023,10,厦门厦杏摩托有限公司,销售,13638.0
2023,10,重庆航天巴山摩托车制造有限公司,销售,13979.0
2023,10,重庆润通智能装备有限公司,销售,21182.0
2023,10,广州天马集团天马摩托车有限公司,销售,15198.0
2023,10,珠海珠江车业有限公司,销售,17183.0
2023,10,江苏淮海新能源车辆有限公司,销售,16701.0
2023,10,广州三雅摩托车有限公司,销售,13976.0
2023,10,金翌车业有限公司,销售,11239.0
2023,10,浙江春风动力股份有限公司,销售,12086.0
2023,10,山东五星车辆股份有限公司,销售,14425.0
2023,10,江苏众星摩托有限公司,销售,13677.0
2023,10,重庆鑫源摩托车股份有限公司,销售,10593.0
2023,10,重庆银钢科技(集团)有限公司,销售,9924.0
2023,10,重庆望江摩托车制造有限公司,销售,7931.0
2023,10,山东巴士新能源车业有限公司,销售,14837.0
2023,10,济南大隆机车工业有限公司,销售,10360.0
2023,10,常州光阳摩托车有限公司,销售,4808.0
2023,10,鹤山国机南联摩托车工业有限公司,销售,5790.0
2023,10,浙江嘉爵摩托车制造有限公司,销售,5928.0
2023,10,广东星际机车科技有限公司,销售,8355.0
2023,10,重庆嘉陵工业有限公司,销售,11707.0
2023,10,宁波市龙嘉动力科技有限公司,销售,7313.0
2023,10,重庆安第斯摩托车制造有限公司,销售,2500.0
2023,10,江门市长华集团有限公司,销售,4847.0
2023,10,江门市华龙摩托车有限公司,销售,6930.0
2023,10,长铃集团长春摩托车工业有限公司,销售,5842.0
2023,10,台州市王野机车有限责任公司,销售,10893.0
2023,10,重庆万虎机电有限责任公司,销售,5050.0
2023,10,浙江天本车业有限公司,销售,6624.0
2023,10,三友控股集团银友摩托车有限公司,销售,5505.0
2023,10,康超集团广州摩托车制造有限公司,销售,3829.0
2023,10,宁波市龙嘉摩托车有限公司,销售,5489.0
2023,10,杭州土星动力科技有限公司,销售,5954.0
2023,10,浙江森铃摩托车有限公司,销售,4869.0
2023,10,济南轻骑摩托车有限公司,销售,4853.0
2023,10,重庆光宇摩托车制造有限公司,销售,3556.0
2023,10,台州市椒江之威摩托车制造有限公司,销售,4238.0
2023,10,西藏新珠峰摩托车有限公司,销售,3785.0
2023,10,广州福羊科技有限公司,销售,3303.0
2023,10,江门市迪豪摩托车有限公司,销售,2432.0
2023,10,宁波东方凌云车辆制造有限公司,销售,3726.0
2023,10,宝岛车业集团有限公司,销售,5138.0
2023,10,广东嘉纳仕科技实业有限公司,销售,0.0
2023,10,慈溪金轮机车制造有限公司,销售,2357.0
2023,10,广州五羊摩托有限公司,销售,2154.0
2023,10,佛山市佛斯弟摩托车制造有限公司,销售,2918.0
2023,10,增城市东阳摩托车实业有限公司,销售,2430.0
2023,10,重庆新感觉摩托车有限公司,销售,2301.0
2023,10,浙江吉铭实业有限公司,销售,3647.0
2023,10,金城集团有限公司,销售,1181.0
2023,10,江苏林海动力机械集团有限公司,销售,3905.0
2023,10,重庆劲扬摩托车工业有限公司,销售,1751.0
2023,10,浙江幸福摩托机械有限公司,销售,2473.0
2023,10,江苏创新摩托车制造有限公司,销售,1620.0
2023,10,江苏林芝山阳集团有限公司,销售,1032.0
2023,10,洛阳盛江红强摩托车有限公司,销售,272.0
2023,10,广东大福摩托车有限公司,销售,0.0
2023,10,重庆恒胜集团有限公司,销售,797.0
2023,10,广东大联统摩托车有限公司,销售,351.0
2023,10,广州番禺豪剑摩托车工业有限公司,销售,1014.0
2023,10,江苏新陵摩托车制造有限公司,销售,171.0
2023,10,福建省晋江市三力机车有限公司,销售,792.0
2023,10,浙江日雅摩托车有限公司,销售,368.0
2023,10,山东马拉贝斯车业有限公司,销售,316.0
2023,10,重庆双庆产业集团有限公司,销售,215.0
2023,10,上海本菱摩托车制造有限公司,销售,474.0
2023,10,立峰集团有限公司,销售,254.0
2023,10,江苏雄风机车有限公司,销售,162.0
2023,10,浙江黄岩三叶集团有限公司,销售,100.0
2023,10,江苏跃进摩托车制造有限责任公司,销售,220.0
2023,10,增城市奔马实业有限公司,销售,0.0
2023,11,雅迪科技集团有限公司,生产,117559.0
2023,11,江门市大长江集团有限公司,生产,157825.0
2023,11,重庆隆鑫机车有限公司,生产,150268.0
2023,11,宗申产业集团有限公司,生产,113231.0
2023,11,新大洲本田摩托(苏州)有限公司,生产,61294.0
2023,11,洛阳北方企业集团有限公司,生产,41623.0
2023,11,五羊-本田摩托（广州）有限公司,生产,36989.0
2023,11,浙江绿源电动车有限公司,生产,20793.0
2023,11,广东大冶摩托车技术有限公司,生产,46382.0
2023,11,东莞市台铃车业有限公司,生产,10385.0
2023,11,重庆银翔摩托车集团有限公司,生产,46391.0
2023,11,广州大运摩托车有限公司,生产,44634.0
2023,11,济南轻骑铃木摩托车有限公司,生产,29580.0
2023,11,浙江钱江摩托股份有限公司,生产,29567.0
2023,11,力帆实业（集团）股份有限公司,生产,24112.0
2023,11,江苏新日电动车股份有限公司,生产,15929.0
2023,11,广州豪进摩托车股份有限公司,生产,29650.0
2023,11,重庆建设机电有限责任公司,生产,23713.0
2023,11,厦门厦杏摩托有限公司,生产,15051.0
2023,11,重庆航天巴山摩托车制造有限公司,生产,18461.0
2023,11,重庆润通智能装备有限公司,生产,20650.0
2023,11,广州天马集团天马摩托车有限公司,生产,19663.0
2023,11,珠海珠江车业有限公司,生产,13680.0
2023,11,江苏淮海新能源车辆有限公司,生产,14805.0
2023,11,广州三雅摩托车有限公司,生产,12981.0
2023,11,金翌车业有限公司,生产,13095.0
2023,11,山东五星车辆股份有限公司,生产,13285.0
2023,11,江苏众星摩托有限公司,生产,14828.0
2023,11,重庆鑫源摩托车股份有限公司,生产,17603.0
2023,11,浙江春风动力股份有限公司,生产,13109.0
2023,11,重庆银钢科技(集团)有限公司,生产,10601.0
2023,11,重庆望江摩托车制造有限公司,生产,7587.0
2023,11,济南大隆机车工业有限公司,生产,13519.0
2023,11,鹤山国机南联摩托车工业有限公司,生产,12369.0
2023,11,山东巴士新能源车业有限公司,生产,11768.0
2023,11,广东星际机车科技有限公司,生产,18066.0
2023,11,宁波市龙嘉动力科技有限公司,生产,7401.0
2023,11,常州光阳摩托车有限公司,生产,6832.0
2023,11,重庆嘉陵工业有限公司,生产,8809.0
2023,11,重庆安第斯摩托车制造有限公司,生产,13011.0
2023,11,浙江嘉爵摩托车制造有限公司,生产,4942.0
2023,11,江门市华龙摩托车有限公司,生产,12721.0
2023,11,江门市长华集团有限公司,生产,4856.0
2023,11,长铃集团长春摩托车工业有限公司,生产,9014.0
2023,11,台州市王野机车有限责任公司,生产,8380.0
2023,11,浙江天本车业有限公司,生产,7767.0
2023,11,重庆万虎机电有限责任公司,生产,4696.0
2023,11,三友控股集团银友摩托车有限公司,生产,5792.0
2023,11,宁波市龙嘉摩托车有限公司,生产,9528.0
2023,11,杭州土星动力科技有限公司,生产,5317.0
2023,11,浙江森铃摩托车有限公司,生产,3757.0
2023,11,康超集团广州摩托车制造有限公司,生产,862.0
2023,11,济南轻骑摩托车有限公司,生产,3226.0
2023,11,台州市椒江之威摩托车制造有限公司,生产,3367.0
2023,11,重庆光宇摩托车制造有限公司,生产,2473.0
2023,11,西藏新珠峰摩托车有限公司,生产,3820.0
2023,11,广州福羊科技有限公司,生产,3120.0
2023,11,宁波东方凌云车辆制造有限公司,生产,2713.0
2023,11,江门市迪豪摩托车有限公司,生产,3732.0
2023,11,宝岛车业集团有限公司,生产,3876.0
2023,11,重庆新感觉摩托车有限公司,生产,3701.0
2023,11,慈溪金轮机车制造有限公司,生产,1994.0
2023,11,广东嘉纳仕科技实业有限公司,生产,0.0
2023,11,浙江吉铭实业有限公司,生产,3131.0
2023,11,广州五羊摩托有限公司,生产,2172.0
2023,11,佛山市佛斯弟摩托车制造有限公司,生产,2262.0
2023,11,增城市东阳摩托车实业有限公司,生产,1226.0
2023,11,金城集团有限公司,生产,473.0
2023,11,江苏林海动力机械集团有限公司,生产,1895.0
2023,11,浙江幸福摩托机械有限公司,生产,2570.0
2023,11,重庆劲扬摩托车工业有限公司,生产,1279.0
2023,11,江苏创新摩托车制造有限公司,生产,1550.0
2023,11,江苏林芝山阳集团有限公司,生产,1400.0
2023,11,洛阳盛江红强摩托车有限公司,生产,169.0
2023,11,重庆恒胜集团有限公司,生产,859.0
2023,11,广东大福摩托车有限公司,生产,0.0
2023,11,广东大联统摩托车有限公司,生产,400.0
2023,11,广州番禺豪剑摩托车工业有限公司,生产,804.0
2023,11,江苏新陵摩托车制造有限公司,生产,175.0
2023,11,福建省晋江市三力机车有限公司,生产,792.0
2023,11,浙江日雅摩托车有限公司,生产,393.0
2023,11,山东马拉贝斯车业有限公司,生产,615.0
2023,11,上海本菱摩托车制造有限公司,生产,503.0
2023,11,重庆双庆产业集团有限公司,生产,205.0
2023,11,立峰集团有限公司,生产,147.0
2023,11,江苏雄风机车有限公司,生产,243.0
2023,11,浙江黄岩三叶集团有限公司,生产,345.0
2023,11,江苏跃进摩托车制造有限责任公司,生产,140.0
2023,11,增城市奔马实业有限公司,生产,0.0
2023,11,雅迪科技集团有限公司,销售,93894.0
2023,11,江门市大长江集团有限公司,销售,148361.0
2023,11,重庆隆鑫机车有限公司,销售,153607.0
2023,11,宗申产业集团有限公司,销售,116392.0
2023,11,新大洲本田摩托(苏州)有限公司,销售,62443.0
2023,11,洛阳北方企业集团有限公司,销售,44159.0
2023,11,五羊-本田摩托（广州）有限公司,销售,39541.0
2023,11,浙江绿源电动车有限公司,销售,22124.0
2023,11,东莞市台铃车业有限公司,销售,12335.0
2023,11,广东大冶摩托车技术有限公司,销售,51682.0
2023,11,重庆银翔摩托车集团有限公司,销售,46691.0
2023,11,广州大运摩托车有限公司,销售,41054.0
2023,11,济南轻骑铃木摩托车有限公司,销售,26153.0
2023,11,力帆实业（集团）股份有限公司,销售,27550.0
2023,11,浙江钱江摩托股份有限公司,销售,27778.0
2023,11,江苏新日电动车股份有限公司,销售,16895.0
2023,11,广州豪进摩托车股份有限公司,销售,29669.0
2023,11,重庆建设机电有限责任公司,销售,22833.0
2023,11,厦门厦杏摩托有限公司,销售,11713.0
2023,11,重庆航天巴山摩托车制造有限公司,销售,18574.0
2023,11,重庆润通智能装备有限公司,销售,17836.0
2023,11,广州天马集团天马摩托车有限公司,销售,21097.0
2023,11,珠海珠江车业有限公司,销售,13555.0
2023,11,江苏淮海新能源车辆有限公司,销售,14805.0
2023,11,广州三雅摩托车有限公司,销售,13059.0
2023,11,金翌车业有限公司,销售,12845.0
2023,11,浙江春风动力股份有限公司,销售,14953.0
2023,11,江苏众星摩托有限公司,销售,14781.0
2023,11,山东五星车辆股份有限公司,销售,12298.0
2023,11,重庆鑫源摩托车股份有限公司,销售,18076.0
2023,11,重庆银钢科技(集团)有限公司,销售,10559.0
2023,11,重庆望江摩托车制造有限公司,销售,7600.0
2023,11,济南大隆机车工业有限公司,销售,13517.0
2023,11,山东巴士新能源车业有限公司,销售,11084.0
2023,11,鹤山国机南联摩托车工业有限公司,销售,12358.0
2023,11,广东星际机车科技有限公司,销售,18066.0
2023,11,常州光阳摩托车有限公司,销售,7016.0
2023,11,重庆嘉陵工业有限公司,销售,9166.0
2023,11,浙江嘉爵摩托车制造有限公司,销售,4942.0
2023,11,宁波市龙嘉动力科技有限公司,销售,8265.0
2023,11,重庆安第斯摩托车制造有限公司,销售,8566.0
2023,11,江门市华龙摩托车有限公司,销售,12130.0
2023,11,长铃集团长春摩托车工业有限公司,销售,9014.0
2023,11,江门市长华集团有限公司,销售,4856.0
2023,11,台州市王野机车有限责任公司,销售,8380.0
2023,11,浙江天本车业有限公司,销售,7767.0
2023,11,重庆万虎机电有限责任公司,销售,4564.0
2023,11,三友控股集团银友摩托车有限公司,销售,5792.0
2023,11,宁波市龙嘉摩托车有限公司,销售,6346.0
2023,11,杭州土星动力科技有限公司,销售,4086.0
2023,11,浙江森铃摩托车有限公司,销售,4023.0
2023,11,康超集团广州摩托车制造有限公司,销售,861.0
2023,11,济南轻骑摩托车有限公司,销售,3257.0
2023,11,重庆光宇摩托车制造有限公司,销售,2473.0
2023,11,台州市椒江之威摩托车制造有限公司,销售,3492.0
2023,11,西藏新珠峰摩托车有限公司,销售,3820.0
2023,11,广州福羊科技有限公司,销售,3120.0
2023,11,江门市迪豪摩托车有限公司,销售,3734.0
2023,11,宁波东方凌云车辆制造有限公司,销售,2789.0
2023,11,宝岛车业集团有限公司,销售,3876.0
2023,11,慈溪金轮机车制造有限公司,销售,1995.0
2023,11,广东嘉纳仕科技实业有限公司,销售,0.0
2023,11,浙江吉铭实业有限公司,销售,3131.0
2023,11,佛山市佛斯弟摩托车制造有限公司,销售,2262.0
2023,11,增城市东阳摩托车实业有限公司,销售,2276.0
2023,11,广州五羊摩托有限公司,销售,1944.0
2023,11,重庆新感觉摩托车有限公司,销售,1745.0
2023,11,江苏林海动力机械集团有限公司,销售,2719.0
2023,11,金城集团有限公司,销售,586.0
2023,11,浙江幸福摩托机械有限公司,销售,2589.0
2023,11,重庆劲扬摩托车工业有限公司,销售,1279.0
2023,11,江苏创新摩托车制造有限公司,销售,1618.0
2023,11,江苏林芝山阳集团有限公司,销售,1400.0
2023,11,洛阳盛江红强摩托车有限公司,销售,169.0
2023,11,重庆恒胜集团有限公司,销售,859.0
2023,11,广东大福摩托车有限公司,销售,0.0
2023,11,广州番禺豪剑摩托车工业有限公司,销售,804.0
2023,11,广东大联统摩托车有限公司,销售,0.0
2023,11,江苏新陵摩托车制造有限公司,销售,175.0
2023,11,福建省晋江市三力机车有限公司,销售,792.0
2023,11,浙江日雅摩托车有限公司,销售,68.0
2023,11,山东马拉贝斯车业有限公司,销售,615.0
2023,11,上海本菱摩托车制造有限公司,销售,503.0
2023,11,重庆双庆产业集团有限公司,销售,205.0
2023,11,立峰集团有限公司,销售,147.0
2023,11,江苏雄风机车有限公司,销售,243.0
2023,11,浙江黄岩三叶集团有限公司,销售,321.0
2023,11,江苏跃进摩托车制造有限责任公司,销售,140.0
2023,11,增城市奔马实业有限公司,销售,0.0
2023,12,雅迪科技集团有限公司,生产,0.0
2023,12,江门市大长江集团有限公司,生产,3893.0
2023,12,重庆隆鑫机车有限公司,生产,10659.0
2023,12,宗申产业集团有限公司,生产,2035.0
2023,12,新大洲本田摩托(苏州)有限公司,生产,0.0
2023,12,洛阳北方企业集团有限公司,生产,1.0
2023,12,五羊-本田摩托（广州）有限公司,生产,0.0
2023,12,广东大冶摩托车技术有限公司,生产,0.0
2023,12,浙江绿源电动车有限公司,生产,0.0
2023,12,东莞市台铃车业有限公司,生产,0.0
2023,12,重庆银翔摩托车集团有限公司,生产,2596.0
2023,12,广州大运摩托车有限公司,生产,2200.0
2023,12,济南轻骑铃木摩托车有限公司,生产,0.0
2023,12,浙江钱江摩托股份有限公司,生产,1230.0
2023,12,广州豪进摩托车股份有限公司,生产,0.0
2023,12,力帆实业（集团）股份有限公司,生产,140.0
2023,12,江苏新日电动车股份有限公司,生产,0.0
2023,12,重庆建设机电有限责任公司,生产,0.0
2023,12,厦门厦杏摩托有限公司,生产,0.0
2023,12,重庆航天巴山摩托车制造有限公司,生产,1097.0
2023,12,重庆润通智能装备有限公司,生产,1696.0
2023,12,广州天马集团天马摩托车有限公司,生产,0.0
2023,12,珠海珠江车业有限公司,生产,0.0
2023,12,江苏淮海新能源车辆有限公司,生产,0.0
2023,12,广州三雅摩托车有限公司,生产,0.0
2023,12,重庆鑫源摩托车股份有限公司,生产,3823.0
2023,12,江苏众星摩托有限公司,生产,0.0
2023,12,金翌车业有限公司,生产,0.0
2023,12,山东五星车辆股份有限公司,生产,0.0
2023,12,浙江春风动力股份有限公司,生产,8447.0
2023,12,重庆银钢科技(集团)有限公司,生产,837.0
2023,12,济南大隆机车工业有限公司,生产,1484.0
2023,12,广东星际机车科技有限公司,生产,0.0
2023,12,山东巴士新能源车业有限公司,生产,0.0
2023,12,重庆望江摩托车制造有限公司,生产,21.0
2023,12,鹤山国机南联摩托车工业有限公司,生产,280.0
2023,12,重庆安第斯摩托车制造有限公司,生产,0.0
2023,12,常州光阳摩托车有限公司,生产,516.0
2023,12,宁波市龙嘉动力科技有限公司,生产,449.0
2023,12,重庆嘉陵工业有限公司,生产,0.0
2023,12,江门市华龙摩托车有限公司,生产,0.0
2023,12,浙江嘉爵摩托车制造有限公司,生产,0.0
2023,12,长铃集团长春摩托车工业有限公司,生产,0.0
2023,12,江门市长华集团有限公司,生产,0.0
2023,12,台州市王野机车有限责任公司,生产,0.0
2023,12,浙江天本车业有限公司,生产,0.0
2023,12,重庆万虎机电有限责任公司,生产,0.0
2023,12,宁波市龙嘉摩托车有限公司,生产,0.0
2023,12,三友控股集团银友摩托车有限公司,生产,0.0
2023,12,杭州土星动力科技有限公司,生产,296.0
2023,12,浙江森铃摩托车有限公司,生产,0.0
2023,12,济南轻骑摩托车有限公司,生产,42.0
2023,12,康超集团广州摩托车制造有限公司,生产,12.0
2023,12,重庆光宇摩托车制造有限公司,生产,390.0
2023,12,台州市椒江之威摩托车制造有限公司,生产,0.0
2023,12,西藏新珠峰摩托车有限公司,生产,0.0
2023,12,广州福羊科技有限公司,生产,0.0
2023,12,宁波东方凌云车辆制造有限公司,生产,183.0
2023,12,江门市迪豪摩托车有限公司,生产,0.0
2023,12,宝岛车业集团有限公司,生产,0.0
2023,12,重庆新感觉摩托车有限公司,生产,1337.0
2023,12,浙江吉铭实业有限公司,生产,0.0
2023,12,慈溪金轮机车制造有限公司,生产,0.0
2023,12,广州五羊摩托有限公司,生产,0.0
2023,12,佛山市佛斯弟摩托车制造有限公司,生产,0.0
2023,12,增城市东阳摩托车实业有限公司,生产,0.0
2023,12,广东嘉纳仕科技实业有限公司,生产,0.0
2023,12,江苏林海动力机械集团有限公司,生产,0.0
2023,12,金城集团有限公司,生产,0.0
2023,12,浙江幸福摩托机械有限公司,生产,0.0
2023,12,重庆劲扬摩托车工业有限公司,生产,0.0
2023,12,江苏创新摩托车制造有限公司,生产,0.0
2023,12,江苏林芝山阳集团有限公司,生产,0.0
2023,12,洛阳盛江红强摩托车有限公司,生产,0.0
2023,12,重庆恒胜集团有限公司,生产,0.0
2023,12,广州番禺豪剑摩托车工业有限公司,生产,384.0
2023,12,广东大联统摩托车有限公司,生产,0.0
2023,12,广东大福摩托车有限公司,生产,0.0
2023,12,福建省晋江市三力机车有限公司,生产,0.0
2023,12,江苏新陵摩托车制造有限公司,生产,0.0
2023,12,浙江日雅摩托车有限公司,生产,0.0
2023,12,山东马拉贝斯车业有限公司,生产,0.0
2023,12,上海本菱摩托车制造有限公司,生产,0.0
2023,12,重庆双庆产业集团有限公司,生产,0.0
2023,12,立峰集团有限公司,生产,3.0
2023,12,江苏雄风机车有限公司,生产,0.0
2023,12,浙江黄岩三叶集团有限公司,生产,0.0
2023,12,江苏跃进摩托车制造有限责任公司,生产,0.0
2023,12,增城市奔马实业有限公司,生产,0.0
2023,12,雅迪科技集团有限公司,销售,122255.0
2023,12,江门市大长江集团有限公司,销售,150515.0
2023,12,重庆隆鑫机车有限公司,销售,142597.0
2023,12,宗申产业集团有限公司,销售,112105.0
2023,12,新大洲本田摩托(苏州)有限公司,销售,58376.0
2023,12,洛阳北方企业集团有限公司,销售,39366.0
2023,12,五羊-本田摩托（广州）有限公司,销售,50075.0
2023,12,广东大冶摩托车技术有限公司,销售,44608.0
2023,12,浙江绿源电动车有限公司,销售,23351.0
2023,12,东莞市台铃车业有限公司,销售,19801.0
2023,12,重庆银翔摩托车集团有限公司,销售,39486.0
2023,12,广州大运摩托车有限公司,销售,40345.0
2023,12,济南轻骑铃木摩托车有限公司,销售,15863.0
2023,12,力帆实业（集团）股份有限公司,销售,19173.0
2023,12,浙江钱江摩托股份有限公司,销售,23378.0
2023,12,广州豪进摩托车股份有限公司,销售,49483.0
2023,12,江苏新日电动车股份有限公司,销售,19825.0
2023,12,重庆建设机电有限责任公司,销售,15350.0
2023,12,厦门厦杏摩托有限公司,销售,14473.0
2023,12,重庆航天巴山摩托车制造有限公司,销售,19884.0
2023,12,广州天马集团天马摩托车有限公司,销售,22019.0
2023,12,重庆润通智能装备有限公司,销售,17822.0
2023,12,珠海珠江车业有限公司,销售,9778.0
2023,12,江苏淮海新能源车辆有限公司,销售,15298.0
2023,12,广州三雅摩托车有限公司,销售,16789.0
2023,12,重庆鑫源摩托车股份有限公司,销售,21548.0
2023,12,江苏众星摩托有限公司,销售,16521.0
2023,12,浙江春风动力股份有限公司,销售,13529.0
2023,12,金翌车业有限公司,销售,7096.0
2023,12,山东五星车辆股份有限公司,销售,6025.0
2023,12,重庆银钢科技(集团)有限公司,销售,14747.0
2023,12,山东巴士新能源车业有限公司,销售,13116.0
2023,12,济南大隆机车工业有限公司,销售,12192.0
2023,12,广东星际机车科技有限公司,销售,14762.0
2023,12,重庆望江摩托车制造有限公司,销售,7248.0
2023,12,鹤山国机南联摩托车工业有限公司,销售,10489.0
2023,12,常州光阳摩托车有限公司,销售,4977.0
2023,12,重庆嘉陵工业有限公司,销售,6200.0
2023,12,重庆安第斯摩托车制造有限公司,销售,8650.0
2023,12,浙江嘉爵摩托车制造有限公司,销售,4278.0
2023,12,宁波市龙嘉动力科技有限公司,销售,5836.0
2023,12,江门市华龙摩托车有限公司,销售,11004.0
2023,12,长铃集团长春摩托车工业有限公司,销售,8162.0
2023,12,江门市长华集团有限公司,销售,5441.0
2023,12,台州市王野机车有限责任公司,销售,6769.0
2023,12,浙江天本车业有限公司,销售,6748.0
2023,12,重庆万虎机电有限责任公司,销售,4449.0
2023,12,宁波市龙嘉摩托车有限公司,销售,6900.0
2023,12,三友控股集团银友摩托车有限公司,销售,2618.0
2023,12,杭州土星动力科技有限公司,销售,4789.0
2023,12,浙江森铃摩托车有限公司,销售,1538.0
2023,12,康超集团广州摩托车制造有限公司,销售,2075.0
2023,12,济南轻骑摩托车有限公司,销售,3865.0
2023,12,重庆光宇摩托车制造有限公司,销售,4890.0
2023,12,台州市椒江之威摩托车制造有限公司,销售,3527.0
2023,12,西藏新珠峰摩托车有限公司,销售,3911.0
2023,12,广州福羊科技有限公司,销售,3321.0
2023,12,江门市迪豪摩托车有限公司,销售,2768.0
2023,12,宁波东方凌云车辆制造有限公司,销售,2766.0
2023,12,宝岛车业集团有限公司,销售,3146.0
2023,12,重庆新感觉摩托车有限公司,销售,7776.0
2023,12,慈溪金轮机车制造有限公司,销售,1165.0
2023,12,浙江吉铭实业有限公司,销售,2110.0
2023,12,增城市东阳摩托车实业有限公司,销售,2200.0
2023,12,佛山市佛斯弟摩托车制造有限公司,销售,1941.0
2023,12,广州五羊摩托有限公司,销售,2068.0
2023,12,广东嘉纳仕科技实业有限公司,销售,0.0
2023,12,江苏林海动力机械集团有限公司,销售,2069.0
2023,12,金城集团有限公司,销售,1258.0
2023,12,浙江幸福摩托机械有限公司,销售,2773.0
2023,12,重庆劲扬摩托车工业有限公司,销售,2570.0
2023,12,江苏创新摩托车制造有限公司,销售,1823.0
2023,12,江苏林芝山阳集团有限公司,销售,765.0
2023,12,洛阳盛江红强摩托车有限公司,销售,156.0
2023,12,重庆恒胜集团有限公司,销售,652.0
2023,12,广州番禺豪剑摩托车工业有限公司,销售,1014.0
2023,12,广东大联统摩托车有限公司,销售,238.0
2023,12,广东大福摩托车有限公司,销售,0.0
2023,12,福建省晋江市三力机车有限公司,销售,1204.0
2023,12,江苏新陵摩托车制造有限公司,销售,146.0
2023,12,浙江日雅摩托车有限公司,销售,480.0
2023,12,山东马拉贝斯车业有限公司,销售,389.0
2023,12,上海本菱摩托车制造有限公司,销售,554.0
2023,12,重庆双庆产业集团有限公司,销售,325.0
2023,12,江苏雄风机车有限公司,销售,137.0
2023,12,立峰集团有限公司,销售,118.0
2023,12,浙江黄岩三叶集团有限公司,销售,136.0
2023,12,江苏跃进摩托车制造有限责任公司,销售,100.0
2023,12,增城市奔马实业有限公司,销售,0.0
2024,1,江门市大长江集团有限公司,生产,161319.0
2024,1,重庆隆鑫机车有限公司,生产,137268.0
2024,1,宗申产业集团有限公司,生产,113270.0
2024,1,雅迪科技集团有限公司,生产,96689.0
2024,1,广东大冶摩托车技术有限公司,生产,71564.0
2024,1,新大洲本田摩托(苏州)有限公司,生产,62711.0
2024,1,重庆银翔摩托车集团有限公司,生产,56819.0
2024,1,洛阳北方企业集团有限公司,生产,48557.0
2024,1,五羊-本田摩托（广州）有限公司,生产,47781.0
2024,1,广州豪进摩托车股份有限公司,生产,43441.0
2024,1,广州大运摩托车有限公司,生产,38185.0
2024,1,浙江钱江摩托股份有限公司,生产,35957.0
2024,1,浙江绿源电动车有限公司,生产,30300.0
2024,1,济南轻骑铃木摩托车有限公司,生产,27752.0
2024,1,力帆实业（集团）股份有限公司,生产,27726.0
2024,1,广州天马集团天马摩托车有限公司,生产,26214.0
2024,1,厦门厦杏摩托有限公司,生产,22274.0
2024,1,珠海珠江车业有限公司,生产,20945.0
2024,1,江苏新日电动车股份有限公司,生产,19147.0
2024,1,重庆润通智能装备有限公司,生产,19019.0
2024,1,浙江春风动力股份有限公司,生产,18652.0
2024,1,广州三雅摩托车有限公司,生产,17918.0
2024,1,重庆建设机电有限责任公司,生产,17900.0
2024,1,重庆银钢科技(集团)有限公司,生产,17581.0
2024,1,重庆航天巴山摩托车制造有限公司,生产,17295.0
2024,1,江苏众星摩托有限公司,生产,16717.0
2024,1,台州市王野机车有限责任公司,生产,14653.0
2024,1,江苏淮海新能源车辆有限公司,生产,14415.0
2024,1,广东星际机车科技有限公司,生产,14255.0
2024,1,重庆鑫源摩托车股份有限公司,生产,13855.0
2024,1,江门市长华集团有限公司,生产,12330.0
2024,1,山东五星车辆股份有限公司,生产,12172.0
2024,1,重庆望江摩托车制造有限公司,生产,12114.0
2024,1,江门市华龙摩托车有限公司,生产,11861.0
2024,1,山东巴士新能源车业有限公司,生产,11803.0
2024,1,长铃集团长春摩托车工业有限公司,生产,11185.0
2024,1,浙江嘉爵摩托车制造有限公司,生产,11079.0
2024,1,金翌车业有限公司,生产,8385.0
2024,1,浙江森铃摩托车有限公司,生产,8351.0
2024,1,重庆安第斯摩托车制造有限公司,生产,8308.0
2024,1,重庆万虎机电有限责任公司,生产,7800.0
2024,1,济南大隆机车工业有限公司,生产,7719.0
2024,1,鹤山国机南联摩托车工业有限公司,生产,7547.0
2024,1,三友控股集团银友摩托车有限公司,生产,7269.0
2024,1,宁波市龙嘉摩托车有限公司,生产,6894.0
2024,1,宁波市龙嘉动力科技有限公司,生产,6791.0
2024,1,常州光阳摩托车有限公司,生产,6536.0
2024,1,江门市迪豪摩托车有限公司,生产,5796.0
2024,1,济南轻骑摩托车有限公司,生产,5721.0
2024,1,浙江天本车业有限公司,生产,5547.0
2024,1,康超集团广州摩托车制造有限公司,生产,5517.0
2024,1,宁波东方凌云车辆制造有限公司,生产,5122.0
2024,1,广州福羊科技有限公司,生产,5049.0
2024,1,东莞市台铃车业有限公司,生产,4602.0
2024,1,福建省晋江市三力机车有限公司,生产,4424.0
2024,1,台州市椒江之威摩托车制造有限公司,生产,4357.0
2024,1,佛山市佛斯弟摩托车制造有限公司,生产,3843.0
2024,1,杭州土星动力科技有限公司,生产,3400.0
2024,1,慈溪金轮机车制造有限公司,生产,3308.0
2024,1,浙江华洋赛车股份有限公司,生产,3251.0
2024,1,浙江吉铭实业有限公司,生产,3151.0
2024,1,宝岛车业集团有限公司,生产,3077.0
2024,1,重庆光宇摩托车制造有限公司,生产,2373.0
2024,1,重庆嘉陵工业有限公司,生产,2246.0
2024,1,西藏新珠峰摩托车有限公司,生产,2110.0
2024,1,重庆新感觉摩托车有限公司,生产,2086.0
2024,1,重庆劲扬摩托车工业有限公司,生产,1981.0
2024,1,江苏创新摩托车制造有限公司,生产,1750.0
2024,1,江苏林海动力机械集团有限公司,生产,1729.0
2024,1,广州五羊摩托有限公司,生产,1588.0
2024,1,江苏林芝山阳集团有限公司,生产,1470.0
2024,1,广州番禺豪剑摩托车工业有限公司,生产,822.0
2024,1,金城集团有限公司,生产,695.0
2024,1,重庆恒胜集团有限公司,生产,693.0
2024,1,立峰集团有限公司,生产,593.0
2024,1,浙江幸福摩托机械有限公司,生产,570.0
2024,1,广东大联统摩托车有限公司,生产,535.0
2024,1,浙江日雅摩托车有限公司,生产,351.0
2024,1,上海本菱摩托车制造有限公司,生产,266.0
2024,1,重庆双庆产业集团有限公司,生产,237.0
2024,1,山东马拉贝斯车业有限公司,生产,216.0
2024,1,江苏新陵摩托车制造有限公司,生产,195.0
2024,1,洛阳盛江红强摩托车有限公司,生产,164.0
2024,1,浙江黄岩三叶集团有限公司,生产,115.0
2024,1,江苏跃进摩托车制造有限责任公司,生产,100.0
2024,1,广东嘉纳仕科技实业有限公司,生产,0.0
2024,1,广东大福摩托车有限公司,生产,0.0
2024,1,增城市东阳摩托车实业有限公司,生产,0.0
2024,1,江苏雄风机车有限公司,生产,0.0
2024,1,江门市大长江集团有限公司,销售,159413.0
2024,1,重庆隆鑫机车有限公司,销售,133565.0
2024,1,宗申产业集团有限公司,销售,110399.0
2024,1,雅迪科技集团有限公司,销售,90416.0
2024,1,广东大冶摩托车技术有限公司,销售,72283.0
2024,1,重庆银翔摩托车集团有限公司,销售,57420.0
2024,1,洛阳北方企业集团有限公司,销售,50391.0
2024,1,新大洲本田摩托(苏州)有限公司,销售,50026.0
2024,1,五羊-本田摩托（广州）有限公司,销售,48013.0
2024,1,广州豪进摩托车股份有限公司,销售,46403.0
2024,1,济南轻骑铃木摩托车有限公司,销售,39517.0
2024,1,广州大运摩托车有限公司,销售,38398.0
2024,1,浙江钱江摩托股份有限公司,销售,37776.0
2024,1,浙江绿源电动车有限公司,销售,29038.0
2024,1,广州天马集团天马摩托车有限公司,销售,28681.0
2024,1,力帆实业（集团）股份有限公司,销售,27544.0
2024,1,厦门厦杏摩托有限公司,销售,24974.0
2024,1,珠海珠江车业有限公司,销售,22842.0
2024,1,广州三雅摩托车有限公司,销售,18032.0
2024,1,江苏新日电动车股份有限公司,销售,17976.0
2024,1,重庆建设机电有限责任公司,销售,17519.0
2024,1,重庆银钢科技(集团)有限公司,销售,17425.0
2024,1,重庆航天巴山摩托车制造有限公司,销售,17243.0
2024,1,浙江春风动力股份有限公司,销售,16862.0
2024,1,江苏众星摩托有限公司,销售,16664.0
2024,1,重庆润通智能装备有限公司,销售,16648.0
2024,1,重庆鑫源摩托车股份有限公司,销售,14689.0
2024,1,台州市王野机车有限责任公司,销售,14653.0
2024,1,江苏淮海新能源车辆有限公司,销售,14415.0
2024,1,广东星际机车科技有限公司,销售,14255.0
2024,1,山东五星车辆股份有限公司,销售,13047.0
2024,1,江门市长华集团有限公司,销售,12890.0
2024,1,山东巴士新能源车业有限公司,销售,12486.0
2024,1,江门市华龙摩托车有限公司,销售,11560.0
2024,1,长铃集团长春摩托车工业有限公司,销售,11185.0
2024,1,浙江嘉爵摩托车制造有限公司,销售,11079.0
2024,1,重庆望江摩托车制造有限公司,销售,10850.0
2024,1,浙江森铃摩托车有限公司,销售,8869.0
2024,1,金翌车业有限公司,销售,8441.0
2024,1,江门市迪豪摩托车有限公司,销售,8140.0
2024,1,常州光阳摩托车有限公司,销售,8067.0
2024,1,重庆安第斯摩托车制造有限公司,销售,7995.0
2024,1,济南大隆机车工业有限公司,销售,7719.0
2024,1,鹤山国机南联摩托车工业有限公司,销售,7579.0
2024,1,三友控股集团银友摩托车有限公司,销售,7269.0
2024,1,宁波市龙嘉摩托车有限公司,销售,6878.0
2024,1,重庆万虎机电有限责任公司,销售,6874.0
2024,1,浙江天本车业有限公司,销售,5547.0
2024,1,康超集团广州摩托车制造有限公司,销售,5530.0
2024,1,浙江吉铭实业有限公司,销售,5414.0
2024,1,济南轻骑摩托车有限公司,销售,5375.0
2024,1,宁波市龙嘉动力科技有限公司,销售,5098.0
2024,1,广州福羊科技有限公司,销售,5049.0
2024,1,宁波东方凌云车辆制造有限公司,销售,4769.0
2024,1,东莞市台铃车业有限公司,销售,4634.0
2024,1,杭州土星动力科技有限公司,销售,4466.0
2024,1,福建省晋江市三力机车有限公司,销售,4466.0
2024,1,台州市椒江之威摩托车制造有限公司,销售,4126.0
2024,1,佛山市佛斯弟摩托车制造有限公司,销售,3843.0
2024,1,慈溪金轮机车制造有限公司,销售,3316.0
2024,1,江苏林海动力机械集团有限公司,销售,3195.0
2024,1,宝岛车业集团有限公司,销售,3077.0
2024,1,广州五羊摩托有限公司,销售,2729.0
2024,1,重庆新感觉摩托车有限公司,销售,2411.0
2024,1,重庆光宇摩托车制造有限公司,销售,2373.0
2024,1,重庆嘉陵工业有限公司,销售,2361.0
2024,1,西藏新珠峰摩托车有限公司,销售,2110.0
2024,1,重庆劲扬摩托车工业有限公司,销售,1981.0
2024,1,江苏创新摩托车制造有限公司,销售,1745.0
2024,1,江苏林芝山阳集团有限公司,销售,1470.0
2024,1,广州番禺豪剑摩托车工业有限公司,销售,822.0
2024,1,重庆恒胜集团有限公司,销售,693.0
2024,1,立峰集团有限公司,销售,593.0
2024,1,浙江华洋赛车股份有限公司,销售,581.0
2024,1,金城集团有限公司,销售,550.0
2024,1,浙江幸福摩托机械有限公司,销售,550.0
2024,1,广东大联统摩托车有限公司,销售,535.0
2024,1,浙江日雅摩托车有限公司,销售,434.0
2024,1,上海本菱摩托车制造有限公司,销售,266.0
2024,1,重庆双庆产业集团有限公司,销售,237.0
2024,1,山东马拉贝斯车业有限公司,销售,206.0
2024,1,江苏新陵摩托车制造有限公司,销售,183.0
2024,1,洛阳盛江红强摩托车有限公司,销售,164.0
2024,1,浙江黄岩三叶集团有限公司,销售,147.0
2024,1,江苏跃进摩托车制造有限责任公司,销售,100.0
2024,1,广东嘉纳仕科技实业有限公司,销售,0.0
2024,1,广东大福摩托车有限公司,销售,0.0
2024,1,增城市东阳摩托车实业有限公司,销售,0.0
2024,1,江苏雄风机车有限公司,销售,0.0
2024,2,江门市大长江集团有限公司,生产,102035.0
2024,2,重庆隆鑫机车有限公司,生产,68764.0
2024,2,宗申产业集团有限公司,生产,62286.0
2024,2,雅迪科技集团有限公司,生产,60001.0
2024,2,重庆银翔摩托车集团有限公司,生产,50235.0
2024,2,广东大冶摩托车技术有限公司,生产,25100.0
2024,2,五羊-本田摩托（广州）有限公司,生产,37130.0
2024,2,新大洲本田摩托(苏州)有限公司,生产,19737.0
2024,2,洛阳北方企业集团有限公司,生产,31164.0
2024,2,广州豪进摩托车股份有限公司,生产,31506.0
2024,2,广州大运摩托车有限公司,生产,29496.0
2024,2,浙江钱江摩托股份有限公司,生产,11477.0
2024,2,力帆实业（集团）股份有限公司,生产,15771.0
2024,2,济南轻骑铃木摩托车有限公司,生产,15687.0
2024,2,浙江绿源电动车有限公司,生产,10676.0
2024,2,厦门厦杏摩托有限公司,生产,15231.0
2024,2,广州天马集团天马摩托车有限公司,生产,10252.0
2024,2,广州三雅摩托车有限公司,生产,18445.0
2024,2,重庆银钢科技(集团)有限公司,生产,17614.0
2024,2,重庆润通智能装备有限公司,生产,15077.0
2024,2,重庆建设机电有限责任公司,生产,13779.0
2024,2,广东星际机车科技有限公司,生产,16150.0
2024,2,江苏众星摩托有限公司,生产,10912.0
2024,2,浙江春风动力股份有限公司,生产,8186.0
2024,2,重庆航天巴山摩托车制造有限公司,生产,8951.0
2024,2,珠海珠江车业有限公司,生产,4860.0
2024,2,重庆鑫源摩托车股份有限公司,生产,10470.0
2024,2,江苏淮海新能源车辆有限公司,生产,9811.0
2024,2,江苏新日电动车股份有限公司,生产,5015.0
2024,2,江门市华龙摩托车有限公司,生产,11433.0
2024,2,山东五星车辆股份有限公司,生产,7869.0
2024,2,鹤山国机南联摩托车工业有限公司,生产,11642.0
2024,2,重庆安第斯摩托车制造有限公司,生产,8088.0
2024,2,山东巴士新能源车业有限公司,生产,4498.0
2024,2,重庆望江摩托车制造有限公司,生产,3963.0
2024,2,浙江嘉爵摩托车制造有限公司,生产,4166.0
2024,2,台州市王野机车有限责任公司,生产,301.0
2024,2,江门市长华集团有限公司,生产,1952.0
2024,2,金翌车业有限公司,生产,5760.0
2024,2,三友控股集团银友摩托车有限公司,生产,6465.0
2024,2,济南大隆机车工业有限公司,生产,5591.0
2024,2,长铃集团长春摩托车工业有限公司,生产,1000.0
2024,2,重庆万虎机电有限责任公司,生产,3809.0
2024,2,常州光阳摩托车有限公司,生产,4484.0
2024,2,宁波市龙嘉动力科技有限公司,生产,4032.0
2024,2,浙江森铃摩托车有限公司,生产,1734.0
2024,2,江门市迪豪摩托车有限公司,生产,3761.0
2024,2,济南轻骑摩托车有限公司,生产,3133.0
2024,2,宁波市龙嘉摩托车有限公司,生产,1954.0
2024,2,东莞市台铃车业有限公司,生产,2369.0
2024,2,重庆光宇摩托车制造有限公司,生产,4360.0
2024,2,宁波东方凌云车辆制造有限公司,生产,1579.0
2024,2,广州福羊科技有限公司,生产,1494.0
2024,2,浙江天本车业有限公司,生产,941.0
2024,2,康超集团广州摩托车制造有限公司,生产,0.0
2024,2,重庆嘉陵工业有限公司,生产,3017.0
2024,2,台州市椒江之威摩托车制造有限公司,生产,862.0
2024,2,佛山市佛斯弟摩托车制造有限公司,生产,1367.0
2024,2,浙江吉铭实业有限公司,生产,1915.0
2024,2,福建省晋江市三力机车有限公司,生产,609.0
2024,2,杭州土星动力科技有限公司,生产,1600.0
2024,2,江苏林海动力机械集团有限公司,生产,3231.0
2024,2,浙江华洋赛车股份有限公司,生产,1511.0
2024,2,重庆新感觉摩托车有限公司,生产,2620.0
2024,2,宝岛车业集团有限公司,生产,949.0
2024,2,慈溪金轮机车制造有限公司,生产,590.0
2024,2,重庆劲扬摩托车工业有限公司,生产,1797.0
2024,2,西藏新珠峰摩托车有限公司,生产,1655.0
2024,2,广州五羊摩托有限公司,生产,1728.0
2024,2,江苏创新摩托车制造有限公司,生产,800.0
2024,2,金城集团有限公司,生产,1832.0
2024,2,江苏林芝山阳集团有限公司,生产,403.0
2024,2,增城市东阳摩托车实业有限公司,生产,406.0
2024,2,重庆恒胜集团有限公司,生产,517.0
2024,2,浙江幸福摩托机械有限公司,生产,556.0
2024,2,广州番禺豪剑摩托车工业有限公司,生产,192.0
2024,2,立峰集团有限公司,生产,66.0
2024,2,广东大联统摩托车有限公司,生产,3.0
2024,2,江苏新陵摩托车制造有限公司,生产,277.0
2024,2,山东马拉贝斯车业有限公司,生产,171.0
2024,2,浙江日雅摩托车有限公司,生产,33.0
2024,2,重庆双庆产业集团有限公司,生产,79.0
2024,2,上海本菱摩托车制造有限公司,生产,0.0
2024,2,洛阳盛江红强摩托车有限公司,生产,31.0
2024,2,浙江黄岩三叶集团有限公司,生产,31.0
2024,2,江苏跃进摩托车制造有限责任公司,生产,0.0
2024,2,广东嘉纳仕科技实业有限公司,生产,0.0
2024,2,广东大福摩托车有限公司,生产,0.0
2024,2,江苏雄风机车有限公司,生产,0.0
2024,2,江门市大长江集团有限公司,销售,95325.0
2024,2,重庆隆鑫机车有限公司,销售,72229.0
2024,2,宗申产业集团有限公司,销售,67094.0
2024,2,雅迪科技集团有限公司,销售,56979.0
2024,2,重庆银翔摩托车集团有限公司,销售,49634.0
2024,2,广东大冶摩托车技术有限公司,销售,25022.0
2024,2,五羊-本田摩托（广州）有限公司,销售,41189.0
2024,2,新大洲本田摩托(苏州)有限公司,销售,35363.0
2024,2,洛阳北方企业集团有限公司,销售,33301.0
2024,2,广州豪进摩托车股份有限公司,销售,28518.0
2024,2,济南轻骑铃木摩托车有限公司,销售,29301.0
2024,2,广州大运摩托车有限公司,销售,29414.0
2024,2,浙江钱江摩托股份有限公司,销售,17724.0
2024,2,力帆实业（集团）股份有限公司,销售,18119.0
2024,2,厦门厦杏摩托有限公司,销售,15695.0
2024,2,浙江绿源电动车有限公司,销售,11398.0
2024,2,广州天马集团天马摩托车有限公司,销售,11323.0
2024,2,广州三雅摩托车有限公司,销售,18491.0
2024,2,重庆银钢科技(集团)有限公司,销售,17552.0
2024,2,重庆润通智能装备有限公司,销售,17229.0
2024,2,重庆建设机电有限责任公司,销售,13505.0
2024,2,广东星际机车科技有限公司,销售,16150.0
2024,2,珠海珠江车业有限公司,销售,5713.0
2024,2,江苏众星摩托有限公司,销售,10878.0
2024,2,重庆航天巴山摩托车制造有限公司,销售,8772.0
2024,2,浙江春风动力股份有限公司,销售,8913.0
2024,2,重庆鑫源摩托车股份有限公司,销售,9857.0
2024,2,江苏淮海新能源车辆有限公司,销售,9811.0
2024,2,江苏新日电动车股份有限公司,销售,5159.0
2024,2,山东五星车辆股份有限公司,销售,8770.0
2024,2,江门市华龙摩托车有限公司,销售,9543.0
2024,2,鹤山国机南联摩托车工业有限公司,销售,11582.0
2024,2,重庆安第斯摩托车制造有限公司,销售,10260.0
2024,2,山东巴士新能源车业有限公司,销售,4729.0
2024,2,浙江嘉爵摩托车制造有限公司,销售,4166.0
2024,2,台州市王野机车有限责任公司,销售,301.0
2024,2,江门市长华集团有限公司,销售,1952.0
2024,2,常州光阳摩托车有限公司,销售,6465.0
2024,2,重庆望江摩托车制造有限公司,销售,3648.0
2024,2,金翌车业有限公司,销售,5764.0
2024,2,三友控股集团银友摩托车有限公司,销售,6465.0
2024,2,济南大隆机车工业有限公司,销售,5596.0
2024,2,宁波市龙嘉动力科技有限公司,销售,7485.0
2024,2,长铃集团长春摩托车工业有限公司,销售,1000.0
2024,2,重庆万虎机电有限责任公司,销售,4594.0
2024,2,江门市迪豪摩托车有限公司,销售,3159.0
2024,2,浙江森铃摩托车有限公司,销售,1317.0
2024,2,宁波市龙嘉摩托车有限公司,销售,2972.0
2024,2,济南轻骑摩托车有限公司,销售,3882.0
2024,2,浙江吉铭实业有限公司,销售,1940.0
2024,2,东莞市台铃车业有限公司,销售,2369.0
2024,2,重庆光宇摩托车制造有限公司,销售,4360.0
2024,2,宁波东方凌云车辆制造有限公司,销售,1804.0
2024,2,广州福羊科技有限公司,销售,1494.0
2024,2,浙江天本车业有限公司,销售,941.0
2024,2,杭州土星动力科技有限公司,销售,1746.0
2024,2,康超集团广州摩托车制造有限公司,销售,0.0
2024,2,重庆嘉陵工业有限公司,销售,3050.0
2024,2,台州市椒江之威摩托车制造有限公司,销售,1134.0
2024,2,佛山市佛斯弟摩托车制造有限公司,销售,1367.0
2024,2,福建省晋江市三力机车有限公司,销售,609.0
2024,2,江苏林海动力机械集团有限公司,销售,1781.0
2024,2,重庆新感觉摩托车有限公司,销售,2113.0
2024,2,广州五羊摩托有限公司,销售,1354.0
2024,2,宝岛车业集团有限公司,销售,949.0
2024,2,慈溪金轮机车制造有限公司,销售,586.0
2024,2,重庆劲扬摩托车工业有限公司,销售,1797.0
2024,2,西藏新珠峰摩托车有限公司,销售,1655.0
2024,2,江苏创新摩托车制造有限公司,销售,863.0
2024,2,金城集团有限公司,销售,1889.0
2024,2,浙江华洋赛车股份有限公司,销售,1427.0
2024,2,江苏林芝山阳集团有限公司,销售,403.0
2024,2,重庆恒胜集团有限公司,销售,517.0
2024,2,浙江幸福摩托机械有限公司,销售,542.0
2024,2,广州番禺豪剑摩托车工业有限公司,销售,192.0
2024,2,增城市东阳摩托车实业有限公司,销售,196.0
2024,2,浙江日雅摩托车有限公司,销售,282.0
2024,2,立峰集团有限公司,销售,66.0
2024,2,广东大联统摩托车有限公司,销售,3.0
2024,2,江苏新陵摩托车制造有限公司,销售,277.0
2024,2,山东马拉贝斯车业有限公司,销售,171.0
2024,2,重庆双庆产业集团有限公司,销售,79.0
2024,2,上海本菱摩托车制造有限公司,销售,0.0
2024,2,洛阳盛江红强摩托车有限公司,销售,31.0
2024,2,浙江黄岩三叶集团有限公司,销售,47.0
2024,2,江苏跃进摩托车制造有限责任公司,销售,0.0
2024,2,广东嘉纳仕科技实业有限公司,销售,0.0
2024,2,广东大福摩托车有限公司,销售,0.0
2024,2,江苏雄风机车有限公司,销售,0.0
2024,3,江门市大长江集团有限公司,生产,163531.0
2024,3,重庆隆鑫机车有限公司,生产,149097.0
2024,3,雅迪科技集团有限公司,生产,164628.0
2024,3,宗申产业集团有限公司,生产,135248.0
2024,3,重庆银翔摩托车集团有限公司,生产,68504.0
2024,3,广东大冶摩托车技术有限公司,生产,57600.0
2024,3,新大洲本田摩托(苏州)有限公司,生产,60435.0
2024,3,洛阳北方企业集团有限公司,生产,59996.0
2024,3,五羊-本田摩托（广州）有限公司,生产,52544.0
2024,3,广州豪进摩托车股份有限公司,生产,57032.0
2024,3,广州大运摩托车有限公司,生产,42046.0
2024,3,江门市珠峰摩托车有限公司,生产,39627.0
2024,3,浙江钱江摩托股份有限公司,生产,40247.0
2024,3,济南轻骑铃木摩托车有限公司,生产,31082.0
2024,3,力帆实业（集团）股份有限公司,生产,29831.0
2024,3,浙江绿源电动车有限公司,生产,28371.0
2024,3,厦门厦杏摩托有限公司,生产,29023.0
2024,3,广州天马集团天马摩托车有限公司,生产,24092.0
2024,3,广州三雅摩托车有限公司,生产,22189.0
2024,3,珠海珠江车业有限公司,生产,32717.0
2024,3,重庆润通智能装备有限公司,生产,24077.0
2024,3,重庆银钢科技(集团)有限公司,生产,18454.0
2024,3,浙江春风动力股份有限公司,生产,25278.0
2024,3,重庆建设机电有限责任公司,生产,20004.0
2024,3,江苏新日电动车股份有限公司,生产,23412.0
2024,3,江苏众星摩托有限公司,生产,15564.0
2024,3,广东星际机车科技有限公司,生产,11571.0
2024,3,江苏淮海新能源车辆有限公司,生产,16912.0
2024,3,重庆鑫源摩托车股份有限公司,生产,16787.0
2024,3,江门市华龙摩托车有限公司,生产,16717.0
2024,3,山东五星车辆股份有限公司,生产,17718.0
2024,3,山东巴士新能源车业有限公司,生产,19208.0
2024,3,重庆航天巴山摩托车制造有限公司,生产,7232.0
2024,3,金翌车业有限公司,生产,15840.0
2024,3,鹤山国机南联摩托车工业有限公司,生产,8155.0
2024,3,济南大隆机车工业有限公司,生产,12784.0
2024,3,江门市长华集团有限公司,生产,10787.0
2024,3,台州市王野机车有限责任公司,生产,9001.0
2024,3,重庆望江摩托车制造有限公司,生产,7077.0
2024,3,常州光阳摩托车有限公司,生产,10884.0
2024,3,重庆安第斯摩托车制造有限公司,生产,5251.0
2024,3,长铃集团长春摩托车工业有限公司,生产,9201.0
2024,3,浙江嘉爵摩托车制造有限公司,生产,5607.0
2024,3,宁波市龙嘉动力科技有限公司,生产,8974.0
2024,3,重庆万虎机电有限责任公司,生产,7626.0
2024,3,三友控股集团银友摩托车有限公司,生产,4951.0
2024,3,浙江森铃摩托车有限公司,生产,6044.0
2024,3,济南轻骑摩托车有限公司,生产,6230.0
2024,3,江门市迪豪摩托车有限公司,生产,4451.0
2024,3,东莞市台铃车业有限公司,生产,6996.0
2024,3,浙江天本车业有限公司,生产,5388.0
2024,3,宁波东方凌云车辆制造有限公司,生产,4472.0
2024,3,宁波市龙嘉摩托车有限公司,生产,1916.0
2024,3,台州市椒江之威摩托车制造有限公司,生产,5384.0
2024,3,重庆光宇摩托车制造有限公司,生产,3374.0
2024,3,广州福羊科技有限公司,生产,2574.0
2024,3,杭州土星动力科技有限公司,生产,3927.0
2024,3,康超集团广州摩托车制造有限公司,生产,3100.0
2024,3,宝岛车业集团有限公司,生产,4109.0
2024,3,佛山市佛斯弟摩托车制造有限公司,生产,2827.0
2024,3,浙江华洋赛车股份有限公司,生产,3268.0
2024,3,重庆嘉陵工业有限公司,生产,2383.0
2024,3,重庆新感觉摩托车有限公司,生产,1658.0
2024,3,慈溪金轮机车制造有限公司,生产,2214.0
2024,3,福建省晋江市三力机车有限公司,生产,1015.0
2024,3,西藏新珠峰摩托车有限公司,生产,2090.0
2024,3,广州五羊摩托有限公司,生产,2495.0
2024,3,浙江吉铭实业有限公司,生产,734.0
2024,3,江苏林海动力机械集团有限公司,生产,667.0
2024,3,江苏创新摩托车制造有限公司,生产,2200.0
2024,3,重庆劲扬摩托车工业有限公司,生产,0.0
2024,3,金城集团有限公司,生产,1083.0
2024,3,江苏林芝山阳集团有限公司,生产,1300.0
2024,3,增城市东阳摩托车实业有限公司,生产,1796.0
2024,3,重庆恒胜集团有限公司,生产,1045.0
2024,3,浙江幸福摩托机械有限公司,生产,859.0
2024,3,广州番禺豪剑摩托车工业有限公司,生产,822.0
2024,3,洛阳盛江红强摩托车有限公司,生产,729.0
2024,3,江苏新陵摩托车制造有限公司,生产,431.0
2024,3,山东马拉贝斯车业有限公司,生产,443.0
2024,3,广东大联统摩托车有限公司,生产,284.0
2024,3,立峰集团有限公司,生产,93.0
2024,3,上海本菱摩托车制造有限公司,生产,414.0
2024,3,浙江日雅摩托车有限公司,生产,170.0
2024,3,重庆双庆产业集团有限公司,生产,177.0
2024,3,浙江黄岩三叶集团有限公司,生产,338.0
2024,3,江苏跃进摩托车制造有限责任公司,生产,58.0
2024,3,广东嘉纳仕科技实业有限公司,生产,0.0
2024,3,广东大福摩托车有限公司,生产,0.0
2024,3,江苏雄风机车有限公司,生产,0.0
2024,3,江门市大长江集团有限公司,销售,171258.0
2024,3,重庆隆鑫机车有限公司,销售,138534.0
2024,3,雅迪科技集团有限公司,销售,159235.0
2024,3,宗申产业集团有限公司,销售,127386.0
2024,3,重庆银翔摩托车集团有限公司,销售,68504.0
2024,3,广东大冶摩托车技术有限公司,销售,54806.0
2024,3,新大洲本田摩托(苏州)有限公司,销售,63654.0
2024,3,洛阳北方企业集团有限公司,销售,58303.0
2024,3,五羊-本田摩托（广州）有限公司,销售,47269.0
2024,3,广州豪进摩托车股份有限公司,销售,52391.0
2024,3,广州大运摩托车有限公司,销售,42311.0
2024,3,江门市珠峰摩托车有限公司,销售,38437.0
2024,3,济南轻骑铃木摩托车有限公司,销售,32589.0
2024,3,浙江钱江摩托股份有限公司,销售,44681.0
2024,3,力帆实业（集团）股份有限公司,销售,30867.0
2024,3,浙江绿源电动车有限公司,销售,28839.0
2024,3,厦门厦杏摩托有限公司,销售,22620.0
2024,3,广州天马集团天马摩托车有限公司,销售,19785.0
2024,3,广州三雅摩托车有限公司,销售,22146.0
2024,3,重庆润通智能装备有限公司,销售,23883.0
2024,3,重庆银钢科技(集团)有限公司,销售,18411.0
2024,3,重庆建设机电有限责任公司,销售,20632.0
2024,3,珠海珠江车业有限公司,销售,20978.0
2024,3,浙江春风动力股份有限公司,销售,22862.0
2024,3,江苏新日电动车股份有限公司,销售,24865.0
2024,3,江苏众星摩托有限公司,销售,15515.0
2024,3,广东星际机车科技有限公司,销售,11571.0
2024,3,江苏淮海新能源车辆有限公司,销售,16912.0
2024,3,山东五星车辆股份有限公司,销售,18154.0
2024,3,重庆鑫源摩托车股份有限公司,销售,15149.0
2024,3,山东巴士新能源车业有限公司,销售,17432.0
2024,3,江门市华龙摩托车有限公司,销售,13313.0
2024,3,重庆航天巴山摩托车制造有限公司,销售,7268.0
2024,3,金翌车业有限公司,销售,15533.0
2024,3,鹤山国机南联摩托车工业有限公司,销售,8146.0
2024,3,济南大隆机车工业有限公司,销售,12832.0
2024,3,常州光阳摩托车有限公司,销售,11208.0
2024,3,江门市长华集团有限公司,销售,10787.0
2024,3,重庆安第斯摩托车制造有限公司,销售,6650.0
2024,3,台州市王野机车有限责任公司,销售,9001.0
2024,3,重庆望江摩托车制造有限公司,销售,8465.0
2024,3,长铃集团长春摩托车工业有限公司,销售,9201.0
2024,3,浙江嘉爵摩托车制造有限公司,销售,5607.0
2024,3,宁波市龙嘉动力科技有限公司,销售,6130.0
2024,3,三友控股集团银友摩托车有限公司,销售,4951.0
2024,3,重庆万虎机电有限责任公司,销售,6059.0
2024,3,浙江森铃摩托车有限公司,销售,6308.0
2024,3,江门市迪豪摩托车有限公司,销售,3879.0
2024,3,济南轻骑摩托车有限公司,销售,5000.0
2024,3,东莞市台铃车业有限公司,销售,6996.0
2024,3,宁波市龙嘉摩托车有限公司,销售,2163.0
2024,3,浙江天本车业有限公司,销售,5388.0
2024,3,宁波东方凌云车辆制造有限公司,销售,4640.0
2024,3,台州市椒江之威摩托车制造有限公司,销售,5364.0
2024,3,重庆光宇摩托车制造有限公司,销售,3068.0
2024,3,杭州土星动力科技有限公司,销售,3485.0
2024,3,广州福羊科技有限公司,销售,2574.0
2024,3,康超集团广州摩托车制造有限公司,销售,3100.0
2024,3,浙江吉铭实业有限公司,销售,824.0
2024,3,宝岛车业集团有限公司,销售,4109.0
2024,3,重庆新感觉摩托车有限公司,销售,3582.0
2024,3,佛山市佛斯弟摩托车制造有限公司,销售,2827.0
2024,3,重庆嘉陵工业有限公司,销售,2075.0
2024,3,江苏林海动力机械集团有限公司,销售,1803.0
2024,3,广州五羊摩托有限公司,销售,2269.0
2024,3,慈溪金轮机车制造有限公司,销售,2212.0
2024,3,福建省晋江市三力机车有限公司,销售,1015.0
2024,3,西藏新珠峰摩托车有限公司,销售,2090.0
2024,3,江苏创新摩托车制造有限公司,销售,2017.0
2024,3,浙江华洋赛车股份有限公司,销售,2210.0
2024,3,重庆劲扬摩托车工业有限公司,销售,0.0
2024,3,金城集团有限公司,销售,1098.0
2024,3,江苏林芝山阳集团有限公司,销售,1300.0
2024,3,重庆恒胜集团有限公司,销售,1045.0
2024,3,浙江幸福摩托机械有限公司,销售,842.0
2024,3,增城市东阳摩托车实业有限公司,销售,870.0
2024,3,广州番禺豪剑摩托车工业有限公司,销售,822.0
2024,3,洛阳盛江红强摩托车有限公司,销售,729.0
2024,3,江苏新陵摩托车制造有限公司,销售,431.0
2024,3,山东马拉贝斯车业有限公司,销售,453.0
2024,3,广东大联统摩托车有限公司,销售,284.0
2024,3,浙江日雅摩托车有限公司,销售,46.0
2024,3,立峰集团有限公司,销售,93.0
2024,3,上海本菱摩托车制造有限公司,销售,414.0
2024,3,重庆双庆产业集团有限公司,销售,184.0
2024,3,浙江黄岩三叶集团有限公司,销售,231.0
2024,3,江苏跃进摩托车制造有限责任公司,销售,58.0
2024,3,广东嘉纳仕科技实业有限公司,销售,0.0
2024,3,广东大福摩托车有限公司,销售,0.0
2024,3,江苏雄风机车有限公司,销售,0.0
2024,4,江门市大长江集团有限公司,生产,162665.0
2024,4,重庆隆鑫机车有限公司,生产,160271.0
2024,4,雅迪科技集团有限公司,生产,130000.0
2024,4,宗申产业集团有限公司,生产,137958.0
2024,4,重庆银翔摩托车集团有限公司,生产,60161.0
2024,4,广东大冶摩托车技术有限公司,生产,68735.0
2024,4,洛阳北方企业集团有限公司,生产,61458.0
2024,4,新大洲本田摩托(苏州)有限公司,生产,57316.0
2024,4,广州豪进摩托车股份有限公司,生产,64874.0
2024,4,五羊-本田摩托（广州）有限公司,生产,46587.0
2024,4,广州大运摩托车有限公司,生产,43199.0
2024,4,江门市珠峰摩托车有限公司,生产,44974.0
2024,4,浙江钱江摩托股份有限公司,生产,54320.0
2024,4,力帆实业（集团）股份有限公司,生产,34920.0
2024,4,济南轻骑铃木摩托车有限公司,生产,31365.0
2024,4,浙江绿源电动车有限公司,生产,31511.0
2024,4,厦门厦杏摩托有限公司,生产,30726.0
2024,4,广州天马集团天马摩托车有限公司,生产,22116.0
2024,4,重庆润通智能装备有限公司,生产,21975.0
2024,4,浙江春风动力股份有限公司,生产,27164.0
2024,4,广州三雅摩托车有限公司,生产,20417.0
2024,4,重庆银钢科技(集团)有限公司,生产,19331.0
2024,4,重庆建设机电有限责任公司,生产,19764.0
2024,4,珠海珠江车业有限公司,生产,12854.0
2024,4,江苏新日电动车股份有限公司,生产,19930.0
2024,4,重庆鑫源摩托车股份有限公司,生产,25020.0
2024,4,江苏淮海新能源车辆有限公司,生产,19281.0
2024,4,重庆航天巴山摩托车制造有限公司,生产,25765.0
2024,4,江苏众星摩托有限公司,生产,14702.0
2024,4,广东星际机车科技有限公司,生产,14177.0
2024,4,江门市华龙摩托车有限公司,生产,14021.0
2024,4,山东五星车辆股份有限公司,生产,15243.0
2024,4,鹤山国机南联摩托车工业有限公司,生产,20210.0
2024,4,山东巴士新能源车业有限公司,生产,10681.0
2024,4,金翌车业有限公司,生产,11785.0
2024,4,常州光阳摩托车有限公司,生产,15088.0
2024,4,济南大隆机车工业有限公司,生产,10470.0
2024,4,重庆安第斯摩托车制造有限公司,生产,12856.0
2024,4,江门市长华集团有限公司,生产,9281.0
2024,4,重庆望江摩托车制造有限公司,生产,8026.0
2024,4,台州市王野机车有限责任公司,生产,6823.0
2024,4,宁波市龙嘉动力科技有限公司,生产,10386.0
2024,4,浙江嘉爵摩托车制造有限公司,生产,8351.0
2024,4,长铃集团长春摩托车工业有限公司,生产,7441.0
2024,4,三友控股集团银友摩托车有限公司,生产,7063.0
2024,4,重庆万虎机电有限责任公司,生产,4643.0
2024,4,济南轻骑摩托车有限公司,生产,5548.0
2024,4,浙江森铃摩托车有限公司,生产,3724.0
2024,4,东莞市台铃车业有限公司,生产,5606.0
2024,4,浙江华洋赛车股份有限公司,生产,11049.0
2024,4,江门市迪豪摩托车有限公司,生产,3733.0
2024,4,浙江天本车业有限公司,生产,5593.0
2024,4,杭州土星动力科技有限公司,生产,6988.0
2024,4,重庆光宇摩托车制造有限公司,生产,4600.0
2024,4,宁波东方凌云车辆制造有限公司,生产,3433.0
2024,4,广州福羊科技有限公司,生产,5380.0
2024,4,台州市椒江之威摩托车制造有限公司,生产,3564.0
2024,4,宁波市龙嘉摩托车有限公司,生产,2119.0
2024,4,宝岛车业集团有限公司,生产,3732.0
2024,4,重庆嘉陵工业有限公司,生产,4168.0
2024,4,重庆新感觉摩托车有限公司,生产,4496.0
2024,4,佛山市佛斯弟摩托车制造有限公司,生产,2730.0
2024,4,江苏林海动力机械集团有限公司,生产,4448.0
2024,4,康超集团广州摩托车制造有限公司,生产,1243.0
2024,4,西藏新珠峰摩托车有限公司,生产,3080.0
2024,4,浙江吉铭实业有限公司,生产,2381.0
2024,4,广州五羊摩托有限公司,生产,2323.0
2024,4,重庆劲扬摩托车工业有限公司,生产,2801.0
2024,4,慈溪金轮机车制造有限公司,生产,1820.0
2024,4,江苏创新摩托车制造有限公司,生产,2600.0
2024,4,福建省晋江市三力机车有限公司,生产,243.0
2024,4,金城集团有限公司,生产,1526.0
2024,4,江苏林芝山阳集团有限公司,生产,1130.0
2024,4,增城市东阳摩托车实业有限公司,生产,665.0
2024,4,重庆恒胜集团有限公司,生产,1046.0
2024,4,浙江幸福摩托机械有限公司,生产,1068.0
2024,4,广州番禺豪剑摩托车工业有限公司,生产,1014.0
2024,4,山东马拉贝斯车业有限公司,生产,605.0
2024,4,立峰集团有限公司,生产,508.0
2024,4,洛阳盛江红强摩托车有限公司,生产,290.0
2024,4,江苏新陵摩托车制造有限公司,生产,264.0
2024,4,广东大联统摩托车有限公司,生产,287.0
2024,4,浙江黄岩三叶集团有限公司,生产,510.0
2024,4,上海本菱摩托车制造有限公司,生产,214.0
2024,4,重庆双庆产业集团有限公司,生产,109.0
2024,4,浙江日雅摩托车有限公司,生产,36.0
2024,4,江苏跃进摩托车制造有限责任公司,生产,58.0
2024,4,广东嘉纳仕科技实业有限公司,生产,0.0
2024,4,广东大福摩托车有限公司,生产,0.0
2024,4,江苏雄风机车有限公司,生产,0.0
2024,4,江门市大长江集团有限公司,销售,168435.0
2024,4,重庆隆鑫机车有限公司,销售,148071.0
2024,4,雅迪科技集团有限公司,销售,144468.0
2024,4,宗申产业集团有限公司,销售,141185.0
2024,4,重庆银翔摩托车集团有限公司,销售,60161.0
2024,4,广东大冶摩托车技术有限公司,销售,71506.0
2024,4,新大洲本田摩托(苏州)有限公司,销售,58948.0
2024,4,洛阳北方企业集团有限公司,销售,60984.0
2024,4,广州豪进摩托车股份有限公司,销售,69213.0
2024,4,五羊-本田摩托（广州）有限公司,销售,42884.0
2024,4,江门市珠峰摩托车有限公司,销售,44945.0
2024,4,广州大运摩托车有限公司,销售,43269.0
2024,4,浙江钱江摩托股份有限公司,销售,39785.0
2024,4,济南轻骑铃木摩托车有限公司,销售,32327.0
2024,4,力帆实业（集团）股份有限公司,销售,33902.0
2024,4,浙江绿源电动车有限公司,销售,31389.0
2024,4,厦门厦杏摩托有限公司,销售,26051.0
2024,4,广州天马集团天马摩托车有限公司,销售,22970.0
2024,4,广州三雅摩托车有限公司,销售,20323.0
2024,4,重庆润通智能装备有限公司,销售,20179.0
2024,4,浙江春风动力股份有限公司,销售,26784.0
2024,4,重庆银钢科技(集团)有限公司,销售,18912.0
2024,4,珠海珠江车业有限公司,销售,21281.0
2024,4,重庆建设机电有限责任公司,销售,18620.0
2024,4,江苏新日电动车股份有限公司,销售,22173.0
2024,4,重庆鑫源摩托车股份有限公司,销售,23871.0
2024,4,江苏淮海新能源车辆有限公司,销售,19281.0
2024,4,重庆航天巴山摩托车制造有限公司,销售,26286.0
2024,4,江苏众星摩托有限公司,销售,14656.0
2024,4,山东五星车辆股份有限公司,销售,16260.0
2024,4,广东星际机车科技有限公司,销售,14177.0
2024,4,江门市华龙摩托车有限公司,销售,13420.0
2024,4,鹤山国机南联摩托车工业有限公司,销售,19975.0
2024,4,山东巴士新能源车业有限公司,销售,10710.0
2024,4,金翌车业有限公司,销售,11843.0
2024,4,常州光阳摩托车有限公司,销售,15609.0
2024,4,济南大隆机车工业有限公司,销售,10569.0
2024,4,江门市长华集团有限公司,销售,9281.0
2024,4,重庆安第斯摩托车制造有限公司,销售,9056.0
2024,4,台州市王野机车有限责任公司,销售,6823.0
2024,4,重庆望江摩托车制造有限公司,销售,7623.0
2024,4,宁波市龙嘉动力科技有限公司,销售,11152.0
2024,4,浙江嘉爵摩托车制造有限公司,销售,8351.0
2024,4,长铃集团长春摩托车工业有限公司,销售,7441.0
2024,4,三友控股集团银友摩托车有限公司,销售,7063.0
2024,4,重庆万虎机电有限责任公司,销售,5888.0
2024,4,济南轻骑摩托车有限公司,销售,6319.0
2024,4,浙江森铃摩托车有限公司,销售,3680.0
2024,4,江门市迪豪摩托车有限公司,销售,4501.0
2024,4,东莞市台铃车业有限公司,销售,5606.0
2024,4,浙江天本车业有限公司,销售,5593.0
2024,4,杭州土星动力科技有限公司,销售,6380.0
2024,4,宁波东方凌云车辆制造有限公司,销售,3685.0
2024,4,广州福羊科技有限公司,销售,5380.0
2024,4,重庆光宇摩托车制造有限公司,销售,4599.0
2024,4,台州市椒江之威摩托车制造有限公司,销售,3581.0
2024,4,宁波市龙嘉摩托车有限公司,销售,227.0
2024,4,宝岛车业集团有限公司,销售,3732.0
2024,4,重庆新感觉摩托车有限公司,销售,2922.0
2024,4,江苏林海动力机械集团有限公司,销售,3989.0
2024,4,佛山市佛斯弟摩托车制造有限公司,销售,2730.0
2024,4,重庆嘉陵工业有限公司,销售,3190.0
2024,4,浙江吉铭实业有限公司,销售,2280.0
2024,4,康超集团广州摩托车制造有限公司,销售,1245.0
2024,4,浙江华洋赛车股份有限公司,销售,5547.0
2024,4,西藏新珠峰摩托车有限公司,销售,3080.0
2024,4,广州五羊摩托有限公司,销售,2230.0
2024,4,慈溪金轮机车制造有限公司,销售,1823.0
2024,4,江苏创新摩托车制造有限公司,销售,2598.0
2024,4,重庆劲扬摩托车工业有限公司,销售,2801.0
2024,4,福建省晋江市三力机车有限公司,销售,0.0
2024,4,金城集团有限公司,销售,1411.0
2024,4,江苏林芝山阳集团有限公司,销售,1130.0
2024,4,重庆恒胜集团有限公司,销售,1046.0
2024,4,浙江幸福摩托机械有限公司,销售,1057.0
2024,4,广州番禺豪剑摩托车工业有限公司,销售,1014.0
2024,4,增城市东阳摩托车实业有限公司,销售,165.0
2024,4,山东马拉贝斯车业有限公司,销售,605.0
2024,4,洛阳盛江红强摩托车有限公司,销售,290.0
2024,4,江苏新陵摩托车制造有限公司,销售,264.0
2024,4,广东大联统摩托车有限公司,销售,287.0
2024,4,浙江日雅摩托车有限公司,销售,228.0
2024,4,上海本菱摩托车制造有限公司,销售,214.0
2024,4,浙江黄岩三叶集团有限公司,销售,448.0
2024,4,立峰集团有限公司,销售,0.0
2024,4,重庆双庆产业集团有限公司,销售,109.0
2024,4,江苏跃进摩托车制造有限责任公司,销售,58.0
2024,4,广东嘉纳仕科技实业有限公司,销售,0.0
2024,4,广东大福摩托车有限公司,销售,0.0
2024,4,江苏雄风机车有限公司,销售,0.0
2024,5,江门市大长江集团有限公司,生产,169822.0
2024,5,重庆隆鑫机车有限公司,生产,148908.0
2024,5,雅迪科技集团有限公司,生产,142234.0
2024,5,宗申产业集团有限公司,生产,136893.0
2024,5,广东大冶摩托车技术有限公司,生产,79582.0
2024,5,重庆银翔摩托车集团有限公司,生产,53040.0
2024,5,新大洲本田摩托(苏州)有限公司,生产,71369.0
2024,5,洛阳北方企业集团有限公司,生产,56121.0
2024,5,广州豪进摩托车股份有限公司,生产,52498.0
2024,5,五羊-本田摩托（广州）有限公司,生产,53125.0
2024,5,广州大运摩托车有限公司,生产,42536.0
2024,5,江门市珠峰摩托车有限公司,生产,47027.0
2024,5,浙江钱江摩托股份有限公司,生产,50651.0
2024,5,浙江绿源电动车有限公司,生产,34708.0
2024,5,济南轻骑铃木摩托车有限公司,生产,29559.0
2024,5,力帆实业（集团）股份有限公司,生产,26302.0
2024,5,厦门厦杏摩托有限公司,生产,30402.0
2024,5,广州天马集团天马摩托车有限公司,生产,24099.0
2024,5,浙江春风动力股份有限公司,生产,25520.0
2024,5,重庆润通智能装备有限公司,生产,21521.0
2024,5,广州三雅摩托车有限公司,生产,19564.0
2024,5,江苏新日电动车股份有限公司,生产,27237.0
2024,5,重庆银钢科技(集团)有限公司,生产,17784.0
2024,5,重庆建设机电有限责任公司,生产,16790.0
2024,5,重庆鑫源摩托车股份有限公司,生产,21445.0
2024,5,珠海珠江车业有限公司,生产,13277.0
2024,5,重庆航天巴山摩托车制造有限公司,生产,22209.0
2024,5,江苏淮海新能源车辆有限公司,生产,18709.0
2024,5,广东星际机车科技有限公司,生产,17019.0
2024,5,江苏众星摩托有限公司,生产,14134.0
2024,5,江门市华龙摩托车有限公司,生产,11657.0
2024,5,山东五星车辆股份有限公司,生产,11304.0
2024,5,鹤山国机南联摩托车工业有限公司,生产,14063.0
2024,5,山东巴士新能源车业有限公司,生产,12722.0
2024,5,常州光阳摩托车有限公司,生产,20951.0
2024,5,台州市王野机车有限责任公司,生产,19224.0
2024,5,重庆望江摩托车制造有限公司,生产,17026.0
2024,5,重庆安第斯摩托车制造有限公司,生产,11620.0
2024,5,金翌车业有限公司,生产,4255.0
2024,5,江门市长华集团有限公司,生产,10645.0
2024,5,济南大隆机车工业有限公司,生产,7749.0
2024,5,宁波市龙嘉动力科技有限公司,生产,12597.0
2024,5,长铃集团长春摩托车工业有限公司,生产,5937.0
2024,5,浙江华洋赛车股份有限公司,生产,15579.0
2024,5,浙江嘉爵摩托车制造有限公司,生产,5428.0
2024,5,三友控股集团银友摩托车有限公司,生产,4069.0
2024,5,重庆万虎机电有限责任公司,生产,4096.0
2024,5,济南轻骑摩托车有限公司,生产,6054.0
2024,5,浙江森铃摩托车有限公司,生产,5419.0
2024,5,杭州土星动力科技有限公司,生产,8715.0
2024,5,东莞市台铃车业有限公司,生产,4714.0
2024,5,浙江天本车业有限公司,生产,6073.0
2024,5,江门市迪豪摩托车有限公司,生产,3740.0
2024,5,重庆光宇摩托车制造有限公司,生产,3693.0
2024,5,宁波东方凌云车辆制造有限公司,生产,3401.0
2024,5,重庆嘉陵工业有限公司,生产,5599.0
2024,5,台州市椒江之威摩托车制造有限公司,生产,3267.0
2024,5,广州福羊科技有限公司,生产,1944.0
2024,5,康超集团广州摩托车制造有限公司,生产,6352.0
2024,5,佛山市佛斯弟摩托车制造有限公司,生产,3996.0
2024,5,宝岛车业集团有限公司,生产,2273.0
2024,5,宁波市龙嘉摩托车有限公司,生产,1111.0
2024,5,重庆新感觉摩托车有限公司,生产,2662.0
2024,5,西藏新珠峰摩托车有限公司,生产,3465.0
2024,5,江苏林海动力机械集团有限公司,生产,1903.0
2024,5,重庆劲扬摩托车工业有限公司,生产,2991.0
2024,5,广州五羊摩托有限公司,生产,2217.0
2024,5,慈溪金轮机车制造有限公司,生产,1562.0
2024,5,浙江吉铭实业有限公司,生产,1231.0
2024,5,江苏创新摩托车制造有限公司,生产,2000.0
2024,5,金城集团有限公司,生产,1448.0
2024,5,福建省晋江市三力机车有限公司,生产,223.0
2024,5,增城市东阳摩托车实业有限公司,生产,2443.0
2024,5,江苏林芝山阳集团有限公司,生产,1213.0
2024,5,浙江幸福摩托机械有限公司,生产,1210.0
2024,5,重庆恒胜集团有限公司,生产,897.0
2024,5,广州番禺豪剑摩托车工业有限公司,生产,804.0
2024,5,山东马拉贝斯车业有限公司,生产,355.0
2024,5,立峰集团有限公司,生产,299.0
2024,5,洛阳盛江红强摩托车有限公司,生产,329.0
2024,5,江苏新陵摩托车制造有限公司,生产,367.0
2024,5,上海本菱摩托车制造有限公司,生产,505.0
2024,5,浙江黄岩三叶集团有限公司,生产,316.0
2024,5,广东大联统摩托车有限公司,生产,181.0
2024,5,浙江日雅摩托车有限公司,生产,260.0
2024,5,重庆双庆产业集团有限公司,生产,132.0
2024,5,江苏跃进摩托车制造有限责任公司,生产,76.0
2024,5,广东嘉纳仕科技实业有限公司,生产,0.0
2024,5,广东大福摩托车有限公司,生产,0.0
2024,5,江苏雄风机车有限公司,生产,0.0
2024,5,江门市大长江集团有限公司,销售,167181.0
2024,5,重庆隆鑫机车有限公司,销售,154193.0
2024,5,雅迪科技集团有限公司,销售,169629.0
2024,5,宗申产业集团有限公司,销售,134989.0
2024,5,广东大冶摩托车技术有限公司,销售,79581.0
2024,5,重庆银翔摩托车集团有限公司,销售,53040.0
2024,5,新大洲本田摩托(苏州)有限公司,销售,62649.0
2024,5,洛阳北方企业集团有限公司,销售,57695.0
2024,5,广州豪进摩托车股份有限公司,销售,49996.0
2024,5,五羊-本田摩托（广州）有限公司,销售,50069.0
2024,5,江门市珠峰摩托车有限公司,销售,47409.0
2024,5,广州大运摩托车有限公司,销售,42458.0
2024,5,浙江钱江摩托股份有限公司,销售,42385.0
2024,5,济南轻骑铃木摩托车有限公司,销售,29546.0
2024,5,力帆实业（集团）股份有限公司,销售,29305.0
2024,5,浙江绿源电动车有限公司,销售,34875.0
2024,5,厦门厦杏摩托有限公司,销售,39089.0
2024,5,广州天马集团天马摩托车有限公司,销售,19491.0
2024,5,重庆润通智能装备有限公司,销售,23212.0
2024,5,浙江春风动力股份有限公司,销售,25266.0
2024,5,广州三雅摩托车有限公司,销售,19629.0
2024,5,江苏新日电动车股份有限公司,销售,23834.0
2024,5,重庆银钢科技(集团)有限公司,销售,17695.0
2024,5,珠海珠江车业有限公司,销售,15207.0
2024,5,重庆建设机电有限责任公司,销售,15200.0
2024,5,重庆鑫源摩托车股份有限公司,销售,21387.0
2024,5,重庆航天巴山摩托车制造有限公司,销售,22283.0
2024,5,江苏淮海新能源车辆有限公司,销售,18709.0
2024,5,广东星际机车科技有限公司,销售,17019.0
2024,5,江苏众星摩托有限公司,销售,14089.0
2024,5,山东五星车辆股份有限公司,销售,12918.0
2024,5,江门市华龙摩托车有限公司,销售,13689.0
2024,5,鹤山国机南联摩托车工业有限公司,销售,13937.0
2024,5,常州光阳摩托车有限公司,销售,18385.0
2024,5,山东巴士新能源车业有限公司,销售,11852.0
2024,5,台州市王野机车有限责任公司,销售,19217.0
2024,5,重庆安第斯摩托车制造有限公司,销售,12520.0
2024,5,金翌车业有限公司,销售,4462.0
2024,5,江门市长华集团有限公司,销售,10645.0
2024,5,济南大隆机车工业有限公司,销售,7749.0
2024,5,重庆望江摩托车制造有限公司,销售,12551.0
2024,5,宁波市龙嘉动力科技有限公司,销售,9607.0
2024,5,长铃集团长春摩托车工业有限公司,销售,5937.0
2024,5,浙江嘉爵摩托车制造有限公司,销售,5428.0
2024,5,三友控股集团银友摩托车有限公司,销售,4069.0
2024,5,重庆万虎机电有限责任公司,销售,5065.0
2024,5,济南轻骑摩托车有限公司,销售,6088.0
2024,5,浙江森铃摩托车有限公司,销售,5713.0
2024,5,杭州土星动力科技有限公司,销售,9448.0
2024,5,东莞市台铃车业有限公司,销售,4723.0
2024,5,浙江天本车业有限公司,销售,6073.0
2024,5,浙江华洋赛车股份有限公司,销售,13753.0
2024,5,江门市迪豪摩托车有限公司,销售,2997.0
2024,5,重庆光宇摩托车制造有限公司,销售,3999.0
2024,5,宁波东方凌云车辆制造有限公司,销售,3469.0
2024,5,台州市椒江之威摩托车制造有限公司,销售,3289.0
2024,5,广州福羊科技有限公司,销售,1944.0
2024,5,重庆新感觉摩托车有限公司,销售,5359.0
2024,5,重庆嘉陵工业有限公司,销售,5554.0
2024,5,康超集团广州摩托车制造有限公司,销售,6351.0
2024,5,宁波市龙嘉摩托车有限公司,销售,2763.0
2024,5,佛山市佛斯弟摩托车制造有限公司,销售,3996.0
2024,5,宝岛车业集团有限公司,销售,2273.0
2024,5,江苏林海动力机械集团有限公司,销售,2223.0
2024,5,西藏新珠峰摩托车有限公司,销售,3465.0
2024,5,浙江吉铭实业有限公司,销售,1192.0
2024,5,广州五羊摩托有限公司,销售,2167.0
2024,5,重庆劲扬摩托车工业有限公司,销售,2991.0
2024,5,慈溪金轮机车制造有限公司,销售,1557.0
2024,5,江苏创新摩托车制造有限公司,销售,2005.0
2024,5,金城集团有限公司,销售,1402.0
2024,5,福建省晋江市三力机车有限公司,销售,223.0
2024,5,江苏林芝山阳集团有限公司,销售,1213.0
2024,5,增城市东阳摩托车实业有限公司,销售,2300.0
2024,5,浙江幸福摩托机械有限公司,销售,1223.0
2024,5,重庆恒胜集团有限公司,销售,897.0
2024,5,广州番禺豪剑摩托车工业有限公司,销售,804.0
2024,5,山东马拉贝斯车业有限公司,销售,355.0
2024,5,立峰集团有限公司,销售,299.0
2024,5,洛阳盛江红强摩托车有限公司,销售,329.0
2024,5,江苏新陵摩托车制造有限公司,销售,367.0
2024,5,上海本菱摩托车制造有限公司,销售,505.0
2024,5,广东大联统摩托车有限公司,销售,181.0
2024,5,浙江日雅摩托车有限公司,销售,237.0
2024,5,浙江黄岩三叶集团有限公司,销售,277.0
2024,5,重庆双庆产业集团有限公司,销售,132.0
2024,5,江苏跃进摩托车制造有限责任公司,销售,76.0
2024,5,广东嘉纳仕科技实业有限公司,销售,0.0
2024,5,广东大福摩托车有限公司,销售,0.0
2024,5,江苏雄风机车有限公司,销售,0.0
2024,6,江门市大长江集团有限公司,生产,152805.0
2024,6,重庆隆鑫机车有限公司,生产,161449.0
2024,6,雅迪科技集团有限公司,生产,149330.0
2024,6,宗申产业集团有限公司,生产,132205.0
2024,6,广东大冶摩托车技术有限公司,生产,72105.0
2024,6,重庆银翔摩托车集团有限公司,生产,51225.0
2024,6,新大洲本田摩托(苏州)有限公司,生产,66050.0
2024,6,洛阳北方企业集团有限公司,生产,56102.0
2024,6,广州豪进摩托车股份有限公司,生产,53623.0
2024,6,五羊-本田摩托（广州）有限公司,生产,46299.0
2024,6,江门市珠峰摩托车有限公司,生产,60938.0
2024,6,广州大运摩托车有限公司,生产,43214.0
2024,6,浙江钱江摩托股份有限公司,生产,42000.0
2024,6,济南轻骑铃木摩托车有限公司,生产,30972.0
2024,6,浙江绿源电动车有限公司,生产,30760.0
2024,6,力帆实业（集团）股份有限公司,生产,29863.0
2024,6,厦门厦杏摩托有限公司,生产,29692.0
2024,6,浙江春风动力股份有限公司,生产,34988.0
2024,6,广州天马集团天马摩托车有限公司,生产,25018.0
2024,6,重庆润通智能装备有限公司,生产,24140.0
2024,6,广州三雅摩托车有限公司,生产,21052.0
2024,6,江苏新日电动车股份有限公司,生产,21277.0
2024,6,重庆建设机电有限责任公司,生产,22295.0
2024,6,重庆鑫源摩托车股份有限公司,生产,22876.0
2024,6,重庆银钢科技(集团)有限公司,生产,18868.0
2024,6,重庆航天巴山摩托车制造有限公司,生产,24083.0
2024,6,珠海珠江车业有限公司,生产,18912.0
2024,6,江苏淮海新能源车辆有限公司,生产,15749.0
2024,6,广东星际机车科技有限公司,生产,17844.0
2024,6,江苏众星摩托有限公司,生产,13445.0
2024,6,常州光阳摩托车有限公司,生产,21446.0
2024,6,鹤山国机南联摩托车工业有限公司,生产,15255.0
2024,6,江门市华龙摩托车有限公司,生产,9864.0
2024,6,山东五星车辆股份有限公司,生产,7943.0
2024,6,台州市王野机车有限责任公司,生产,17486.0
2024,6,山东巴士新能源车业有限公司,生产,6594.0
2024,6,重庆望江摩托车制造有限公司,生产,16097.0
2024,6,宁波市龙嘉动力科技有限公司,生产,16891.0
2024,6,重庆安第斯摩托车制造有限公司,生产,12866.0
2024,6,江门市长华集团有限公司,生产,10374.0
2024,6,济南大隆机车工业有限公司,生产,8794.0
2024,6,金翌车业有限公司,生产,4670.0
2024,6,浙江华洋赛车股份有限公司,生产,14455.0
2024,6,浙江嘉爵摩托车制造有限公司,生产,11873.0
2024,6,长铃集团长春摩托车工业有限公司,生产,7734.0
2024,6,杭州土星动力科技有限公司,生产,10520.0
2024,6,三友控股集团银友摩托车有限公司,生产,4174.0
2024,6,浙江森铃摩托车有限公司,生产,7881.0
2024,6,重庆万虎机电有限责任公司,生产,4010.0
2024,6,济南轻骑摩托车有限公司,生产,3846.0
2024,6,东莞市台铃车业有限公司,生产,5798.0
2024,6,浙江天本车业有限公司,生产,6398.0
2024,6,江门市迪豪摩托车有限公司,生产,5462.0
2024,6,重庆嘉陵工业有限公司,生产,4893.0
2024,6,重庆光宇摩托车制造有限公司,生产,3455.0
2024,6,宁波东方凌云车辆制造有限公司,生产,2819.0
2024,6,台州市椒江之威摩托车制造有限公司,生产,3015.0
2024,6,广州福羊科技有限公司,生产,3541.0
2024,6,重庆新感觉摩托车有限公司,生产,5857.0
2024,6,佛山市佛斯弟摩托车制造有限公司,生产,4536.0
2024,6,康超集团广州摩托车制造有限公司,生产,3045.0
2024,6,西藏新珠峰摩托车有限公司,生产,3970.0
2024,6,宝岛车业集团有限公司,生产,1831.0
2024,6,江苏林海动力机械集团有限公司,生产,3348.0
2024,6,宁波市龙嘉摩托车有限公司,生产,1194.0
2024,6,重庆劲扬摩托车工业有限公司,生产,2965.0
2024,6,广州五羊摩托有限公司,生产,1744.0
2024,6,浙江吉铭实业有限公司,生产,2206.0
2024,6,江苏创新摩托车制造有限公司,生产,1700.0
2024,6,慈溪金轮机车制造有限公司,生产,1220.0
2024,6,增城市东阳摩托车实业有限公司,生产,2016.0
2024,6,金城集团有限公司,生产,1513.0
2024,6,福建省晋江市三力机车有限公司,生产,0.0
2024,6,江苏林芝山阳集团有限公司,生产,852.0
2024,6,浙江幸福摩托机械有限公司,生产,1452.0
2024,6,重庆恒胜集团有限公司,生产,520.0
2024,6,广州番禺豪剑摩托车工业有限公司,生产,1014.0
2024,6,立峰集团有限公司,生产,479.0
2024,6,江苏新陵摩托车制造有限公司,生产,474.0
2024,6,山东马拉贝斯车业有限公司,生产,131.0
2024,6,洛阳盛江红强摩托车有限公司,生产,299.0
2024,6,浙江日雅摩托车有限公司,生产,970.0
2024,6,上海本菱摩托车制造有限公司,生产,167.0
2024,6,广东大联统摩托车有限公司,生产,230.0
2024,6,浙江黄岩三叶集团有限公司,生产,58.0
2024,6,重庆双庆产业集团有限公司,生产,100.0
2024,6,江苏跃进摩托车制造有限责任公司,生产,59.0
2024,6,广东嘉纳仕科技实业有限公司,生产,0.0
2024,6,广东大福摩托车有限公司,生产,0.0
2024,6,江苏雄风机车有限公司,生产,0.0
2024,6,江门市大长江集团有限公司,销售,149527.0
2024,6,重庆隆鑫机车有限公司,销售,170451.0
2024,6,雅迪科技集团有限公司,销售,167342.0
2024,6,宗申产业集团有限公司,销售,131643.0
2024,6,广东大冶摩托车技术有限公司,销售,71978.0
2024,6,重庆银翔摩托车集团有限公司,销售,51225.0
2024,6,新大洲本田摩托(苏州)有限公司,销售,69122.0
2024,6,洛阳北方企业集团有限公司,销售,55041.0
2024,6,广州豪进摩托车股份有限公司,销售,49979.0
2024,6,五羊-本田摩托（广州）有限公司,销售,46791.0
2024,6,江门市珠峰摩托车有限公司,销售,59580.0
2024,6,广州大运摩托车有限公司,销售,43447.0
2024,6,浙江钱江摩托股份有限公司,销售,46350.0
2024,6,济南轻骑铃木摩托车有限公司,销售,30751.0
2024,6,力帆实业（集团）股份有限公司,销售,28224.0
2024,6,浙江绿源电动车有限公司,销售,28975.0
2024,6,厦门厦杏摩托有限公司,销售,30631.0
2024,6,浙江春风动力股份有限公司,销售,36642.0
2024,6,重庆润通智能装备有限公司,销售,24383.0
2024,6,广州天马集团天马摩托车有限公司,销售,22351.0
2024,6,广州三雅摩托车有限公司,销售,21059.0
2024,6,江苏新日电动车股份有限公司,销售,18863.0
2024,6,重庆银钢科技(集团)有限公司,销售,18902.0
2024,6,重庆鑫源摩托车股份有限公司,销售,23031.0
2024,6,重庆建设机电有限责任公司,销售,21707.0
2024,6,重庆航天巴山摩托车制造有限公司,销售,24644.0
2024,6,珠海珠江车业有限公司,销售,16552.0
2024,6,江苏淮海新能源车辆有限公司,销售,15749.0
2024,6,广东星际机车科技有限公司,销售,17844.0
2024,6,江苏众星摩托有限公司,销售,13402.0
2024,6,常州光阳摩托车有限公司,销售,21331.0
2024,6,山东五星车辆股份有限公司,销售,8308.0
2024,6,鹤山国机南联摩托车工业有限公司,销售,15207.0
2024,6,江门市华龙摩托车有限公司,销售,12835.0
2024,6,台州市王野机车有限责任公司,销售,17486.0
2024,6,山东巴士新能源车业有限公司,销售,6599.0
2024,6,重庆望江摩托车制造有限公司,销售,17837.0
2024,6,宁波市龙嘉动力科技有限公司,销售,16902.0
2024,6,重庆安第斯摩托车制造有限公司,销售,9855.0
2024,6,江门市长华集团有限公司,销售,10374.0
2024,6,济南大隆机车工业有限公司,销售,8796.0
2024,6,金翌车业有限公司,销售,4584.0
2024,6,浙江嘉爵摩托车制造有限公司,销售,11873.0
2024,6,长铃集团长春摩托车工业有限公司,销售,7734.0
2024,6,浙江华洋赛车股份有限公司,销售,14944.0
2024,6,杭州土星动力科技有限公司,销售,10669.0
2024,6,三友控股集团银友摩托车有限公司,销售,4174.0
2024,6,重庆万虎机电有限责任公司,销售,3809.0
2024,6,浙江森铃摩托车有限公司,销售,6353.0
2024,6,济南轻骑摩托车有限公司,销售,4485.0
2024,6,东莞市台铃车业有限公司,销售,5798.0
2024,6,浙江天本车业有限公司,销售,6398.0
2024,6,江门市迪豪摩托车有限公司,销售,5900.0
2024,6,重庆嘉陵工业有限公司,销售,6379.0
2024,6,重庆光宇摩托车制造有限公司,销售,3455.0
2024,6,宁波东方凌云车辆制造有限公司,销售,2878.0
2024,6,重庆新感觉摩托车有限公司,销售,4227.0
2024,6,台州市椒江之威摩托车制造有限公司,销售,3000.0
2024,6,广州福羊科技有限公司,销售,3541.0
2024,6,佛山市佛斯弟摩托车制造有限公司,销售,4536.0
2024,6,康超集团广州摩托车制造有限公司,销售,3045.0
2024,6,宁波市龙嘉摩托车有限公司,销售,2044.0
2024,6,西藏新珠峰摩托车有限公司,销售,3970.0
2024,6,江苏林海动力机械集团有限公司,销售,3221.0
2024,6,宝岛车业集团有限公司,销售,1831.0
2024,6,浙江吉铭实业有限公司,销售,1923.0
2024,6,重庆劲扬摩托车工业有限公司,销售,2965.0
2024,6,广州五羊摩托有限公司,销售,1658.0
2024,6,江苏创新摩托车制造有限公司,销售,1656.0
2024,6,慈溪金轮机车制造有限公司,销售,1222.0
2024,6,金城集团有限公司,销售,1459.0
2024,6,增城市东阳摩托车实业有限公司,销售,2745.0
2024,6,江苏林芝山阳集团有限公司,销售,852.0
2024,6,福建省晋江市三力机车有限公司,销售,0.0
2024,6,浙江幸福摩托机械有限公司,销售,1457.0
2024,6,重庆恒胜集团有限公司,销售,520.0
2024,6,广州番禺豪剑摩托车工业有限公司,销售,1014.0
2024,6,立峰集团有限公司,销售,479.0
2024,6,江苏新陵摩托车制造有限公司,销售,474.0
2024,6,山东马拉贝斯车业有限公司,销售,131.0
2024,6,洛阳盛江红强摩托车有限公司,销售,299.0
2024,6,上海本菱摩托车制造有限公司,销售,167.0
2024,6,广东大联统摩托车有限公司,销售,230.0
2024,6,浙江日雅摩托车有限公司,销售,160.0
2024,6,浙江黄岩三叶集团有限公司,销售,58.0
2024,6,重庆双庆产业集团有限公司,销售,100.0
2024,6,江苏跃进摩托车制造有限责任公司,销售,59.0
2024,6,广东嘉纳仕科技实业有限公司,销售,0.0
2024,6,广东大福摩托车有限公司,销售,0.0
2024,6,江苏雄风机车有限公司,销售,0.0
2024,7,江门市大长江集团有限公司,生产,167344.0
2024,7,重庆隆鑫机车有限公司,生产,174699.0
2024,7,雅迪科技集团有限公司,生产,130129.0
2024,7,宗申产业集团有限公司,生产,126915.0
2024,7,广东大冶摩托车技术有限公司,生产,66355.0
2024,7,新大洲本田摩托(苏州)有限公司,生产,76202.0
2024,7,重庆银翔摩托车集团有限公司,生产,54539.0
2024,7,广州豪进摩托车股份有限公司,生产,68635.0
2024,7,洛阳北方企业集团有限公司,生产,51950.0
2024,7,五羊-本田摩托（广州）有限公司,生产,62529.0
2024,7,江门市珠峰摩托车有限公司,生产,54131.0
2024,7,广州大运摩托车有限公司,生产,44413.0
2024,7,浙江钱江摩托股份有限公司,生产,43795.0
2024,7,浙江绿源电动车有限公司,生产,46445.0
2024,7,力帆实业（集团）股份有限公司,生产,37631.0
2024,7,济南轻骑铃木摩托车有限公司,生产,25897.0
2024,7,厦门厦杏摩托有限公司,生产,26766.0
2024,7,浙江春风动力股份有限公司,生产,31794.0
2024,7,重庆润通智能装备有限公司,生产,37472.0
2024,7,广州天马集团天马摩托车有限公司,生产,22129.0
2024,7,江苏新日电动车股份有限公司,生产,29268.0
2024,7,广州三雅摩托车有限公司,生产,20006.0
2024,7,重庆鑫源摩托车股份有限公司,生产,19805.0
2024,7,重庆建设机电有限责任公司,生产,19545.0
2024,7,重庆银钢科技(集团)有限公司,生产,19009.0
2024,7,重庆航天巴山摩托车制造有限公司,生产,22635.0
2024,7,珠海珠江车业有限公司,生产,21360.0
2024,7,江苏淮海新能源车辆有限公司,生产,18911.0
2024,7,广东星际机车科技有限公司,生产,15205.0
2024,7,常州光阳摩托车有限公司,生产,19702.0
2024,7,江苏众星摩托有限公司,生产,12960.0
2024,7,山东巴士新能源车业有限公司,生产,23565.0
2024,7,鹤山国机南联摩托车工业有限公司,生产,11217.0
2024,7,山东五星车辆股份有限公司,生产,10772.0
2024,7,江门市华龙摩托车有限公司,生产,7320.0
2024,7,台州市王野机车有限责任公司,生产,12914.0
2024,7,重庆望江摩托车制造有限公司,生产,14969.0
2024,7,宁波市龙嘉动力科技有限公司,生产,11486.0
2024,7,重庆安第斯摩托车制造有限公司,生产,7500.0
2024,7,江门市长华集团有限公司,生产,10771.0
2024,7,济南大隆机车工业有限公司,生产,9187.0
2024,7,浙江华洋赛车股份有限公司,生产,7005.0
2024,7,金翌车业有限公司,生产,5400.0
2024,7,长铃集团长春摩托车工业有限公司,生产,10332.0
2024,7,浙江嘉爵摩托车制造有限公司,生产,2458.0
2024,7,杭州土星动力科技有限公司,生产,11410.0
2024,7,浙江森铃摩托车有限公司,生产,7093.0
2024,7,三友控股集团银友摩托车有限公司,生产,3547.0
2024,7,东莞市台铃车业有限公司,生产,6741.0
2024,7,重庆万虎机电有限责任公司,生产,4710.0
2024,7,浙江天本车业有限公司,生产,5765.0
2024,7,江门市迪豪摩托车有限公司,生产,7813.0
2024,7,济南轻骑摩托车有限公司,生产,4002.0
2024,7,重庆嘉陵工业有限公司,生产,4800.0
2024,7,重庆光宇摩托车制造有限公司,生产,3651.0
2024,7,广州福羊科技有限公司,生产,4524.0
2024,7,康超集团广州摩托车制造有限公司,生产,4706.0
2024,7,宁波东方凌云车辆制造有限公司,生产,2812.0
2024,7,台州市椒江之威摩托车制造有限公司,生产,3167.0
2024,7,西藏新珠峰摩托车有限公司,生产,6080.0
2024,7,佛山市佛斯弟摩托车制造有限公司,生产,2817.0
2024,7,重庆新感觉摩托车有限公司,生产,1467.0
2024,7,宁波市龙嘉摩托车有限公司,生产,4552.0
2024,7,江苏林海动力机械集团有限公司,生产,3537.0
2024,7,宝岛车业集团有限公司,生产,2037.0
2024,7,重庆劲扬摩托车工业有限公司,生产,2846.0
2024,7,浙江吉铭实业有限公司,生产,2385.0
2024,7,广州五羊摩托有限公司,生产,1592.0
2024,7,江苏创新摩托车制造有限公司,生产,2000.0
2024,7,慈溪金轮机车制造有限公司,生产,1230.0
2024,7,增城市东阳摩托车实业有限公司,生产,2210.0
2024,7,金城集团有限公司,生产,1472.0
2024,7,江苏林芝山阳集团有限公司,生产,1367.0
2024,7,福建省晋江市三力机车有限公司,生产,1015.0
2024,7,浙江幸福摩托机械有限公司,生产,1584.0
2024,7,广州番禺豪剑摩托车工业有限公司,生产,1014.0
2024,7,重庆恒胜集团有限公司,生产,801.0
2024,7,江苏新陵摩托车制造有限公司,生产,429.0
2024,7,立峰集团有限公司,生产,146.0
2024,7,山东马拉贝斯车业有限公司,生产,227.0
2024,7,浙江日雅摩托车有限公司,生产,179.0
2024,7,洛阳盛江红强摩托车有限公司,生产,156.0
2024,7,广东大联统摩托车有限公司,生产,179.0
2024,7,上海本菱摩托车制造有限公司,生产,106.0
2024,7,浙江黄岩三叶集团有限公司,生产,213.0
2024,7,重庆双庆产业集团有限公司,生产,225.0
2024,7,江苏跃进摩托车制造有限责任公司,生产,78.0
2024,7,广东嘉纳仕科技实业有限公司,生产,0.0
2024,7,广东大福摩托车有限公司,生产,0.0
2024,7,江苏雄风机车有限公司,生产,0.0
2024,7,江门市大长江集团有限公司,销售,165342.0
2024,7,重庆隆鑫机车有限公司,销售,186323.0
2024,7,雅迪科技集团有限公司,销售,147074.0
2024,7,宗申产业集团有限公司,销售,128681.0
2024,7,广东大冶摩托车技术有限公司,销售,66360.0
2024,7,新大洲本田摩托(苏州)有限公司,销售,63544.0
2024,7,重庆银翔摩托车集团有限公司,销售,54539.0
2024,7,洛阳北方企业集团有限公司,销售,52222.0
2024,7,广州豪进摩托车股份有限公司,销售,70231.0
2024,7,五羊-本田摩托（广州）有限公司,销售,56891.0
2024,7,江门市珠峰摩托车有限公司,销售,55339.0
2024,7,广州大运摩托车有限公司,销售,43487.0
2024,7,浙江钱江摩托股份有限公司,销售,40257.0
2024,7,济南轻骑铃木摩托车有限公司,销售,24348.0
2024,7,浙江绿源电动车有限公司,销售,48010.0
2024,7,力帆实业（集团）股份有限公司,销售,41336.0
2024,7,厦门厦杏摩托有限公司,销售,23704.0
2024,7,浙江春风动力股份有限公司,销售,25944.0
2024,7,重庆润通智能装备有限公司,销售,35906.0
2024,7,江苏新日电动车股份有限公司,销售,31882.0
2024,7,广州天马集团天马摩托车有限公司,销售,18991.0
2024,7,广州三雅摩托车有限公司,销售,20009.0
2024,7,重庆建设机电有限责任公司,销售,22545.0
2024,7,重庆鑫源摩托车股份有限公司,销售,20582.0
2024,7,重庆银钢科技(集团)有限公司,销售,19241.0
2024,7,重庆航天巴山摩托车制造有限公司,销售,21253.0
2024,7,珠海珠江车业有限公司,销售,18898.0
2024,7,江苏淮海新能源车辆有限公司,销售,18911.0
2024,7,广东星际机车科技有限公司,销售,15205.0
2024,7,常州光阳摩托车有限公司,销售,20043.0
2024,7,江苏众星摩托有限公司,销售,12920.0
2024,7,山东五星车辆股份有限公司,销售,11222.0
2024,7,鹤山国机南联摩托车工业有限公司,销售,11155.0
2024,7,山东巴士新能源车业有限公司,销售,23184.0
2024,7,江门市华龙摩托车有限公司,销售,10246.0
2024,7,台州市王野机车有限责任公司,销售,12914.0
2024,7,重庆望江摩托车制造有限公司,销售,15507.0
2024,7,江门市长华集团有限公司,销售,10771.0
2024,7,宁波市龙嘉动力科技有限公司,销售,8637.0
2024,7,重庆安第斯摩托车制造有限公司,销售,7500.0
2024,7,济南大隆机车工业有限公司,销售,9184.0
2024,7,金翌车业有限公司,销售,5324.0
2024,7,长铃集团长春摩托车工业有限公司,销售,10332.0
2024,7,浙江嘉爵摩托车制造有限公司,销售,2458.0
2024,7,杭州土星动力科技有限公司,销售,10986.0
2024,7,浙江华洋赛车股份有限公司,销售,8324.0
2024,7,浙江森铃摩托车有限公司,销售,7635.0
2024,7,三友控股集团银友摩托车有限公司,销售,3547.0
2024,7,东莞市台铃车业有限公司,销售,6741.0
2024,7,重庆万虎机电有限责任公司,销售,4439.0
2024,7,江门市迪豪摩托车有限公司,销售,8026.0
2024,7,浙江天本车业有限公司,销售,5765.0
2024,7,济南轻骑摩托车有限公司,销售,3092.0
2024,7,重庆嘉陵工业有限公司,销售,5053.0
2024,7,重庆光宇摩托车制造有限公司,销售,3651.0
2024,7,广州福羊科技有限公司,销售,4524.0
2024,7,宁波东方凌云车辆制造有限公司,销售,2814.0
2024,7,康超集团广州摩托车制造有限公司,销售,4469.0
2024,7,台州市椒江之威摩托车制造有限公司,销售,3200.0
2024,7,重庆新感觉摩托车有限公司,销售,2303.0
2024,7,西藏新珠峰摩托车有限公司,销售,6080.0
2024,7,佛山市佛斯弟摩托车制造有限公司,销售,2817.0
2024,7,宁波市龙嘉摩托车有限公司,销售,4640.0
2024,7,宝岛车业集团有限公司,销售,2037.0
2024,7,江苏林海动力机械集团有限公司,销售,1672.0
2024,7,浙江吉铭实业有限公司,销售,2269.0
2024,7,重庆劲扬摩托车工业有限公司,销售,2846.0
2024,7,广州五羊摩托有限公司,销售,1496.0
2024,7,江苏创新摩托车制造有限公司,销售,2018.0
2024,7,慈溪金轮机车制造有限公司,销售,1224.0
2024,7,金城集团有限公司,销售,1285.0
2024,7,增城市东阳摩托车实业有限公司,销售,1484.0
2024,7,江苏林芝山阳集团有限公司,销售,1367.0
2024,7,福建省晋江市三力机车有限公司,销售,1015.0
2024,7,浙江幸福摩托机械有限公司,销售,1586.0
2024,7,广州番禺豪剑摩托车工业有限公司,销售,1014.0
2024,7,重庆恒胜集团有限公司,销售,801.0
2024,7,江苏新陵摩托车制造有限公司,销售,429.0
2024,7,山东马拉贝斯车业有限公司,销售,227.0
2024,7,立峰集团有限公司,销售,91.0
2024,7,洛阳盛江红强摩托车有限公司,销售,156.0
2024,7,浙江日雅摩托车有限公司,销售,516.0
2024,7,广东大联统摩托车有限公司,销售,179.0
2024,7,上海本菱摩托车制造有限公司,销售,106.0
2024,7,浙江黄岩三叶集团有限公司,销售,256.0
2024,7,重庆双庆产业集团有限公司,销售,225.0
2024,7,江苏跃进摩托车制造有限责任公司,销售,78.0
2024,7,广东嘉纳仕科技实业有限公司,销售,0.0
2024,7,广东大福摩托车有限公司,销售,0.0
2024,7,江苏雄风机车有限公司,销售,0.0
2024,8,江门市大长江集团有限公司,生产,178037.0
2024,8,重庆隆鑫机车有限公司,生产,165591.0
2024,8,雅迪科技集团有限公司,生产,140631.0
2024,8,宗申产业集团有限公司,生产,128103.0
2024,8,广东大冶摩托车技术有限公司,生产,60300.0
2024,8,新大洲本田摩托(苏州)有限公司,生产,72245.0
2024,8,广州豪进摩托车股份有限公司,生产,65991.0
2024,8,重庆银翔摩托车集团有限公司,生产,34638.0
2024,8,洛阳北方企业集团有限公司,生产,51848.0
2024,8,五羊-本田摩托（广州）有限公司,生产,54962.0
2024,8,江门市珠峰摩托车有限公司,生产,37075.0
2024,8,广州大运摩托车有限公司,生产,40414.0
2024,8,浙江钱江摩托股份有限公司,生产,38063.0
2024,8,浙江绿源电动车有限公司,生产,39165.0
2024,8,力帆实业（集团）股份有限公司,生产,47142.0
2024,8,济南轻骑铃木摩托车有限公司,生产,24408.0
2024,8,厦门厦杏摩托有限公司,生产,25870.0
2024,8,浙江春风动力股份有限公司,生产,33510.0
2024,8,重庆润通智能装备有限公司,生产,26449.0
2024,8,江苏新日电动车股份有限公司,生产,29968.0
2024,8,广州天马集团天马摩托车有限公司,生产,21266.0
2024,8,广州三雅摩托车有限公司,生产,20395.0
2024,8,重庆航天巴山摩托车制造有限公司,生产,25357.0
2024,8,重庆鑫源摩托车股份有限公司,生产,21918.0
2024,8,重庆银钢科技(集团)有限公司,生产,19313.0
2024,8,重庆建设机电有限责任公司,生产,17087.0
2024,8,珠海珠江车业有限公司,生产,20114.0
2024,8,江苏淮海新能源车辆有限公司,生产,19594.0
2024,8,广东星际机车科技有限公司,生产,14153.0
2024,8,常州光阳摩托车有限公司,生产,14015.0
2024,8,江苏众星摩托有限公司,生产,13546.0
2024,8,山东巴士新能源车业有限公司,生产,21731.0
2024,8,鹤山国机南联摩托车工业有限公司,生产,16884.0
2024,8,江门市华龙摩托车有限公司,生产,12696.0
2024,8,台州市王野机车有限责任公司,生产,12787.0
2024,8,山东五星车辆股份有限公司,生产,9104.0
2024,8,重庆望江摩托车制造有限公司,生产,9368.0
2024,8,宁波市龙嘉动力科技有限公司,生产,8594.0
2024,8,重庆安第斯摩托车制造有限公司,生产,10861.0
2024,8,济南大隆机车工业有限公司,生产,11201.0
2024,8,江门市长华集团有限公司,生产,7155.0
2024,8,浙江华洋赛车股份有限公司,生产,7501.0
2024,8,长铃集团长春摩托车工业有限公司,生产,9431.0
2024,8,金翌车业有限公司,生产,4145.0
2024,8,杭州土星动力科技有限公司,生产,12091.0
2024,8,浙江嘉爵摩托车制造有限公司,生产,8407.0
2024,8,浙江森铃摩托车有限公司,生产,4155.0
2024,8,东莞市台铃车业有限公司,生产,6566.0
2024,8,江门市迪豪摩托车有限公司,生产,7173.0
2024,8,重庆万虎机电有限责任公司,生产,5106.0
2024,8,三友控股集团银友摩托车有限公司,生产,3833.0
2024,8,浙江天本车业有限公司,生产,5440.0
2024,8,济南轻骑摩托车有限公司,生产,2587.0
2024,8,重庆嘉陵工业有限公司,生产,6480.0
2024,8,康超集团广州摩托车制造有限公司,生产,8496.0
2024,8,重庆光宇摩托车制造有限公司,生产,3787.0
2024,8,西藏新珠峰摩托车有限公司,生产,6380.0
2024,8,广州福羊科技有限公司,生产,3553.0
2024,8,宁波东方凌云车辆制造有限公司,生产,3164.0
2024,8,台州市椒江之威摩托车制造有限公司,生产,3068.0
2024,8,佛山市佛斯弟摩托车制造有限公司,生产,3342.0
2024,8,重庆新感觉摩托车有限公司,生产,3360.0
2024,8,宁波市龙嘉摩托车有限公司,生产,3977.0
2024,8,江苏林海动力机械集团有限公司,生产,1806.0
2024,8,宝岛车业集团有限公司,生产,2007.0
2024,8,重庆劲扬摩托车工业有限公司,生产,1659.0
2024,8,浙江吉铭实业有限公司,生产,2078.0
2024,8,广州五羊摩托有限公司,生产,1686.0
2024,8,江苏创新摩托车制造有限公司,生产,2250.0
2024,8,增城市东阳摩托车实业有限公司,生产,3552.0
2024,8,慈溪金轮机车制造有限公司,生产,1292.0
2024,8,金城集团有限公司,生产,1114.0
2024,8,福建省晋江市三力机车有限公司,生产,1313.0
2024,8,江苏林芝山阳集团有限公司,生产,1068.0
2024,8,浙江幸福摩托机械有限公司,生产,1487.0
2024,8,广州番禺豪剑摩托车工业有限公司,生产,804.0
2024,8,重庆恒胜集团有限公司,生产,779.0
2024,8,江苏新陵摩托车制造有限公司,生产,789.0
2024,8,浙江日雅摩托车有限公司,生产,360.0
2024,8,山东马拉贝斯车业有限公司,生产,162.0
2024,8,立峰集团有限公司,生产,78.0
2024,8,上海本菱摩托车制造有限公司,生产,488.0
2024,8,洛阳盛江红强摩托车有限公司,生产,154.0
2024,8,浙江黄岩三叶集团有限公司,生产,352.0
2024,8,广东大联统摩托车有限公司,生产,79.0
2024,8,重庆双庆产业集团有限公司,生产,450.0
2024,8,江苏跃进摩托车制造有限责任公司,生产,86.0
2024,8,广东嘉纳仕科技实业有限公司,生产,0.0
2024,8,广东大福摩托车有限公司,生产,0.0
2024,8,江苏雄风机车有限公司,生产,0.0
2024,8,江门市大长江集团有限公司,销售,171569.0
2024,8,重庆隆鑫机车有限公司,销售,157565.0
2024,8,雅迪科技集团有限公司,销售,151492.0
2024,8,宗申产业集团有限公司,销售,121234.0
2024,8,广东大冶摩托车技术有限公司,销售,60243.0
2024,8,新大洲本田摩托(苏州)有限公司,销售,64999.0
2024,8,重庆银翔摩托车集团有限公司,销售,34638.0
2024,8,广州豪进摩托车股份有限公司,销售,61058.0
2024,8,洛阳北方企业集团有限公司,销售,50874.0
2024,8,五羊-本田摩托（广州）有限公司,销售,55998.0
2024,8,江门市珠峰摩托车有限公司,销售,36852.0
2024,8,广州大运摩托车有限公司,销售,41154.0
2024,8,浙江钱江摩托股份有限公司,销售,34480.0
2024,8,力帆实业（集团）股份有限公司,销售,41838.0
2024,8,浙江绿源电动车有限公司,销售,38576.0
2024,8,济南轻骑铃木摩托车有限公司,销售,24472.0
2024,8,厦门厦杏摩托有限公司,销售,27200.0
2024,8,浙江春风动力股份有限公司,销售,28995.0
2024,8,重庆润通智能装备有限公司,销售,28027.0
2024,8,江苏新日电动车股份有限公司,销售,28384.0
2024,8,广州天马集团天马摩托车有限公司,销售,24049.0
2024,8,广州三雅摩托车有限公司,销售,20405.0
2024,8,重庆航天巴山摩托车制造有限公司,销售,25866.0
2024,8,重庆鑫源摩托车股份有限公司,销售,22853.0
2024,8,重庆银钢科技(集团)有限公司,销售,19201.0
2024,8,重庆建设机电有限责任公司,销售,16021.0
2024,8,珠海珠江车业有限公司,销售,21516.0
2024,8,江苏淮海新能源车辆有限公司,销售,19594.0
2024,8,广东星际机车科技有限公司,销售,14153.0
2024,8,常州光阳摩托车有限公司,销售,13349.0
2024,8,江苏众星摩托有限公司,销售,13504.0
2024,8,山东巴士新能源车业有限公司,销售,20561.0
2024,8,鹤山国机南联摩托车工业有限公司,销售,17225.0
2024,8,江门市华龙摩托车有限公司,销售,14377.0
2024,8,山东五星车辆股份有限公司,销售,9627.0
2024,8,台州市王野机车有限责任公司,销售,12787.0
2024,8,重庆望江摩托车制造有限公司,销售,9924.0
2024,8,重庆安第斯摩托车制造有限公司,销售,9266.0
2024,8,宁波市龙嘉动力科技有限公司,销售,9016.0
2024,8,江门市长华集团有限公司,销售,7155.0
2024,8,济南大隆机车工业有限公司,销售,11183.0
2024,8,长铃集团长春摩托车工业有限公司,销售,9431.0
2024,8,金翌车业有限公司,销售,4367.0
2024,8,杭州土星动力科技有限公司,销售,12159.0
2024,8,浙江嘉爵摩托车制造有限公司,销售,8407.0
2024,8,浙江华洋赛车股份有限公司,销售,8488.0
2024,8,浙江森铃摩托车有限公司,销售,4757.0
2024,8,东莞市台铃车业有限公司,销售,6566.0
2024,8,江门市迪豪摩托车有限公司,销售,5856.0
2024,8,重庆万虎机电有限责任公司,销售,5206.0
2024,8,三友控股集团银友摩托车有限公司,销售,3833.0
2024,8,浙江天本车业有限公司,销售,5440.0
2024,8,济南轻骑摩托车有限公司,销售,3410.0
2024,8,重庆嘉陵工业有限公司,销售,5808.0
2024,8,康超集团广州摩托车制造有限公司,销售,8734.0
2024,8,重庆光宇摩托车制造有限公司,销售,3787.0
2024,8,西藏新珠峰摩托车有限公司,销售,6380.0
2024,8,广州福羊科技有限公司,销售,3553.0
2024,8,宁波东方凌云车辆制造有限公司,销售,3118.0
2024,8,台州市椒江之威摩托车制造有限公司,销售,3070.0
2024,8,宁波市龙嘉摩托车有限公司,销售,4655.0
2024,8,重庆新感觉摩托车有限公司,销售,2980.0
2024,8,佛山市佛斯弟摩托车制造有限公司,销售,3342.0
2024,8,宝岛车业集团有限公司,销售,2007.0
2024,8,江苏林海动力机械集团有限公司,销售,2121.0
2024,8,浙江吉铭实业有限公司,销售,2562.0
2024,8,重庆劲扬摩托车工业有限公司,销售,1659.0
2024,8,广州五羊摩托有限公司,销售,1792.0
2024,8,江苏创新摩托车制造有限公司,销售,2241.0
2024,8,慈溪金轮机车制造有限公司,销售,1294.0
2024,8,增城市东阳摩托车实业有限公司,销售,2556.0
2024,8,金城集团有限公司,销售,1172.0
2024,8,江苏林芝山阳集团有限公司,销售,1068.0
2024,8,浙江幸福摩托机械有限公司,销售,1480.0
2024,8,福建省晋江市三力机车有限公司,销售,1313.0
2024,8,广州番禺豪剑摩托车工业有限公司,销售,804.0
2024,8,重庆恒胜集团有限公司,销售,779.0
2024,8,江苏新陵摩托车制造有限公司,销售,789.0
2024,8,浙江日雅摩托车有限公司,销售,914.0
2024,8,山东马拉贝斯车业有限公司,销售,162.0
2024,8,立峰集团有限公司,销售,78.0
2024,8,上海本菱摩托车制造有限公司,销售,488.0
2024,8,洛阳盛江红强摩托车有限公司,销售,154.0
2024,8,浙江黄岩三叶集团有限公司,销售,366.0
2024,8,广东大联统摩托车有限公司,销售,79.0
2024,8,重庆双庆产业集团有限公司,销售,450.0
2024,8,江苏跃进摩托车制造有限责任公司,销售,86.0
2024,8,广东嘉纳仕科技实业有限公司,销售,0.0
2024,8,广东大福摩托车有限公司,销售,0.0
2024,8,江苏雄风机车有限公司,销售,0.0
2024,9,江门市大长江集团有限公司,生产,170587.0
2024,9,重庆隆鑫机车有限公司,生产,165568.0
2024,9,雅迪科技集团有限公司,生产,135395.0
2024,9,宗申产业集团有限公司,生产,139990.0
2024,9,广东大冶摩托车技术有限公司,生产,86298.0
2024,9,新大洲本田摩托(苏州)有限公司,生产,72876.0
2024,9,广州豪进摩托车股份有限公司,生产,69856.0
2024,9,重庆银翔摩托车集团有限公司,生产,47850.0
2024,9,洛阳北方企业集团有限公司,生产,43775.0
2024,9,五羊-本田摩托（广州）有限公司,生产,51240.0
2024,9,江门市珠峰摩托车有限公司,生产,38445.0
2024,9,广州大运摩托车有限公司,生产,39375.0
2024,9,浙江钱江摩托股份有限公司,生产,36068.0
2024,9,浙江绿源电动车有限公司,生产,40979.0
2024,9,力帆实业（集团）股份有限公司,生产,28440.0
2024,9,济南轻骑铃木摩托车有限公司,生产,28546.0
2024,9,浙江春风动力股份有限公司,生产,37122.0
2024,9,厦门厦杏摩托有限公司,生产,24751.0
2024,9,重庆润通智能装备有限公司,生产,24580.0
2024,9,江苏新日电动车股份有限公司,生产,36277.0
2024,9,广州天马集团天马摩托车有限公司,生产,21028.0
2024,9,广州三雅摩托车有限公司,生产,21619.0
2024,9,重庆航天巴山摩托车制造有限公司,生产,27237.0
2024,9,重庆鑫源摩托车股份有限公司,生产,20043.0
2024,9,珠海珠江车业有限公司,生产,20690.0
2024,9,重庆建设机电有限责任公司,生产,18477.0
2024,9,重庆银钢科技(集团)有限公司,生产,17530.0
2024,9,江苏淮海新能源车辆有限公司,生产,16287.0
2024,9,广东星际机车科技有限公司,生产,17340.0
2024,9,山东巴士新能源车业有限公司,生产,17114.0
2024,9,江苏众星摩托有限公司,生产,13846.0
2024,9,常州光阳摩托车有限公司,生产,10351.0
2024,9,鹤山国机南联摩托车工业有限公司,生产,13542.0
2024,9,台州市王野机车有限责任公司,生产,14481.0
2024,9,江门市华龙摩托车有限公司,生产,10676.0
2024,9,重庆望江摩托车制造有限公司,生产,16263.0
2024,9,山东五星车辆股份有限公司,生产,12636.0
2024,9,重庆安第斯摩托车制造有限公司,生产,14082.0
2024,9,宁波市龙嘉动力科技有限公司,生产,6313.0
2024,9,济南大隆机车工业有限公司,生产,12348.0
2024,9,江门市长华集团有限公司,生产,9984.0
2024,9,长铃集团长春摩托车工业有限公司,生产,7344.0
2024,9,杭州土星动力科技有限公司,生产,10373.0
2024,9,浙江华洋赛车股份有限公司,生产,4386.0
2024,9,金翌车业有限公司,生产,4300.0
2024,9,浙江嘉爵摩托车制造有限公司,生产,4657.0
2024,9,东莞市台铃车业有限公司,生产,8285.0
2024,9,浙江森铃摩托车有限公司,生产,5811.0
2024,9,浙江天本车业有限公司,生产,6984.0
2024,9,重庆万虎机电有限责任公司,生产,5605.0
2024,9,江门市迪豪摩托车有限公司,生产,5090.0
2024,9,三友控股集团银友摩托车有限公司,生产,5116.0
2024,9,康超集团广州摩托车制造有限公司,生产,9981.0
2024,9,重庆嘉陵工业有限公司,生产,7756.0
2024,9,济南轻骑摩托车有限公司,生产,3719.0
2024,9,西藏新珠峰摩托车有限公司,生产,6030.0
2024,9,重庆光宇摩托车制造有限公司,生产,5260.0
2024,9,广州福羊科技有限公司,生产,6200.0
2024,9,宁波市龙嘉摩托车有限公司,生产,6360.0
2024,9,台州市椒江之威摩托车制造有限公司,生产,3348.0
2024,9,宁波东方凌云车辆制造有限公司,生产,2987.0
2024,9,佛山市佛斯弟摩托车制造有限公司,生产,4259.0
2024,9,重庆新感觉摩托车有限公司,生产,2117.0
2024,9,宝岛车业集团有限公司,生产,3024.0
2024,9,江苏林海动力机械集团有限公司,生产,1833.0
2024,9,重庆劲扬摩托车工业有限公司,生产,2432.0
2024,9,浙江吉铭实业有限公司,生产,2195.0
2024,9,江苏创新摩托车制造有限公司,生产,2350.0
2024,9,广州五羊摩托有限公司,生产,1862.0
2024,9,增城市东阳摩托车实业有限公司,生产,2123.0
2024,9,慈溪金轮机车制造有限公司,生产,1718.0
2024,9,金城集团有限公司,生产,1063.0
2024,9,浙江幸福摩托机械有限公司,生产,1658.0
2024,9,福建省晋江市三力机车有限公司,生产,1312.0
2024,9,江苏林芝山阳集团有限公司,生产,1065.0
2024,9,广州番禺豪剑摩托车工业有限公司,生产,1014.0
2024,9,重庆恒胜集团有限公司,生产,768.0
2024,9,江苏新陵摩托车制造有限公司,生产,310.0
2024,9,浙江日雅摩托车有限公司,生产,438.0
2024,9,山东马拉贝斯车业有限公司,生产,300.0
2024,9,上海本菱摩托车制造有限公司,生产,340.0
2024,9,洛阳盛江红强摩托车有限公司,生产,237.0
2024,9,立峰集团有限公司,生产,79.0
2024,9,浙江黄岩三叶集团有限公司,生产,290.0
2024,9,广东大联统摩托车有限公司,生产,141.0
2024,9,重庆双庆产业集团有限公司,生产,270.0
2024,9,江苏跃进摩托车制造有限责任公司,生产,62.0
2024,9,广东嘉纳仕科技实业有限公司,生产,0.0
2024,9,广东大福摩托车有限公司,生产,0.0
2024,9,江苏雄风机车有限公司,生产,0.0
2024,9,江门市大长江集团有限公司,销售,187338.0
2024,9,重庆隆鑫机车有限公司,销售,168734.0
2024,9,雅迪科技集团有限公司,销售,140262.0
2024,9,宗申产业集团有限公司,销售,142174.0
2024,9,广东大冶摩托车技术有限公司,销售,86296.0
2024,9,新大洲本田摩托(苏州)有限公司,销售,67455.0
2024,9,广州豪进摩托车股份有限公司,销售,72856.0
2024,9,重庆银翔摩托车集团有限公司,销售,47550.0
2024,9,洛阳北方企业集团有限公司,销售,45353.0
2024,9,五羊-本田摩托（广州）有限公司,销售,55142.0
2024,9,江门市珠峰摩托车有限公司,销售,37345.0
2024,9,广州大运摩托车有限公司,销售,40282.0
2024,9,浙江钱江摩托股份有限公司,销售,47798.0
2024,9,浙江绿源电动车有限公司,销售,40866.0
2024,9,力帆实业（集团）股份有限公司,销售,35992.0
2024,9,济南轻骑铃木摩托车有限公司,销售,28927.0
2024,9,厦门厦杏摩托有限公司,销售,24205.0
2024,9,浙江春风动力股份有限公司,销售,34378.0
2024,9,重庆润通智能装备有限公司,销售,24892.0
2024,9,江苏新日电动车股份有限公司,销售,38674.0
2024,9,广州天马集团天马摩托车有限公司,销售,27205.0
2024,9,广州三雅摩托车有限公司,销售,21692.0
2024,9,重庆航天巴山摩托车制造有限公司,销售,27531.0
2024,9,重庆鑫源摩托车股份有限公司,销售,20196.0
2024,9,重庆建设机电有限责任公司,销售,19212.0
2024,9,重庆银钢科技(集团)有限公司,销售,17323.0
2024,9,珠海珠江车业有限公司,销售,19158.0
2024,9,江苏淮海新能源车辆有限公司,销售,16287.0
2024,9,广东星际机车科技有限公司,销售,17340.0
2024,9,常州光阳摩托车有限公司,销售,12629.0
2024,9,江苏众星摩托有限公司,销售,13803.0
2024,9,山东巴士新能源车业有限公司,销售,16348.0
2024,9,鹤山国机南联摩托车工业有限公司,销售,13561.0
2024,9,江门市华龙摩托车有限公司,销售,12237.0
2024,9,山东五星车辆股份有限公司,销售,12345.0
2024,9,台州市王野机车有限责任公司,销售,14481.0
2024,9,重庆望江摩托车制造有限公司,销售,15473.0
2024,9,济南大隆机车工业有限公司,销售,12412.0
2024,9,重庆安第斯摩托车制造有限公司,销售,11055.0
2024,9,江门市长华集团有限公司,销售,9984.0
2024,9,宁波市龙嘉动力科技有限公司,销售,7277.0
2024,9,长铃集团长春摩托车工业有限公司,销售,7344.0
2024,9,杭州土星动力科技有限公司,销售,9933.0
2024,9,金翌车业有限公司,销售,4251.0
2024,9,浙江嘉爵摩托车制造有限公司,销售,4657.0
2024,9,浙江华洋赛车股份有限公司,销售,3556.0
2024,9,东莞市台铃车业有限公司,销售,8285.0
2024,9,浙江森铃摩托车有限公司,销售,5914.0
2024,9,浙江天本车业有限公司,销售,6984.0
2024,9,江门市迪豪摩托车有限公司,销售,4884.0
2024,9,重庆万虎机电有限责任公司,销售,5206.0
2024,9,三友控股集团银友摩托车有限公司,销售,5116.0
2024,9,康超集团广州摩托车制造有限公司,销售,9981.0
2024,9,济南轻骑摩托车有限公司,销售,4138.0
2024,9,重庆嘉陵工业有限公司,销售,7298.0
2024,9,西藏新珠峰摩托车有限公司,销售,6030.0
2024,9,重庆光宇摩托车制造有限公司,销售,5260.0
2024,9,广州福羊科技有限公司,销售,6200.0
2024,9,宁波市龙嘉摩托车有限公司,销售,4976.0
2024,9,宁波东方凌云车辆制造有限公司,销售,2947.0
2024,9,台州市椒江之威摩托车制造有限公司,销售,3305.0
2024,9,佛山市佛斯弟摩托车制造有限公司,销售,4259.0
2024,9,重庆新感觉摩托车有限公司,销售,1926.0
2024,9,宝岛车业集团有限公司,销售,3024.0
2024,9,江苏林海动力机械集团有限公司,销售,1811.0
2024,9,浙江吉铭实业有限公司,销售,1810.0
2024,9,重庆劲扬摩托车工业有限公司,销售,2432.0
2024,9,广州五羊摩托有限公司,销售,2567.0
2024,9,江苏创新摩托车制造有限公司,销售,2336.0
2024,9,慈溪金轮机车制造有限公司,销售,1722.0
2024,9,增城市东阳摩托车实业有限公司,销售,3420.0
2024,9,金城集团有限公司,销售,1171.0
2024,9,浙江幸福摩托机械有限公司,销售,1611.0
2024,9,福建省晋江市三力机车有限公司,销售,1312.0
2024,9,江苏林芝山阳集团有限公司,销售,1065.0
2024,9,广州番禺豪剑摩托车工业有限公司,销售,1014.0
2024,9,重庆恒胜集团有限公司,销售,768.0
2024,9,江苏新陵摩托车制造有限公司,销售,310.0
2024,9,浙江日雅摩托车有限公司,销售,94.0
2024,9,山东马拉贝斯车业有限公司,销售,300.0
2024,9,上海本菱摩托车制造有限公司,销售,340.0
2024,9,洛阳盛江红强摩托车有限公司,销售,237.0
2024,9,立峰集团有限公司,销售,79.0
2024,9,浙江黄岩三叶集团有限公司,销售,300.0
2024,9,广东大联统摩托车有限公司,销售,141.0
2024,9,重庆双庆产业集团有限公司,销售,270.0
2024,9,江苏跃进摩托车制造有限责任公司,销售,62.0
2024,9,广东嘉纳仕科技实业有限公司,销售,0.0
2024,9,广东大福摩托车有限公司,销售,0.0
2024,9,江苏雄风机车有限公司,销售,0.0
2024,10,江门市大长江集团有限公司,生产,154163.0
2024,10,重庆隆鑫机车有限公司,生产,159707.0
2024,10,宗申产业集团有限公司,生产,139380.0
2024,10,雅迪科技集团有限公司,生产,46129.0
2024,10,广东大冶摩托车技术有限公司,生产,75062.0
2024,10,新大洲本田摩托(苏州)有限公司,生产,65422.0
2024,10,广州豪进摩托车股份有限公司,生产,54493.0
2024,10,重庆银翔摩托车集团有限公司,生产,40657.0
2024,10,五羊-本田摩托（广州）有限公司,生产,55713.0
2024,10,洛阳北方企业集团有限公司,生产,45563.0
2024,10,江门市珠峰摩托车有限公司,生产,27397.0
2024,10,广州大运摩托车有限公司,生产,41512.0
2024,10,浙江钱江摩托股份有限公司,生产,31019.0
2024,10,浙江绿源电动车有限公司,生产,46277.0
2024,10,力帆实业（集团）股份有限公司,生产,30762.0
2024,10,浙江春风动力股份有限公司,生产,34729.0
2024,10,济南轻骑铃木摩托车有限公司,生产,22353.0
2024,10,厦门厦杏摩托有限公司,生产,25184.0
2024,10,重庆润通智能装备有限公司,生产,28220.0
2024,10,江苏新日电动车股份有限公司,生产,20838.0
2024,10,广州天马集团天马摩托车有限公司,生产,21008.0
2024,10,重庆航天巴山摩托车制造有限公司,生产,26085.0
2024,10,广州三雅摩托车有限公司,生产,18184.0
2024,10,重庆鑫源摩托车股份有限公司,生产,23002.0
2024,10,珠海珠江车业有限公司,生产,18204.0
2024,10,重庆银钢科技(集团)有限公司,生产,16712.0
2024,10,重庆建设机电有限责任公司,生产,14295.0
2024,10,江苏淮海新能源车辆有限公司,生产,19959.0
2024,10,广东星际机车科技有限公司,生产,26423.0
2024,10,山东巴士新能源车业有限公司,生产,17664.0
2024,10,江苏众星摩托有限公司,生产,14132.0
2024,10,鹤山国机南联摩托车工业有限公司,生产,16033.0
2024,10,常州光阳摩托车有限公司,生产,6740.0
2024,10,台州市王野机车有限责任公司,生产,15310.0
2024,10,重庆望江摩托车制造有限公司,生产,16275.0
2024,10,山东五星车辆股份有限公司,生产,12473.0
2024,10,江门市华龙摩托车有限公司,生产,7075.0
2024,10,重庆安第斯摩托车制造有限公司,生产,16058.0
2024,10,济南大隆机车工业有限公司,生产,8268.0
2024,10,宁波市龙嘉动力科技有限公司,生产,3694.0
2024,10,江门市长华集团有限公司,生产,4241.0
2024,10,长铃集团长春摩托车工业有限公司,生产,6780.0
2024,10,杭州土星动力科技有限公司,生产,5635.0
2024,10,浙江华洋赛车股份有限公司,生产,2681.0
2024,10,金翌车业有限公司,生产,3400.0
2024,10,浙江嘉爵摩托车制造有限公司,生产,1630.0
2024,10,东莞市台铃车业有限公司,生产,7264.0
2024,10,浙江森铃摩托车有限公司,生产,4460.0
2024,10,浙江天本车业有限公司,生产,6587.0
2024,10,江门市迪豪摩托车有限公司,生产,5789.0
2024,10,重庆万虎机电有限责任公司,生产,4257.0
2024,10,三友控股集团银友摩托车有限公司,生产,3853.0
2024,10,重庆嘉陵工业有限公司,生产,8419.0
2024,10,康超集团广州摩托车制造有限公司,生产,4840.0
2024,10,济南轻骑摩托车有限公司,生产,2914.0
2024,10,西藏新珠峰摩托车有限公司,生产,5115.0
2024,10,重庆光宇摩托车制造有限公司,生产,5192.0
2024,10,广州福羊科技有限公司,生产,4948.0
2024,10,宁波市龙嘉摩托车有限公司,生产,7477.0
2024,10,台州市椒江之威摩托车制造有限公司,生产,2995.0
2024,10,宁波东方凌云车辆制造有限公司,生产,2075.0
2024,10,佛山市佛斯弟摩托车制造有限公司,生产,1616.0
2024,10,宝岛车业集团有限公司,生产,7748.0
2024,10,重庆新感觉摩托车有限公司,生产,2858.0
2024,10,江苏创新摩托车制造有限公司,生产,7350.0
2024,10,重庆劲扬摩托车工业有限公司,生产,3217.0
2024,10,江苏林海动力机械集团有限公司,生产,68.0
2024,10,广州五羊摩托有限公司,生产,2146.0
2024,10,浙江吉铭实业有限公司,生产,1007.0
2024,10,增城市东阳摩托车实业有限公司,生产,1680.0
2024,10,慈溪金轮机车制造有限公司,生产,1075.0
2024,10,金城集团有限公司,生产,1620.0
2024,10,浙江幸福摩托机械有限公司,生产,1777.0
2024,10,福建省晋江市三力机车有限公司,生产,1352.0
2024,10,江苏林芝山阳集团有限公司,生产,819.0
2024,10,广州番禺豪剑摩托车工业有限公司,生产,804.0
2024,10,重庆恒胜集团有限公司,生产,892.0
2024,10,江苏新陵摩托车制造有限公司,生产,384.0
2024,10,浙江日雅摩托车有限公司,生产,67.0
2024,10,山东马拉贝斯车业有限公司,生产,178.0
2024,10,洛阳盛江红强摩托车有限公司,生产,169.0
2024,10,立峰集团有限公司,生产,143.0
2024,10,浙江黄岩三叶集团有限公司,生产,120.0
2024,10,广东大联统摩托车有限公司,生产,120.0
2024,10,重庆双庆产业集团有限公司,生产,141.0
2024,10,江苏跃进摩托车制造有限责任公司,生产,79.0
2024,10,广东嘉纳仕科技实业有限公司,生产,0.0
2024,10,广东大福摩托车有限公司,生产,0.0
2024,10,上海本菱摩托车制造有限公司,生产,0.0
2024,10,江苏雄风机车有限公司,生产,0.0
2024,10,江门市大长江集团有限公司,销售,157899.0
2024,10,重庆隆鑫机车有限公司,销售,156144.0
2024,10,雅迪科技集团有限公司,销售,46735.0
2024,10,宗申产业集团有限公司,销售,140653.0
2024,10,广东大冶摩托车技术有限公司,销售,74875.0
2024,10,新大洲本田摩托(苏州)有限公司,销售,68825.0
2024,10,广州豪进摩托车股份有限公司,销售,46059.0
2024,10,重庆银翔摩托车集团有限公司,销售,40957.0
2024,10,洛阳北方企业集团有限公司,销售,45711.0
2024,10,五羊-本田摩托（广州）有限公司,销售,55540.0
2024,10,江门市珠峰摩托车有限公司,销售,28102.0
2024,10,广州大运摩托车有限公司,销售,40396.0
2024,10,浙江钱江摩托股份有限公司,销售,24289.0
2024,10,浙江绿源电动车有限公司,销售,46256.0
2024,10,力帆实业（集团）股份有限公司,销售,29442.0
2024,10,济南轻骑铃木摩托车有限公司,销售,22840.0
2024,10,厦门厦杏摩托有限公司,销售,25083.0
2024,10,浙江春风动力股份有限公司,销售,26523.0
2024,10,重庆润通智能装备有限公司,销售,26927.0
2024,10,江苏新日电动车股份有限公司,销售,16336.0
2024,10,广州天马集团天马摩托车有限公司,销售,16763.0
2024,10,重庆航天巴山摩托车制造有限公司,销售,26167.0
2024,10,广州三雅摩托车有限公司,销售,17979.0
2024,10,重庆鑫源摩托车股份有限公司,销售,24349.0
2024,10,重庆银钢科技(集团)有限公司,销售,16756.0
2024,10,重庆建设机电有限责任公司,销售,14228.0
2024,10,珠海珠江车业有限公司,销售,16760.0
2024,10,江苏淮海新能源车辆有限公司,销售,19959.0
2024,10,广东星际机车科技有限公司,销售,26423.0
2024,10,山东巴士新能源车业有限公司,销售,18526.0
2024,10,江苏众星摩托有限公司,销售,14088.0
2024,10,鹤山国机南联摩托车工业有限公司,销售,16079.0
2024,10,常州光阳摩托车有限公司,销售,7153.0
2024,10,台州市王野机车有限责任公司,销售,15310.0
2024,10,山东五星车辆股份有限公司,销售,12002.0
2024,10,江门市华龙摩托车有限公司,销售,9074.0
2024,10,重庆望江摩托车制造有限公司,销售,16896.0
2024,10,重庆安第斯摩托车制造有限公司,销售,16550.0
2024,10,济南大隆机车工业有限公司,销售,8268.0
2024,10,宁波市龙嘉动力科技有限公司,销售,7823.0
2024,10,江门市长华集团有限公司,销售,4241.0
2024,10,长铃集团长春摩托车工业有限公司,销售,6780.0
2024,10,杭州土星动力科技有限公司,销售,4358.0
2024,10,金翌车业有限公司,销售,3348.0
2024,10,浙江嘉爵摩托车制造有限公司,销售,1630.0
2024,10,浙江华洋赛车股份有限公司,销售,3170.0
2024,10,东莞市台铃车业有限公司,销售,7264.0
2024,10,浙江森铃摩托车有限公司,销售,4589.0
2024,10,浙江天本车业有限公司,销售,6587.0
2024,10,重庆万虎机电有限责任公司,销售,4494.0
2024,10,江门市迪豪摩托车有限公司,销售,4269.0
2024,10,三友控股集团银友摩托车有限公司,销售,3853.0
2024,10,重庆嘉陵工业有限公司,销售,7671.0
2024,10,康超集团广州摩托车制造有限公司,销售,4840.0
2024,10,济南轻骑摩托车有限公司,销售,2570.0
2024,10,西藏新珠峰摩托车有限公司,销售,5115.0
2024,10,重庆光宇摩托车制造有限公司,销售,5192.0
2024,10,宁波市龙嘉摩托车有限公司,销售,8277.0
2024,10,广州福羊科技有限公司,销售,4948.0
2024,10,台州市椒江之威摩托车制造有限公司,销售,3024.0
2024,10,宁波东方凌云车辆制造有限公司,销售,2156.0
2024,10,佛山市佛斯弟摩托车制造有限公司,销售,1616.0
2024,10,重庆新感觉摩托车有限公司,销售,3312.0
2024,10,宝岛车业集团有限公司,销售,7748.0
2024,10,江苏林海动力机械集团有限公司,销售,1769.0
2024,10,重庆劲扬摩托车工业有限公司,销售,3217.0
2024,10,江苏创新摩托车制造有限公司,销售,4965.0
2024,10,浙江吉铭实业有限公司,销售,404.0
2024,10,广州五羊摩托有限公司,销售,1803.0
2024,10,增城市东阳摩托车实业有限公司,销售,1851.0
2024,10,慈溪金轮机车制造有限公司,销售,1062.0
2024,10,金城集团有限公司,销售,1678.0
2024,10,浙江幸福摩托机械有限公司,销售,1780.0
2024,10,福建省晋江市三力机车有限公司,销售,1352.0
2024,10,江苏林芝山阳集团有限公司,销售,819.0
2024,10,广州番禺豪剑摩托车工业有限公司,销售,804.0
2024,10,重庆恒胜集团有限公司,销售,892.0
2024,10,江苏新陵摩托车制造有限公司,销售,384.0
2024,10,浙江日雅摩托车有限公司,销售,414.0
2024,10,山东马拉贝斯车业有限公司,销售,0.0
2024,10,洛阳盛江红强摩托车有限公司,销售,169.0
2024,10,立峰集团有限公司,销售,143.0
2024,10,浙江黄岩三叶集团有限公司,销售,151.0
2024,10,广东大联统摩托车有限公司,销售,120.0
2024,10,重庆双庆产业集团有限公司,销售,141.0
2024,10,江苏跃进摩托车制造有限责任公司,销售,79.0
2024,10,广东嘉纳仕科技实业有限公司,销售,0.0
2024,10,广东大福摩托车有限公司,销售,0.0
2024,10,上海本菱摩托车制造有限公司,销售,0.0
2024,10,江苏雄风机车有限公司,销售,0.0
2024,11,江门市大长江集团有限公司,生产,176524.0
2024,11,重庆隆鑫机车有限公司,生产,163551.0
2024,11,宗申产业集团有限公司,生产,146055.0
2024,11,雅迪科技集团有限公司,生产,77359.0
2024,11,广东大冶摩托车技术有限公司,生产,86700.0
2024,11,新大洲本田摩托(苏州)有限公司,生产,54037.0
2024,11,广州豪进摩托车股份有限公司,生产,35338.0
2024,11,五羊-本田摩托（广州）有限公司,生产,60898.0
2024,11,重庆银翔摩托车集团有限公司,生产,50743.0
2024,11,洛阳北方企业集团有限公司,生产,41524.0
2024,11,江门市珠峰摩托车有限公司,生产,42833.0
2024,11,广州大运摩托车有限公司,生产,28593.0
2024,11,浙江钱江摩托股份有限公司,生产,29379.0
2024,11,浙江绿源电动车有限公司,生产,40209.0
2024,11,力帆实业（集团）股份有限公司,生产,34548.0
2024,11,浙江春风动力股份有限公司,生产,28786.0
2024,11,济南轻骑铃木摩托车有限公司,生产,23908.0
2024,11,厦门厦杏摩托有限公司,生产,25436.0
2024,11,重庆润通智能装备有限公司,生产,29779.0
2024,11,江苏新日电动车股份有限公司,生产,16733.0
2024,11,广州天马集团天马摩托车有限公司,生产,23020.0
2024,11,重庆航天巴山摩托车制造有限公司,生产,30967.0
2024,11,重庆鑫源摩托车股份有限公司,生产,28037.0
2024,11,广州三雅摩托车有限公司,生产,17771.0
2024,11,珠海珠江车业有限公司,生产,21976.0
2024,11,重庆银钢科技(集团)有限公司,生产,19624.0
2024,11,重庆建设机电有限责任公司,生产,16312.0
2024,11,广东星际机车科技有限公司,生产,25673.0
2024,11,江苏淮海新能源车辆有限公司,生产,16795.0
2024,11,山东巴士新能源车业有限公司,生产,16551.0
2024,11,江苏众星摩托有限公司,生产,15273.0
2024,11,鹤山国机南联摩托车工业有限公司,生产,10380.0
2024,11,常州光阳摩托车有限公司,生产,8327.0
2024,11,重庆望江摩托车制造有限公司,生产,17097.0
2024,11,台州市王野机车有限责任公司,生产,8097.0
2024,11,重庆安第斯摩托车制造有限公司,生产,21749.0
2024,11,山东五星车辆股份有限公司,生产,10296.0
2024,11,江门市华龙摩托车有限公司,生产,7673.0
2024,11,济南大隆机车工业有限公司,生产,11543.0
2024,11,宁波市龙嘉动力科技有限公司,生产,5064.0
2024,11,江门市长华集团有限公司,生产,6969.0
2024,11,长铃集团长春摩托车工业有限公司,生产,7122.0
2024,11,杭州土星动力科技有限公司,生产,4136.0
2024,11,浙江华洋赛车股份有限公司,生产,4207.0
2024,11,金翌车业有限公司,生产,2945.0
2024,11,东莞市台铃车业有限公司,生产,11057.0
2024,11,浙江嘉爵摩托车制造有限公司,生产,3235.0
2024,11,浙江天本车业有限公司,生产,6695.0
2024,11,重庆嘉陵工业有限公司,生产,9293.0
2024,11,浙江森铃摩托车有限公司,生产,3079.0
2024,11,江门市迪豪摩托车有限公司,生产,5132.0
2024,11,重庆万虎机电有限责任公司,生产,5231.0
2024,11,康超集团广州摩托车制造有限公司,生产,8508.0
2024,11,三友控股集团银友摩托车有限公司,生产,2263.0
2024,11,济南轻骑摩托车有限公司,生产,2956.0
2024,11,西藏新珠峰摩托车有限公司,生产,4624.0
2024,11,广州福羊科技有限公司,生产,4961.0
2024,11,重庆光宇摩托车制造有限公司,生产,3441.0
2024,11,宁波市龙嘉摩托车有限公司,生产,3260.0
2024,11,台州市椒江之威摩托车制造有限公司,生产,2931.0
2024,11,宁波东方凌云车辆制造有限公司,生产,1820.0
2024,11,佛山市佛斯弟摩托车制造有限公司,生产,2202.0
2024,11,宝岛车业集团有限公司,生产,2043.0
2024,11,重庆新感觉摩托车有限公司,生产,2963.0
2024,11,江苏创新摩托车制造有限公司,生产,4750.0
2024,11,重庆劲扬摩托车工业有限公司,生产,2820.0
2024,11,江苏林海动力机械集团有限公司,生产,229.0
2024,11,广州五羊摩托有限公司,生产,2399.0
2024,11,增城市东阳摩托车实业有限公司,生产,3630.0
2024,11,浙江吉铭实业有限公司,生产,921.0
2024,11,慈溪金轮机车制造有限公司,生产,831.0
2024,11,金城集团有限公司,生产,1531.0
2024,11,浙江幸福摩托机械有限公司,生产,1612.0
2024,11,福建省晋江市三力机车有限公司,生产,1922.0
2024,11,江苏林芝山阳集团有限公司,生产,1100.0
2024,11,广州番禺豪剑摩托车工业有限公司,生产,1014.0
2024,11,重庆恒胜集团有限公司,生产,948.0
2024,11,江苏新陵摩托车制造有限公司,生产,536.0
2024,11,浙江日雅摩托车有限公司,生产,606.0
2024,11,山东马拉贝斯车业有限公司,生产,379.0
2024,11,浙江黄岩三叶集团有限公司,生产,476.0
2024,11,洛阳盛江红强摩托车有限公司,生产,209.0
2024,11,立峰集团有限公司,生产,134.0
2024,11,重庆双庆产业集团有限公司,生产,192.0
2024,11,广东大联统摩托车有限公司,生产,62.0
2024,11,江苏跃进摩托车制造有限责任公司,生产,76.0
2024,11,广东嘉纳仕科技实业有限公司,生产,0.0
2024,11,广东大福摩托车有限公司,生产,0.0
2024,11,上海本菱摩托车制造有限公司,生产,0.0
2024,11,江苏雄风机车有限公司,生产,0.0
2024,11,江门市大长江集团有限公司,销售,166786.0
2024,11,重庆隆鑫机车有限公司,销售,159371.0
2024,11,宗申产业集团有限公司,销售,143269.0
2024,11,雅迪科技集团有限公司,销售,75822.0
2024,11,广东大冶摩托车技术有限公司,销售,86688.0
2024,11,新大洲本田摩托(苏州)有限公司,销售,63443.0
2024,11,广州豪进摩托车股份有限公司,销售,47611.0
2024,11,重庆银翔摩托车集团有限公司,销售,50743.0
2024,11,五羊-本田摩托（广州）有限公司,销售,53398.0
2024,11,洛阳北方企业集团有限公司,销售,41379.0
2024,11,江门市珠峰摩托车有限公司,销售,42645.0
2024,11,广州大运摩托车有限公司,销售,30396.0
2024,11,浙江钱江摩托股份有限公司,销售,32432.0
2024,11,浙江绿源电动车有限公司,销售,41178.0
2024,11,力帆实业（集团）股份有限公司,销售,34213.0
2024,11,济南轻骑铃木摩托车有限公司,销售,19589.0
2024,11,厦门厦杏摩托有限公司,销售,22960.0
2024,11,浙江春风动力股份有限公司,销售,24725.0
2024,11,重庆润通智能装备有限公司,销售,29847.0
2024,11,江苏新日电动车股份有限公司,销售,20449.0
2024,11,重庆航天巴山摩托车制造有限公司,销售,30428.0
2024,11,广州天马集团天马摩托车有限公司,销售,20139.0
2024,11,重庆鑫源摩托车股份有限公司,销售,28135.0
2024,11,广州三雅摩托车有限公司,销售,17746.0
2024,11,重庆银钢科技(集团)有限公司,销售,19745.0
2024,11,珠海珠江车业有限公司,销售,21299.0
2024,11,重庆建设机电有限责任公司,销售,16526.0
2024,11,广东星际机车科技有限公司,销售,25673.0
2024,11,江苏淮海新能源车辆有限公司,销售,16795.0
2024,11,山东巴士新能源车业有限公司,销售,16978.0
2024,11,江苏众星摩托有限公司,销售,15225.0
2024,11,鹤山国机南联摩托车工业有限公司,销售,10405.0
2024,11,常州光阳摩托车有限公司,销售,7312.0
2024,11,重庆望江摩托车制造有限公司,销售,16468.0
2024,11,山东五星车辆股份有限公司,销售,9902.0
2024,11,台州市王野机车有限责任公司,销售,8097.0
2024,11,江门市华龙摩托车有限公司,销售,8933.0
2024,11,重庆安第斯摩托车制造有限公司,销售,19669.0
2024,11,济南大隆机车工业有限公司,销售,11549.0
2024,11,江门市长华集团有限公司,销售,6969.0
2024,11,宁波市龙嘉动力科技有限公司,销售,3028.0
2024,11,长铃集团长春摩托车工业有限公司,销售,7122.0
2024,11,杭州土星动力科技有限公司,销售,3778.0
2024,11,金翌车业有限公司,销售,2983.0
2024,11,东莞市台铃车业有限公司,销售,11057.0
2024,11,浙江嘉爵摩托车制造有限公司,销售,3235.0
2024,11,浙江华洋赛车股份有限公司,销售,2750.0
2024,11,浙江天本车业有限公司,销售,6695.0
2024,11,重庆嘉陵工业有限公司,销售,10409.0
2024,11,浙江森铃摩托车有限公司,销售,3004.0
2024,11,江门市迪豪摩托车有限公司,销售,5331.0
2024,11,重庆万虎机电有限责任公司,销售,5210.0
2024,11,康超集团广州摩托车制造有限公司,销售,8508.0
2024,11,三友控股集团银友摩托车有限公司,销售,2263.0
2024,11,济南轻骑摩托车有限公司,销售,2884.0
2024,11,西藏新珠峰摩托车有限公司,销售,4624.0
2024,11,广州福羊科技有限公司,销售,4961.0
2024,11,宁波市龙嘉摩托车有限公司,销售,4266.0
2024,11,重庆光宇摩托车制造有限公司,销售,3441.0
2024,11,台州市椒江之威摩托车制造有限公司,销售,2942.0
2024,11,宁波东方凌云车辆制造有限公司,销售,1832.0
2024,11,重庆新感觉摩托车有限公司,销售,2795.0
2024,11,佛山市佛斯弟摩托车制造有限公司,销售,2202.0
2024,11,宝岛车业集团有限公司,销售,2043.0
2024,11,江苏创新摩托车制造有限公司,销售,3957.0
2024,11,重庆劲扬摩托车工业有限公司,销售,2821.0
2024,11,江苏林海动力机械集团有限公司,销售,155.0
2024,11,浙江吉铭实业有限公司,销售,1999.0
2024,11,广州五羊摩托有限公司,销售,1938.0
2024,11,增城市东阳摩托车实业有限公司,销售,3140.0
2024,11,慈溪金轮机车制造有限公司,销售,831.0
2024,11,金城集团有限公司,销售,1551.0
2024,11,浙江幸福摩托机械有限公司,销售,1590.0
2024,11,福建省晋江市三力机车有限公司,销售,1922.0
2024,11,江苏林芝山阳集团有限公司,销售,1100.0
2024,11,广州番禺豪剑摩托车工业有限公司,销售,1014.0
2024,11,重庆恒胜集团有限公司,销售,948.0
2024,11,江苏新陵摩托车制造有限公司,销售,536.0
2024,11,浙江日雅摩托车有限公司,销售,22.0
2024,11,浙江黄岩三叶集团有限公司,销售,499.0
2024,11,洛阳盛江红强摩托车有限公司,销售,209.0
2024,11,山东马拉贝斯车业有限公司,销售,0.0
2024,11,立峰集团有限公司,销售,134.0
2024,11,重庆双庆产业集团有限公司,销售,192.0
2024,11,广东大联统摩托车有限公司,销售,62.0
2024,11,江苏跃进摩托车制造有限责任公司,销售,76.0
2024,11,广东嘉纳仕科技实业有限公司,销售,0.0
2024,11,广东大福摩托车有限公司,销售,0.0
2024,11,上海本菱摩托车制造有限公司,销售,0.0
2024,11,江苏雄风机车有限公司,销售,0.0
2024,12,江门市大长江集团有限公司,生产,186346.0
2024,12,重庆隆鑫机车有限公司,生产,171711.0
2024,12,宗申产业集团有限公司,生产,164520.0
2024,12,雅迪科技集团有限公司,生产,81747.0
2024,12,广东大冶摩托车技术有限公司,生产,94609.0
2024,12,新大洲本田摩托(苏州)有限公司,生产,57767.0
2024,12,广州豪进摩托车股份有限公司,生产,50122.0
2024,12,五羊-本田摩托（广州）有限公司,生产,51327.0
2024,12,重庆银翔摩托车集团有限公司,生产,47132.0
2024,12,洛阳北方企业集团有限公司,生产,50624.0
2024,12,江门市珠峰摩托车有限公司,生产,46097.0
2024,12,广州大运摩托车有限公司,生产,30591.0
2024,12,浙江钱江摩托股份有限公司,生产,39805.0
2024,12,浙江绿源电动车有限公司,生产,46397.0
2024,12,力帆实业（集团）股份有限公司,生产,48179.0
2024,12,浙江春风动力股份有限公司,生产,24924.0
2024,12,济南轻骑铃木摩托车有限公司,生产,25643.0
2024,12,厦门厦杏摩托有限公司,生产,25270.0
2024,12,重庆润通智能装备有限公司,生产,27983.0
2024,12,重庆航天巴山摩托车制造有限公司,生产,37753.0
2024,12,江苏新日电动车股份有限公司,生产,22147.0
2024,12,广州天马集团天马摩托车有限公司,生产,21008.0
2024,12,重庆鑫源摩托车股份有限公司,生产,27643.0
2024,12,广州三雅摩托车有限公司,生产,19701.0
2024,12,珠海珠江车业有限公司,生产,31286.0
2024,12,重庆银钢科技(集团)有限公司,生产,19492.0
2024,12,重庆建设机电有限责任公司,生产,15209.0
2024,12,广东星际机车科技有限公司,生产,21244.0
2024,12,江苏淮海新能源车辆有限公司,生产,17062.0
2024,12,山东巴士新能源车业有限公司,生产,16354.0
2024,12,江苏众星摩托有限公司,生产,17069.0
2024,12,鹤山国机南联摩托车工业有限公司,生产,22136.0
2024,12,台州市王野机车有限责任公司,生产,18967.0
2024,12,重庆望江摩托车制造有限公司,生产,11578.0
2024,12,常州光阳摩托车有限公司,生产,9308.0
2024,12,重庆安第斯摩托车制造有限公司,生产,18440.0
2024,12,山东五星车辆股份有限公司,生产,9108.0
2024,12,江门市华龙摩托车有限公司,生产,12110.0
2024,12,济南大隆机车工业有限公司,生产,10144.0
2024,12,江门市长华集团有限公司,生产,7609.0
2024,12,宁波市龙嘉动力科技有限公司,生产,2635.0
2024,12,长铃集团长春摩托车工业有限公司,生产,12072.0
2024,12,杭州土星动力科技有限公司,生产,3831.0
2024,12,浙江华洋赛车股份有限公司,生产,4905.0
2024,12,金翌车业有限公司,生产,6400.0
2024,12,东莞市台铃车业有限公司,生产,4750.0
2024,12,康超集团广州摩托车制造有限公司,生产,17279.0
2024,12,浙江嘉爵摩托车制造有限公司,生产,3400.0
2024,12,重庆嘉陵工业有限公司,生产,11128.0
2024,12,浙江天本车业有限公司,生产,7626.0
2024,12,江门市迪豪摩托车有限公司,生产,5476.0
2024,12,重庆万虎机电有限责任公司,生产,4547.0
2024,12,浙江森铃摩托车有限公司,生产,2340.0
2024,12,三友控股集团银友摩托车有限公司,生产,5188.0
2024,12,广州福羊科技有限公司,生产,6812.0
2024,12,济南轻骑摩托车有限公司,生产,3879.0
2024,12,西藏新珠峰摩托车有限公司,生产,4171.0
2024,12,宁波市龙嘉摩托车有限公司,生产,7086.0
2024,12,重庆光宇摩托车制造有限公司,生产,4338.0
2024,12,台州市椒江之威摩托车制造有限公司,生产,3851.0
2024,12,佛山市佛斯弟摩托车制造有限公司,生产,3326.0
2024,12,宁波东方凌云车辆制造有限公司,生产,2710.0
2024,12,重庆新感觉摩托车有限公司,生产,3193.0
2024,12,江苏创新摩托车制造有限公司,生产,4300.0
2024,12,宝岛车业集团有限公司,生产,1040.0
2024,12,重庆劲扬摩托车工业有限公司,生产,2507.0
2024,12,增城市东阳摩托车实业有限公司,生产,4337.0
2024,12,广州五羊摩托有限公司,生产,2330.0
2024,12,江苏林海动力机械集团有限公司,生产,1029.0
2024,12,浙江吉铭实业有限公司,生产,1219.0
2024,12,慈溪金轮机车制造有限公司,生产,822.0
2024,12,金城集团有限公司,生产,2038.0
2024,12,浙江幸福摩托机械有限公司,生产,1665.0
2024,12,福建省晋江市三力机车有限公司,生产,1624.0
2024,12,江苏林芝山阳集团有限公司,生产,1318.0
2024,12,广州番禺豪剑摩托车工业有限公司,生产,1416.0
2024,12,重庆恒胜集团有限公司,生产,460.0
2024,12,江苏新陵摩托车制造有限公司,生产,712.0
2024,12,山东马拉贝斯车业有限公司,生产,475.0
2024,12,浙江日雅摩托车有限公司,生产,46.0
2024,12,浙江黄岩三叶集团有限公司,生产,501.0
2024,12,洛阳盛江红强摩托车有限公司,生产,101.0
2024,12,立峰集团有限公司,生产,53.0
2024,12,重庆双庆产业集团有限公司,生产,118.0
2024,12,广东大联统摩托车有限公司,生产,84.0
2024,12,江苏跃进摩托车制造有限责任公司,生产,86.0
2024,12,广东嘉纳仕科技实业有限公司,生产,0.0
2024,12,广东大福摩托车有限公司,生产,0.0
2024,12,上海本菱摩托车制造有限公司,生产,0.0
2024,12,江苏雄风机车有限公司,生产,0.0
2024,12,江门市大长江集团有限公司,销售,179637.0
2024,12,重庆隆鑫机车有限公司,销售,157640.0
2024,12,宗申产业集团有限公司,销售,153566.0
2024,12,雅迪科技集团有限公司,销售,80083.0
2024,12,广东大冶摩托车技术有限公司,销售,95714.0
2024,12,新大洲本田摩托(苏州)有限公司,销售,68018.0
2024,12,广州豪进摩托车股份有限公司,销售,43266.0
2024,12,重庆银翔摩托车集团有限公司,销售,47132.0
2024,12,五羊-本田摩托（广州）有限公司,销售,55336.0
2024,12,洛阳北方企业集团有限公司,销售,49390.0
2024,12,江门市珠峰摩托车有限公司,销售,46222.0
2024,12,广州大运摩托车有限公司,销售,30000.0
2024,12,浙江钱江摩托股份有限公司,销售,32089.0
2024,12,浙江绿源电动车有限公司,销售,46215.0
2024,12,力帆实业（集团）股份有限公司,销售,51229.0
2024,12,济南轻骑铃木摩托车有限公司,销售,15854.0
2024,12,浙江春风动力股份有限公司,销售,30144.0
2024,12,厦门厦杏摩托有限公司,销售,23628.0
2024,12,重庆润通智能装备有限公司,销售,27374.0
2024,12,重庆航天巴山摩托车制造有限公司,销售,37478.0
2024,12,江苏新日电动车股份有限公司,销售,19127.0
2024,12,重庆鑫源摩托车股份有限公司,销售,32470.0
2024,12,广州天马集团天马摩托车有限公司,销售,14074.0
2024,12,广州三雅摩托车有限公司,销售,19763.0
2024,12,珠海珠江车业有限公司,销售,28622.0
2024,12,重庆银钢科技(集团)有限公司,销售,19686.0
2024,12,广东星际机车科技有限公司,销售,21244.0
2024,12,重庆建设机电有限责任公司,销售,15264.0
2024,12,江苏淮海新能源车辆有限公司,销售,17062.0
2024,12,山东巴士新能源车业有限公司,销售,17592.0
2024,12,江苏众星摩托有限公司,销售,17016.0
2024,12,鹤山国机南联摩托车工业有限公司,销售,22213.0
2024,12,台州市王野机车有限责任公司,销售,18967.0
2024,12,重庆望江摩托车制造有限公司,销售,13853.0
2024,12,常州光阳摩托车有限公司,销售,6019.0
2024,12,山东五星车辆股份有限公司,销售,8520.0
2024,12,重庆安第斯摩托车制造有限公司,销售,16550.0
2024,12,江门市华龙摩托车有限公司,销售,6713.0
2024,12,济南大隆机车工业有限公司,销售,10076.0
2024,12,江门市长华集团有限公司,销售,7609.0
2024,12,长铃集团长春摩托车工业有限公司,销售,12072.0
2024,12,宁波市龙嘉动力科技有限公司,销售,1799.0
2024,12,杭州土星动力科技有限公司,销售,3976.0
2024,12,金翌车业有限公司,销售,6379.0
2024,12,东莞市台铃车业有限公司,销售,4750.0
2024,12,康超集团广州摩托车制造有限公司,销售,17279.0
2024,12,浙江嘉爵摩托车制造有限公司,销售,3400.0
2024,12,浙江天本车业有限公司,销售,7626.0
2024,12,重庆嘉陵工业有限公司,销售,9976.0
2024,12,浙江华洋赛车股份有限公司,销售,3719.0
2024,12,江门市迪豪摩托车有限公司,销售,4971.0
2024,12,重庆万虎机电有限责任公司,销售,4840.0
2024,12,浙江森铃摩托车有限公司,销售,2685.0
2024,12,三友控股集团银友摩托车有限公司,销售,5188.0
2024,12,济南轻骑摩托车有限公司,销售,4237.0
2024,12,广州福羊科技有限公司,销售,6812.0
2024,12,西藏新珠峰摩托车有限公司,销售,4171.0
2024,12,宁波市龙嘉摩托车有限公司,销售,4403.0
2024,12,重庆光宇摩托车制造有限公司,销售,4338.0
2024,12,台州市椒江之威摩托车制造有限公司,销售,3795.0
2024,12,重庆新感觉摩托车有限公司,销售,5165.0
2024,12,佛山市佛斯弟摩托车制造有限公司,销售,3326.0
2024,12,宁波东方凌云车辆制造有限公司,销售,2722.0
2024,12,宝岛车业集团有限公司,销售,1040.0
2024,12,江苏创新摩托车制造有限公司,销售,4839.0
2024,12,重庆劲扬摩托车工业有限公司,销售,2507.0
2024,12,江苏林海动力机械集团有限公司,销售,515.0
2024,12,广州五羊摩托有限公司,销售,1786.0
2024,12,增城市东阳摩托车实业有限公司,销售,4129.0
2024,12,浙江吉铭实业有限公司,销售,1001.0
2024,12,慈溪金轮机车制造有限公司,销售,827.0
2024,12,金城集团有限公司,销售,2072.0
2024,12,浙江幸福摩托机械有限公司,销售,1646.0
2024,12,福建省晋江市三力机车有限公司,销售,1867.0
2024,12,江苏林芝山阳集团有限公司,销售,1318.0
2024,12,广州番禺豪剑摩托车工业有限公司,销售,1416.0
2024,12,重庆恒胜集团有限公司,销售,460.0
2024,12,江苏新陵摩托车制造有限公司,销售,712.0
2024,12,山东马拉贝斯车业有限公司,销售,1102.0
2024,12,浙江日雅摩托车有限公司,销售,45.0
2024,12,浙江黄岩三叶集团有限公司,销售,537.0
2024,12,洛阳盛江红强摩托车有限公司,销售,0.0
2024,12,立峰集团有限公司,销售,53.0
2024,12,重庆双庆产业集团有限公司,销售,118.0
2024,12,广东大联统摩托车有限公司,销售,84.0
2024,12,江苏跃进摩托车制造有限责任公司,销售,86.0
2024,12,广东嘉纳仕科技实业有限公司,销售,0.0
2024,12,广东大福摩托车有限公司,销售,0.0
2024,12,上海本菱摩托车制造有限公司,销售,0.0
2024,12,江苏雄风机车有限公司,销售,0.0
2025,1,重庆隆鑫机车有限公司,生产,170298.0
2025,1,江门市大长江集团有限公司,生产,157072.0
2025,1,宗申产业集团有限公司,生产,107299.0
2025,1,广东大冶摩托车技术有限公司,生产,96020.0
2025,1,雅迪科技集团有限公司,生产,84850.0
2025,1,重庆银翔摩托车集团有限公司,生产,60994.0
2025,1,广州豪进摩托车股份有限公司,生产,51345.0
2025,1,新大洲本田摩托(苏州)有限公司,生产,49268.0
2025,1,江门市珠峰摩托车有限公司,生产,48014.0
2025,1,五羊-本田摩托（广州）有限公司,生产,45679.0
2025,1,洛阳北方企业集团有限公司,生产,39046.0
2025,1,力帆实业（集团）股份有限公司,生产,37749.0
2025,1,浙江钱江摩托股份有限公司,生产,34977.0
2025,1,浙江绿源电动车有限公司,生产,32393.0
2025,1,广州大运摩托车有限公司,生产,28191.0
2025,1,重庆润通智能装备有限公司,生产,27312.0
2025,1,珠海珠江车业有限公司,生产,25015.0
2025,1,重庆鑫源摩托车股份有限公司,生产,23513.0
2025,1,厦门厦杏摩托有限公司,生产,22084.0
2025,1,重庆航天巴山摩托车制造有限公司,生产,22025.0
2025,1,广州三雅摩托车有限公司,生产,21380.0
2025,1,济南轻骑铃木摩托车有限公司,生产,20346.0
2025,1,江苏新日电动车股份有限公司,生产,18910.0
2025,1,广东星际机车科技有限公司,生产,18304.0
2025,1,重庆银钢科技(集团)有限公司,生产,18001.0
2025,1,广州天马集团天马摩托车有限公司,生产,17567.0
2025,1,江苏众星摩托有限公司,生产,17218.0
2025,1,重庆建设机电有限责任公司,生产,16247.0
2025,1,鹤山国机南联摩托车工业有限公司,生产,14432.0
2025,1,长铃集团长春摩托车工业有限公司,生产,14172.0
2025,1,浙江春风动力股份有限公司,生产,14134.0
2025,1,江门市华龙摩托车有限公司,生产,13921.0
2025,1,山东五星车辆股份有限公司,生产,12254.0
2025,1,浙江嘉爵摩托车制造有限公司,生产,11791.0
2025,1,台州市王野机车有限责任公司,生产,10412.0
2025,1,重庆望江摩托车制造有限公司,生产,9810.0
2025,1,江苏淮海新能源车辆有限公司,生产,9567.0
2025,1,江门市长华集团有限公司,生产,9201.0
2025,1,济南大隆机车工业有限公司,生产,9017.0
2025,1,江门市迪豪摩托车有限公司,生产,8352.0
2025,1,重庆安第斯摩托车制造有限公司,生产,8308.0
2025,1,广州福羊科技有限公司,生产,7983.0
2025,1,常州光阳摩托车有限公司,生产,7830.0
2025,1,金翌车业有限公司,生产,7810.0
2025,1,重庆嘉陵工业有限公司,生产,7570.0
2025,1,康超集团广州摩托车制造有限公司,生产,6750.0
2025,1,重庆光宇摩托车制造有限公司,生产,6743.0
2025,1,山东巴士新能源车业有限公司,生产,6506.0
2025,1,重庆万虎机电有限责任公司,生产,6371.0
2025,1,三友控股集团银友摩托车有限公司,生产,5060.0
2025,1,浙江森铃摩托车有限公司,生产,4568.0
2025,1,宁波市龙嘉摩托车有限公司,生产,4496.0
2025,1,台州市椒江之威摩托车制造有限公司,生产,4035.0
2025,1,重庆劲扬摩托车工业有限公司,生产,3936.0
2025,1,浙江天本车业有限公司,生产,3715.0
2025,1,宁波市龙嘉动力科技有限公司,生产,3346.0
2025,1,杭州土星动力科技有限公司,生产,3105.0
2025,1,宁波东方凌云车辆制造有限公司,生产,2946.0
2025,1,济南轻骑摩托车有限公司,生产,2884.0
2025,1,福建省晋江市三力机车有限公司,生产,2030.0
2025,1,重庆新感觉摩托车有限公司,生产,1847.0
2025,1,东莞市台铃车业有限公司,生产,1815.0
2025,1,广州五羊摩托有限公司,生产,1632.0
2025,1,金城集团有限公司,生产,1524.0
2025,1,西藏新珠峰摩托车有限公司,生产,1520.0
2025,1,浙江吉铭实业有限公司,生产,1355.0
2025,1,慈溪金轮机车制造有限公司,生产,1281.0
2025,1,江苏林芝山阳集团有限公司,生产,1162.0
2025,1,浙江华洋赛车股份有限公司,生产,1119.0
2025,1,广州番禺豪剑摩托车工业有限公司,生产,708.0
2025,1,江苏创新摩托车制造有限公司,生产,700.0
2025,1,重庆恒胜集团有限公司,生产,652.0
2025,1,浙江幸福摩托机械有限公司,生产,491.0
2025,1,江苏新陵摩托车制造有限公司,生产,380.0
2025,1,浙江黄岩三叶集团有限公司,生产,370.0
2025,1,山东马拉贝斯车业有限公司,生产,336.0
2025,1,江苏林海动力机械集团有限公司,生产,272.0
2025,1,浙江日雅摩托车有限公司,生产,271.0
2025,1,立峰集团有限公司,生产,108.0
2025,1,洛阳盛江红强摩托车有限公司,生产,108.0
2025,1,广东大联统摩托车有限公司,生产,90.0
2025,1,佛山市佛斯弟摩托车制造有限公司,生产,0.0
2025,1,宝岛车业集团有限公司,生产,0.0
2025,1,增城市东阳摩托车实业有限公司,生产,0.0
2025,1,上海本菱摩托车制造有限公司,生产,0.0
2025,1,重庆双庆产业集团有限公司,生产,0.0
2025,1,江苏跃进摩托车制造有限责任公司,生产,0.0
2025,1,江门市大长江集团有限公司,销售,162266.0
2025,1,重庆隆鑫机车有限公司,销售,161666.0
2025,1,宗申产业集团有限公司,销售,113428.0
2025,1,广东大冶摩托车技术有限公司,销售,87795.0
2025,1,雅迪科技集团有限公司,销售,81724.0
2025,1,重庆银翔摩托车集团有限公司,销售,60995.0
2025,1,广州豪进摩托车股份有限公司,销售,58746.0
2025,1,江门市珠峰摩托车有限公司,销售,52546.0
2025,1,新大洲本田摩托(苏州)有限公司,销售,44162.0
2025,1,洛阳北方企业集团有限公司,销售,38586.0
2025,1,力帆实业（集团）股份有限公司,销售,38488.0
2025,1,五羊-本田摩托（广州）有限公司,销售,38199.0
2025,1,浙江钱江摩托股份有限公司,销售,36824.0
2025,1,广州天马集团天马摩托车有限公司,销售,32288.0
2025,1,浙江绿源电动车有限公司,销售,31806.0
2025,1,珠海珠江车业有限公司,销售,28921.0
2025,1,重庆润通智能装备有限公司,销售,28294.0
2025,1,广州大运摩托车有限公司,销售,28055.0
2025,1,厦门厦杏摩托有限公司,销售,26189.0
2025,1,济南轻骑铃木摩托车有限公司,销售,24415.0
2025,1,浙江春风动力股份有限公司,销售,22431.0
2025,1,重庆航天巴山摩托车制造有限公司,销售,22165.0
2025,1,广州三雅摩托车有限公司,销售,21432.0
2025,1,重庆鑫源摩托车股份有限公司,销售,20610.0
2025,1,江苏新日电动车股份有限公司,销售,18840.0
2025,1,广东星际机车科技有限公司,销售,18304.0
2025,1,重庆银钢科技(集团)有限公司,销售,18158.0
2025,1,江苏众星摩托有限公司,销售,17164.0
2025,1,重庆建设机电有限责任公司,销售,16233.0
2025,1,鹤山国机南联摩托车工业有限公司,销售,14431.0
2025,1,长铃集团长春摩托车工业有限公司,销售,14172.0
2025,1,山东五星车辆股份有限公司,销售,13150.0
2025,1,江门市华龙摩托车有限公司,销售,11984.0
2025,1,浙江嘉爵摩托车制造有限公司,销售,11791.0
2025,1,重庆望江摩托车制造有限公司,销售,10922.0
2025,1,台州市王野机车有限责任公司,销售,10412.0
2025,1,江门市长华集团有限公司,销售,9601.0
2025,1,江苏淮海新能源车辆有限公司,销售,9567.0
2025,1,济南大隆机车工业有限公司,销售,9014.0
2025,1,重庆嘉陵工业有限公司,销售,8834.0
2025,1,浙江华洋赛车股份有限公司,销售,8538.0
2025,1,重庆安第斯摩托车制造有限公司,销售,7995.0
2025,1,广州福羊科技有限公司,销售,7983.0
2025,1,金翌车业有限公司,销售,7723.0
2025,1,山东巴士新能源车业有限公司,销售,6848.0
2025,1,宁波市龙嘉摩托车有限公司,销售,6791.0
2025,1,康超集团广州摩托车制造有限公司,销售,6750.0
2025,1,常州光阳摩托车有限公司,销售,5692.0
2025,1,重庆光宇摩托车制造有限公司,销售,5601.0
2025,1,重庆万虎机电有限责任公司,销售,5420.0
2025,1,三友控股集团银友摩托车有限公司,销售,5060.0
2025,1,江门市迪豪摩托车有限公司,销售,4783.0
2025,1,台州市椒江之威摩托车制造有限公司,销售,4000.0
2025,1,重庆劲扬摩托车工业有限公司,销售,3936.0
2025,1,浙江天本车业有限公司,销售,3715.0
2025,1,宁波市龙嘉动力科技有限公司,销售,2929.0
2025,1,宁波东方凌云车辆制造有限公司,销售,2686.0
2025,1,济南轻骑摩托车有限公司,销售,2473.0
2025,1,广州五羊摩托有限公司,销售,2333.0
2025,1,杭州土星动力科技有限公司,销售,2263.0
2025,1,浙江森铃摩托车有限公司,销售,2099.0
2025,1,福建省晋江市三力机车有限公司,销售,2030.0
2025,1,东莞市台铃车业有限公司,销售,1815.0
2025,1,西藏新珠峰摩托车有限公司,销售,1520.0
2025,1,金城集团有限公司,销售,1514.0
2025,1,重庆新感觉摩托车有限公司,销售,1403.0
2025,1,江苏创新摩托车制造有限公司,销售,1344.0
2025,1,慈溪金轮机车制造有限公司,销售,1285.0
2025,1,江苏林芝山阳集团有限公司,销售,1162.0
2025,1,宝岛车业集团有限公司,销售,905.0
2025,1,广州番禺豪剑摩托车工业有限公司,销售,708.0
2025,1,重庆恒胜集团有限公司,销售,652.0
2025,1,浙江日雅摩托车有限公司,销售,590.0
2025,1,浙江幸福摩托机械有限公司,销售,485.0
2025,1,浙江黄岩三叶集团有限公司,销售,371.0
2025,1,山东马拉贝斯车业有限公司,销售,336.0
2025,1,江苏新陵摩托车制造有限公司,销售,292.0
2025,1,浙江吉铭实业有限公司,销售,218.0
2025,1,立峰集团有限公司,销售,163.0
2025,1,江苏林海动力机械集团有限公司,销售,158.0
2025,1,洛阳盛江红强摩托车有限公司,销售,108.0
2025,1,广东大联统摩托车有限公司,销售,90.0
2025,1,重庆双庆产业集团有限公司,销售,85.0
2025,1,佛山市佛斯弟摩托车制造有限公司,销售,0.0
2025,1,增城市东阳摩托车实业有限公司,销售,0.0
2025,1,上海本菱摩托车制造有限公司,销售,0.0
2025,1,江苏跃进摩托车制造有限责任公司,销售,0.0
2025,2,江门市大长江集团有限公司,生产,157850.0
2025,2,重庆隆鑫机车有限公司,生产,90322.0
2025,2,宗申产业集团有限公司,生产,90582.0
2025,2,雅迪科技集团有限公司,生产,101372.0
2025,2,广东大冶摩托车技术有限公司,生产,48800.0
2025,2,重庆银翔摩托车集团有限公司,生产,53012.0
2025,2,新大洲本田摩托(苏州)有限公司,生产,46172.0
2025,2,五羊-本田摩托（广州）有限公司,生产,42146.0
2025,2,广州豪进摩托车股份有限公司,生产,30831.0
2025,2,洛阳北方企业集团有限公司,生产,39238.0
2025,2,江门市珠峰摩托车有限公司,生产,27578.0
2025,2,浙江绿源电动车有限公司,生产,36862.0
2025,2,浙江钱江摩托股份有限公司,生产,28821.0
2025,2,力帆实业（集团）股份有限公司,生产,24497.0
2025,2,广州大运摩托车有限公司,生产,30742.0
2025,2,重庆航天巴山摩托车制造有限公司,生产,34625.0
2025,2,厦门厦杏摩托有限公司,生产,25084.0
2025,2,重庆润通智能装备有限公司,生产,19708.0
2025,2,重庆鑫源摩托车股份有限公司,生产,19939.0
2025,2,广州三雅摩托车有限公司,生产,20351.0
2025,2,江苏新日电动车股份有限公司,生产,22542.0
2025,2,珠海珠江车业有限公司,生产,14947.0
2025,2,济南轻骑铃木摩托车有限公司,生产,19615.0
2025,2,广东星际机车科技有限公司,生产,20022.0
2025,2,重庆银钢科技(集团)有限公司,生产,16450.0
2025,2,广州天马集团天马摩托车有限公司,生产,15018.0
2025,2,浙江春风动力股份有限公司,生产,18321.0
2025,2,重庆安第斯摩托车制造有限公司,生产,15922.0
2025,2,重庆建设机电有限责任公司,生产,14721.0
2025,2,江苏众星摩托有限公司,生产,11239.0
2025,2,山东五星车辆股份有限公司,生产,14436.0
2025,2,山东巴士新能源车业有限公司,生产,16470.0
2025,2,鹤山国机南联摩托车工业有限公司,生产,7561.0
2025,2,江苏淮海新能源车辆有限公司,生产,11615.0
2025,2,长铃集团长春摩托车工业有限公司,生产,5800.0
2025,2,济南大隆机车工业有限公司,生产,9237.0
2025,2,江门市华龙摩托车有限公司,生产,3966.0
2025,2,重庆嘉陵工业有限公司,生产,9588.0
2025,2,康超集团广州摩托车制造有限公司,生产,9651.0
2025,2,重庆望江摩托车制造有限公司,生产,6405.0
2025,2,江门市长华集团有限公司,生产,6534.0
2025,2,金翌车业有限公司,生产,6530.0
2025,2,常州光阳摩托车有限公司,生产,6080.0
2025,2,浙江嘉爵摩托车制造有限公司,生产,1390.0
2025,2,广州福羊科技有限公司,生产,4841.0
2025,2,台州市王野机车有限责任公司,生产,1849.0
2025,2,重庆万虎机电有限责任公司,生产,5635.0
2025,2,江门市迪豪摩托车有限公司,生产,2389.0
2025,2,重庆光宇摩托车制造有限公司,生产,3767.0
2025,2,宁波市龙嘉摩托车有限公司,生产,5266.0
2025,2,浙江森铃摩托车有限公司,生产,3571.0
2025,2,杭州土星动力科技有限公司,生产,4738.0
2025,2,济南轻骑摩托车有限公司,生产,3534.0
2025,2,浙江天本车业有限公司,生产,2524.0
2025,2,浙江华洋赛车股份有限公司,生产,5098.0
2025,2,宁波东方凌云车辆制造有限公司,生产,3022.0
2025,2,三友控股集团银友摩托车有限公司,生产,725.0
2025,2,宁波市龙嘉动力科技有限公司,生产,2409.0
2025,2,增城市东阳摩托车实业有限公司,生产,0.0
2025,2,重庆劲扬摩托车工业有限公司,生产,1706.0
2025,2,东莞市台铃车业有限公司,生产,3755.0
2025,2,台州市椒江之威摩托车制造有限公司,生产,1004.0
2025,2,西藏新珠峰摩托车有限公司,生产,2840.0
2025,2,江苏创新摩托车制造有限公司,生产,3550.0
2025,2,重庆新感觉摩托车有限公司,生产,1815.0
2025,2,广州五羊摩托有限公司,生产,1151.0
2025,2,金城集团有限公司,生产,1065.0
2025,2,江苏林芝山阳集团有限公司,生产,1344.0
2025,2,福建省晋江市三力机车有限公司,生产,406.0
2025,2,浙江吉铭实业有限公司,生产,817.0
2025,2,慈溪金轮机车制造有限公司,生产,380.0
2025,2,重庆恒胜集团有限公司,生产,706.0
2025,2,宝岛车业集团有限公司,生产,1355.0
2025,2,浙江日雅摩托车有限公司,生产,749.0
2025,2,江苏新陵摩托车制造有限公司,生产,526.0
2025,2,浙江幸福摩托机械有限公司,生产,411.0
2025,2,广州番禺豪剑摩托车工业有限公司,生产,192.0
2025,2,山东马拉贝斯车业有限公司,生产,499.0
2025,2,江苏林海动力机械集团有限公司,生产,306.0
2025,2,浙江黄岩三叶集团有限公司,生产,0.0
2025,2,立峰集团有限公司,生产,218.0
2025,2,洛阳盛江红强摩托车有限公司,生产,131.0
2025,2,广东大联统摩托车有限公司,生产,75.0
2025,2,重庆双庆产业集团有限公司,生产,45.0
2025,2,佛山市佛斯弟摩托车制造有限公司,生产,0.0
2025,2,上海本菱摩托车制造有限公司,生产,0.0
2025,2,江苏跃进摩托车制造有限责任公司,生产,0.0
2025,2,江门市大长江集团有限公司,销售,158751.0
2025,2,重庆隆鑫机车有限公司,销售,113708.0
2025,2,宗申产业集团有限公司,销售,98272.0
2025,2,雅迪科技集团有限公司,销售,99198.0
2025,2,广东大冶摩托车技术有限公司,销售,54026.0
2025,2,重庆银翔摩托车集团有限公司,销售,53012.0
2025,2,新大洲本田摩托(苏州)有限公司,销售,53199.0
2025,2,广州豪进摩托车股份有限公司,销售,31254.0
2025,2,五羊-本田摩托（广州）有限公司,销售,45622.0
2025,2,洛阳北方企业集团有限公司,销售,41159.0
2025,2,江门市珠峰摩托车有限公司,销售,26641.0
2025,2,力帆实业（集团）股份有限公司,销售,30674.0
2025,2,浙江绿源电动车有限公司,销售,36920.0
2025,2,浙江钱江摩托股份有限公司,销售,21678.0
2025,2,广州大运摩托车有限公司,销售,30100.0
2025,2,重庆航天巴山摩托车制造有限公司,销售,34965.0
2025,2,厦门厦杏摩托有限公司,销售,25619.0
2025,2,济南轻骑铃木摩托车有限公司,销售,25385.0
2025,2,重庆润通智能装备有限公司,销售,19314.0
2025,2,重庆鑫源摩托车股份有限公司,销售,21493.0
2025,2,珠海珠江车业有限公司,销售,13058.0
2025,2,广州三雅摩托车有限公司,销售,20317.0
2025,2,江苏新日电动车股份有限公司,销售,22157.0
2025,2,广东星际机车科技有限公司,销售,20022.0
2025,2,广州天马集团天马摩托车有限公司,销售,5941.0
2025,2,浙江春风动力股份有限公司,销售,13890.0
2025,2,重庆安第斯摩托车制造有限公司,销售,15450.0
2025,2,重庆银钢科技(集团)有限公司,销售,16305.0
2025,2,重庆建设机电有限责任公司,销售,14612.0
2025,2,江苏众星摩托有限公司,销售,11204.0
2025,2,山东五星车辆股份有限公司,销售,11233.0
2025,2,山东巴士新能源车业有限公司,销售,16216.0
2025,2,鹤山国机南联摩托车工业有限公司,销售,7467.0
2025,2,江苏淮海新能源车辆有限公司,销售,11615.0
2025,2,长铃集团长春摩托车工业有限公司,销售,5800.0
2025,2,济南大隆机车工业有限公司,销售,9363.0
2025,2,江门市华龙摩托车有限公司,销售,6304.0
2025,2,重庆望江摩托车制造有限公司,销售,6057.0
2025,2,康超集团广州摩托车制造有限公司,销售,9651.0
2025,2,江门市长华集团有限公司,销售,6534.0
2025,2,重庆嘉陵工业有限公司,销售,6900.0
2025,2,金翌车业有限公司,销售,6501.0
2025,2,浙江嘉爵摩托车制造有限公司,销售,1390.0
2025,2,广州福羊科技有限公司,销售,4841.0
2025,2,常州光阳摩托车有限公司,销售,7121.0
2025,2,台州市王野机车有限责任公司,销售,1849.0
2025,2,重庆万虎机电有限责任公司,销售,6382.0
2025,2,宁波市龙嘉摩托车有限公司,销售,3840.0
2025,2,浙江华洋赛车股份有限公司,销售,1749.0
2025,2,重庆光宇摩托车制造有限公司,销售,4022.0
2025,2,江门市迪豪摩托车有限公司,销售,4659.0
2025,2,杭州土星动力科技有限公司,销售,4698.0
2025,2,增城市东阳摩托车实业有限公司,销售,0.0
2025,2,浙江森铃摩托车有限公司,销售,4281.0
2025,2,浙江天本车业有限公司,销售,2524.0
2025,2,济南轻骑摩托车有限公司,销售,3657.0
2025,2,宁波东方凌云车辆制造有限公司,销售,3135.0
2025,2,三友控股集团银友摩托车有限公司,销售,725.0
2025,2,宁波市龙嘉动力科技有限公司,销售,2855.0
2025,2,重庆劲扬摩托车工业有限公司,销售,1706.0
2025,2,东莞市台铃车业有限公司,销售,3755.0
2025,2,台州市椒江之威摩托车制造有限公司,销售,1084.0
2025,2,西藏新珠峰摩托车有限公司,销售,2840.0
2025,2,江苏创新摩托车制造有限公司,销售,2965.0
2025,2,广州五羊摩托有限公司,销售,698.0
2025,2,金城集团有限公司,销售,1102.0
2025,2,江苏林芝山阳集团有限公司,销售,1344.0
2025,2,福建省晋江市三力机车有限公司,销售,406.0
2025,2,重庆新感觉摩托车有限公司,销售,955.0
2025,2,浙江吉铭实业有限公司,销售,2117.0
2025,2,宝岛车业集团有限公司,销售,1355.0
2025,2,慈溪金轮机车制造有限公司,销售,373.0
2025,2,重庆恒胜集团有限公司,销售,706.0
2025,2,浙江幸福摩托机械有限公司,销售,415.0
2025,2,广州番禺豪剑摩托车工业有限公司,销售,192.0
2025,2,江苏新陵摩托车制造有限公司,销售,545.0
2025,2,山东马拉贝斯车业有限公司,销售,499.0
2025,2,浙江日雅摩托车有限公司,销售,3.0
2025,2,浙江黄岩三叶集团有限公司,销售,61.0
2025,2,立峰集团有限公司,销售,218.0
2025,2,江苏林海动力机械集团有限公司,销售,208.0
2025,2,洛阳盛江红强摩托车有限公司,销售,131.0
2025,2,广东大联统摩托车有限公司,销售,75.0
2025,2,重庆双庆产业集团有限公司,销售,45.0
2025,2,佛山市佛斯弟摩托车制造有限公司,销售,0.0
2025,2,上海本菱摩托车制造有限公司,销售,0.0
2025,2,江苏跃进摩托车制造有限责任公司,销售,0.0
2025,3,江门市大长江集团有限公司,生产,207997.0
2025,3,重庆隆鑫机车有限公司,生产,179820.0
2025,3,宗申产业集团有限公司,生产,143147.0
2025,3,雅迪科技集团有限公司,生产,115470.0
2025,3,广东大冶摩托车技术有限公司,生产,102530.0
2025,3,新大洲本田摩托(苏州)有限公司,生产,81524.0
2025,3,重庆银翔摩托车集团有限公司,生产,59941.0
2025,3,广州豪进摩托车股份有限公司,生产,81552.0
2025,3,洛阳北方企业集团有限公司,生产,59058.0
2025,3,江门市珠峰摩托车有限公司,生产,54904.0
2025,3,五羊-本田摩托（广州）有限公司,生产,41421.0
2025,3,浙江绿源电动车有限公司,生产,58286.0
2025,3,浙江钱江摩托股份有限公司,生产,52537.0
2025,3,力帆实业（集团）股份有限公司,生产,41953.0
2025,3,广州大运摩托车有限公司,生产,34741.0
2025,3,重庆航天巴山摩托车制造有限公司,生产,28072.0
2025,3,浙江春风动力股份有限公司,生产,49815.0
2025,3,厦门厦杏摩托有限公司,生产,33884.0
2025,3,江苏新日电动车股份有限公司,生产,30521.0
2025,3,重庆润通智能装备有限公司,生产,21732.0
2025,3,济南轻骑铃木摩托车有限公司,生产,23252.0
2025,3,广东星际机车科技有限公司,生产,24447.0
2025,3,广州三雅摩托车有限公司,生产,20663.0
2025,3,重庆鑫源摩托车股份有限公司,生产,17497.0
2025,3,珠海珠江车业有限公司,生产,17618.0
2025,3,重庆安第斯摩托车制造有限公司,生产,22822.0
2025,3,重庆银钢科技(集团)有限公司,生产,18838.0
2025,3,广州天马集团天马摩托车有限公司,生产,20018.0
2025,3,江苏众星摩托有限公司,生产,16031.0
2025,3,山东五星车辆股份有限公司,生产,16566.0
2025,3,重庆建设机电有限责任公司,生产,12014.0
2025,3,江苏淮海新能源车辆有限公司,生产,19173.0
2025,3,山东巴士新能源车业有限公司,生产,17132.0
2025,3,常州光阳摩托车有限公司,生产,18305.0
2025,3,济南大隆机车工业有限公司,生产,13653.0
2025,3,鹤山国机南联摩托车工业有限公司,生产,9341.0
2025,3,长铃集团长春摩托车工业有限公司,生产,10000.0
2025,3,重庆望江摩托车制造有限公司,生产,12616.0
2025,3,重庆嘉陵工业有限公司,生产,10569.0
2025,3,金翌车业有限公司,生产,10190.0
2025,3,江门市华龙摩托车有限公司,生产,5028.0
2025,3,康超集团广州摩托车制造有限公司,生产,4775.0
2025,3,浙江嘉爵摩托车制造有限公司,生产,7175.0
2025,3,江门市长华集团有限公司,生产,4422.0
2025,3,重庆万虎机电有限责任公司,生产,7053.0
2025,3,广州福羊科技有限公司,生产,6103.0
2025,3,杭州土星动力科技有限公司,生产,11058.0
2025,3,台州市王野机车有限责任公司,生产,3470.0
2025,3,宁波市龙嘉动力科技有限公司,生产,9857.0
2025,3,江门市迪豪摩托车有限公司,生产,4569.0
2025,3,宁波市龙嘉摩托车有限公司,生产,4660.0
2025,3,浙江华洋赛车股份有限公司,生产,7615.0
2025,3,重庆光宇摩托车制造有限公司,生产,2248.0
2025,3,增城市东阳摩托车实业有限公司,生产,6653.0
2025,3,浙江天本车业有限公司,生产,6028.0
2025,3,浙江森铃摩托车有限公司,生产,4028.0
2025,3,济南轻骑摩托车有限公司,生产,4527.0
2025,3,东莞市台铃车业有限公司,生产,5131.0
2025,3,台州市椒江之威摩托车制造有限公司,生产,4695.0
2025,3,西藏新珠峰摩托车有限公司,生产,5300.0
2025,3,重庆劲扬摩托车工业有限公司,生产,3176.0
2025,3,江苏创新摩托车制造有限公司,生产,4000.0
2025,3,宁波东方凌云车辆制造有限公司,生产,2063.0
2025,3,三友控股集团银友摩托车有限公司,生产,1251.0
2025,3,重庆新感觉摩托车有限公司,生产,2071.0
2025,3,宝岛车业集团有限公司,生产,3751.0
2025,3,江苏林芝山阳集团有限公司,生产,2256.0
2025,3,广州五羊摩托有限公司,生产,1641.0
2025,3,江苏林海动力机械集团有限公司,生产,3685.0
2025,3,浙江吉铭实业有限公司,生产,2004.0
2025,3,金城集团有限公司,生产,1413.0
2025,3,福建省晋江市三力机车有限公司,生产,1015.0
2025,3,佛山市佛斯弟摩托车制造有限公司,生产,2643.0
2025,3,慈溪金轮机车制造有限公司,生产,838.0
2025,3,重庆恒胜集团有限公司,生产,798.0
2025,3,江苏新陵摩托车制造有限公司,生产,852.0
2025,3,广州番禺豪剑摩托车工业有限公司,生产,708.0
2025,3,浙江幸福摩托机械有限公司,生产,567.0
2025,3,山东马拉贝斯车业有限公司,生产,619.0
2025,3,浙江日雅摩托车有限公司,生产,162.0
2025,3,浙江黄岩三叶集团有限公司,生产,572.0
2025,3,立峰集团有限公司,生产,107.0
2025,3,洛阳盛江红强摩托车有限公司,生产,142.0
2025,3,广东大联统摩托车有限公司,生产,122.0
2025,3,重庆双庆产业集团有限公司,生产,110.0
2025,3,江苏跃进摩托车制造有限责任公司,生产,62.0
2025,3,上海本菱摩托车制造有限公司,生产,0.0
2025,3,江门市大长江集团有限公司,销售,200766.0
2025,3,重庆隆鑫机车有限公司,销售,174635.0
2025,3,宗申产业集团有限公司,销售,147259.0
2025,3,雅迪科技集团有限公司,销售,109409.0
2025,3,广东大冶摩托车技术有限公司,销售,104539.0
2025,3,重庆银翔摩托车集团有限公司,销售,59940.0
2025,3,新大洲本田摩托(苏州)有限公司,销售,75957.0
2025,3,广州豪进摩托车股份有限公司,销售,66912.0
2025,3,洛阳北方企业集团有限公司,销售,59892.0
2025,3,江门市珠峰摩托车有限公司,销售,54496.0
2025,3,五羊-本田摩托（广州）有限公司,销售,47283.0
2025,3,浙江绿源电动车有限公司,销售,57602.0
2025,3,力帆实业（集团）股份有限公司,销售,39830.0
2025,3,浙江钱江摩托股份有限公司,销售,38492.0
2025,3,广州大运摩托车有限公司,销售,35012.0
2025,3,浙江春风动力股份有限公司,销售,56148.0
2025,3,重庆航天巴山摩托车制造有限公司,销售,28638.0
2025,3,厦门厦杏摩托有限公司,销售,31082.0
2025,3,济南轻骑铃木摩托车有限公司,销售,28766.0
2025,3,江苏新日电动车股份有限公司,销售,29136.0
2025,3,重庆润通智能装备有限公司,销售,21768.0
2025,3,重庆鑫源摩托车股份有限公司,销售,21188.0
2025,3,广东星际机车科技有限公司,销售,24447.0
2025,3,广州三雅摩托车有限公司,销售,20725.0
2025,3,广州天马集团天马摩托车有限公司,销售,20882.0
2025,3,重庆安第斯摩托车制造有限公司,销售,21387.0
2025,3,珠海珠江车业有限公司,销售,15008.0
2025,3,重庆银钢科技(集团)有限公司,销售,18962.0
2025,3,江苏众星摩托有限公司,销售,15981.0
2025,3,山东五星车辆股份有限公司,销售,17813.0
2025,3,重庆建设机电有限责任公司,销售,10679.0
2025,3,江苏淮海新能源车辆有限公司,销售,19173.0
2025,3,山东巴士新能源车业有限公司,销售,16548.0
2025,3,济南大隆机车工业有限公司,销售,13672.0
2025,3,鹤山国机南联摩托车工业有限公司,销售,9353.0
2025,3,长铃集团长春摩托车工业有限公司,销售,10000.0
2025,3,常州光阳摩托车有限公司,销售,15687.0
2025,3,重庆嘉陵工业有限公司,销售,12171.0
2025,3,重庆望江摩托车制造有限公司,销售,9124.0
2025,3,江门市华龙摩托车有限公司,销售,7319.0
2025,3,金翌车业有限公司,销售,10054.0
2025,3,康超集团广州摩托车制造有限公司,销售,4776.0
2025,3,江门市长华集团有限公司,销售,4422.0
2025,3,浙江嘉爵摩托车制造有限公司,销售,7175.0
2025,3,广州福羊科技有限公司,销售,6103.0
2025,3,重庆万虎机电有限责任公司,销售,6615.0
2025,3,杭州土星动力科技有限公司,销售,10479.0
2025,3,宁波市龙嘉摩托车有限公司,销售,6461.0
2025,3,台州市王野机车有限责任公司,销售,3470.0
2025,3,江门市迪豪摩托车有限公司,销售,5954.0
2025,3,宁波市龙嘉动力科技有限公司,销售,9239.0
2025,3,浙江华洋赛车股份有限公司,销售,3580.0
2025,3,重庆光宇摩托车制造有限公司,销售,3299.0
2025,3,浙江天本车业有限公司,销售,6028.0
2025,3,增城市东阳摩托车实业有限公司,销售,4865.0
2025,3,浙江森铃摩托车有限公司,销售,4425.0
2025,3,东莞市台铃车业有限公司,销售,4921.0
2025,3,济南轻骑摩托车有限公司,销售,3653.0
2025,3,台州市椒江之威摩托车制造有限公司,销售,4680.0
2025,3,西藏新珠峰摩托车有限公司,销售,5300.0
2025,3,重庆劲扬摩托车工业有限公司,销售,3176.0
2025,3,江苏创新摩托车制造有限公司,销售,4210.0
2025,3,宁波东方凌云车辆制造有限公司,销售,2068.0
2025,3,三友控股集团银友摩托车有限公司,销售,1251.0
2025,3,宝岛车业集团有限公司,销售,3751.0
2025,3,广州五羊摩托有限公司,销售,2496.0
2025,3,重庆新感觉摩托车有限公司,销售,2734.0
2025,3,江苏林芝山阳集团有限公司,销售,2256.0
2025,3,浙江吉铭实业有限公司,销售,1762.0
2025,3,金城集团有限公司,销售,1318.0
2025,3,江苏林海动力机械集团有限公司,销售,3528.0
2025,3,福建省晋江市三力机车有限公司,销售,1015.0
2025,3,佛山市佛斯弟摩托车制造有限公司,销售,2643.0
2025,3,慈溪金轮机车制造有限公司,销售,846.0
2025,3,重庆恒胜集团有限公司,销售,798.0
2025,3,江苏新陵摩托车制造有限公司,销售,863.0
2025,3,广州番禺豪剑摩托车工业有限公司,销售,708.0
2025,3,浙江幸福摩托机械有限公司,销售,575.0
2025,3,山东马拉贝斯车业有限公司,销售,619.0
2025,3,浙江日雅摩托车有限公司,销售,773.0
2025,3,浙江黄岩三叶集团有限公司,销售,421.0
2025,3,立峰集团有限公司,销售,107.0
2025,3,洛阳盛江红强摩托车有限公司,销售,142.0
2025,3,广东大联统摩托车有限公司,销售,122.0
2025,3,重庆双庆产业集团有限公司,销售,150.0
2025,3,江苏跃进摩托车制造有限责任公司,销售,62.0
2025,3,上海本菱摩托车制造有限公司,销售,0.0
2025,4,江门市大长江集团有限公司,生产,229527.0
2025,4,重庆隆鑫机车有限公司,生产,188462.0
2025,4,宗申产业集团有限公司,生产,155557.0
2025,4,雅迪科技集团有限公司,生产,80768.0
2025,4,广东大冶摩托车技术有限公司,生产,97134.0
2025,4,新大洲本田摩托(苏州)有限公司,生产,84354.0
2025,4,广州豪进摩托车股份有限公司,生产,61117.0
2025,4,重庆银翔摩托车集团有限公司,生产,49885.0
2025,4,洛阳北方企业集团有限公司,生产,66337.0
2025,4,江门市珠峰摩托车有限公司,生产,72090.0
2025,4,五羊-本田摩托（广州）有限公司,生产,56564.0
2025,4,浙江绿源电动车有限公司,生产,36741.0
2025,4,浙江钱江摩托股份有限公司,生产,43478.0
2025,4,重庆千里科技股份有限公司,生产,49869.0
2025,4,浙江春风动力股份有限公司,生产,61216.0
2025,4,广州大运摩托车有限公司,生产,35801.0
2025,4,重庆航天巴山摩托车制造有限公司,生产,36580.0
2025,4,厦门厦杏摩托有限公司,生产,32275.0
2025,4,重庆润通智能装备有限公司,生产,36584.0
2025,4,江苏新日电动车股份有限公司,生产,19956.0
2025,4,济南轻骑铃木摩托车有限公司,生产,28272.0
2025,4,广东星际机车科技有限公司,生产,20500.0
2025,4,广州三雅摩托车有限公司,生产,20739.0
2025,4,珠海珠江车业有限公司,生产,22417.0
2025,4,重庆鑫源摩托车股份有限公司,生产,16549.0
2025,4,广州天马集团天马摩托车有限公司,生产,23020.0
2025,4,重庆安第斯摩托车制造有限公司,生产,20176.0
2025,4,重庆银钢科技(集团)有限公司,生产,19076.0
2025,4,江苏众星摩托有限公司,生产,15143.0
2025,4,重庆建设机电有限责任公司,生产,15680.0
2025,4,山东五星车辆股份有限公司,生产,12775.0
2025,4,江苏淮海新能源车辆有限公司,生产,15015.0
2025,4,山东巴士新能源车业有限公司,生产,12589.0
2025,4,常州光阳摩托车有限公司,生产,19663.0
2025,4,长铃集团长春摩托车工业有限公司,生产,19105.0
2025,4,鹤山国机南联摩托车工业有限公司,生产,14181.0
2025,4,济南大隆机车工业有限公司,生产,13376.0
2025,4,重庆嘉陵工业有限公司,生产,14186.0
2025,4,江门市长华集团有限公司,生产,19125.0
2025,4,重庆望江摩托车制造有限公司,生产,8994.0
2025,4,金翌车业有限公司,生产,9020.0
2025,4,江门市华龙摩托车有限公司,生产,10414.0
2025,4,杭州土星动力科技有限公司,生产,11981.0
2025,4,康超集团广州摩托车制造有限公司,生产,8578.0
2025,4,台州市王野机车有限责任公司,生产,12602.0
2025,4,广州福羊科技有限公司,生产,8357.0
2025,4,重庆万虎机电有限责任公司,生产,7056.0
2025,4,宁波市龙嘉动力科技有限公司,生产,9940.0
2025,4,浙江嘉爵摩托车制造有限公司,生产,2938.0
2025,4,浙江华洋赛车股份有限公司,生产,9199.0
2025,4,江门市迪豪摩托车有限公司,生产,7136.0
2025,4,浙江天本车业有限公司,生产,6642.0
2025,4,浙江森铃摩托车有限公司,生产,5603.0
2025,4,重庆光宇摩托车制造有限公司,生产,4892.0
2025,4,宁波市龙嘉摩托车有限公司,生产,3174.0
2025,4,东莞市台铃车业有限公司,生产,6451.0
2025,4,西藏新珠峰摩托车有限公司,生产,7395.0
2025,4,增城市东阳摩托车实业有限公司,生产,4632.0
2025,4,济南轻骑摩托车有限公司,生产,5174.0
2025,4,台州市椒江之威摩托车制造有限公司,生产,4362.0
2025,4,重庆劲扬摩托车工业有限公司,生产,3623.0
2025,4,宁波东方凌云车辆制造有限公司,生产,2518.0
2025,4,江苏创新摩托车制造有限公司,生产,1650.0
2025,4,江苏林海动力机械集团有限公司,生产,4642.0
2025,4,三友控股集团银友摩托车有限公司,生产,824.0
2025,4,宝岛车业集团有限公司,生产,2119.0
2025,4,浙江吉铭实业有限公司,生产,2640.0
2025,4,重庆新感觉摩托车有限公司,生产,1027.0
2025,4,江苏林芝山阳集团有限公司,生产,1860.0
2025,4,广州五羊摩托有限公司,生产,1799.0
2025,4,金城集团有限公司,生产,1764.0
2025,4,佛山市佛斯弟摩托车制造有限公司,生产,2698.0
2025,4,福建省晋江市三力机车有限公司,生产,1455.0
2025,4,慈溪金轮机车制造有限公司,生产,1055.0
2025,4,重庆恒胜集团有限公司,生产,812.0
2025,4,广州番禺豪剑摩托车工业有限公司,生产,1128.0
2025,4,江苏新陵摩托车制造有限公司,生产,568.0
2025,4,浙江幸福摩托机械有限公司,生产,558.0
2025,4,浙江黄岩三叶集团有限公司,生产,794.0
2025,4,山东马拉贝斯车业有限公司,生产,277.0
2025,4,浙江日雅摩托车有限公司,生产,394.0
2025,4,洛阳盛江红强摩托车有限公司,生产,278.0
2025,4,立峰集团有限公司,生产,189.0
2025,4,广东大联统摩托车有限公司,生产,50.0
2025,4,重庆双庆产业集团有限公司,生产,165.0
2025,4,江苏跃进摩托车制造有限责任公司,生产,79.0
2025,4,上海本菱摩托车制造有限公司,生产,0.0
2025,4,江门市大长江集团有限公司,销售,227947.0
2025,4,重庆隆鑫机车有限公司,销售,172186.0
2025,4,宗申产业集团有限公司,销售,151404.0
2025,4,雅迪科技集团有限公司,销售,76588.0
2025,4,广东大冶摩托车技术有限公司,销售,97132.0
2025,4,新大洲本田摩托(苏州)有限公司,销售,85811.0
2025,4,重庆银翔摩托车集团有限公司,销售,49885.0
2025,4,广州豪进摩托车股份有限公司,销售,62923.0
2025,4,洛阳北方企业集团有限公司,销售,66209.0
2025,4,江门市珠峰摩托车有限公司,销售,66867.0
2025,4,五羊-本田摩托（广州）有限公司,销售,48745.0
2025,4,浙江绿源电动车有限公司,销售,34387.0
2025,4,重庆千里科技股份有限公司,销售,48933.0
2025,4,浙江春风动力股份有限公司,销售,55733.0
2025,4,浙江钱江摩托股份有限公司,销售,34854.0
2025,4,广州大运摩托车有限公司,销售,36049.0
2025,4,重庆航天巴山摩托车制造有限公司,销售,36442.0
2025,4,厦门厦杏摩托有限公司,销售,29492.0
2025,4,重庆润通智能装备有限公司,销售,37744.0
2025,4,济南轻骑铃木摩托车有限公司,销售,27838.0
2025,4,江苏新日电动车股份有限公司,销售,19460.0
2025,4,广州天马集团天马摩托车有限公司,销售,25892.0
2025,4,珠海珠江车业有限公司,销售,27379.0
2025,4,广东星际机车科技有限公司,销售,20500.0
2025,4,广州三雅摩托车有限公司,销售,20763.0
2025,4,重庆鑫源摩托车股份有限公司,销售,17360.0
2025,4,重庆安第斯摩托车制造有限公司,销售,19413.0
2025,4,重庆银钢科技(集团)有限公司,销售,19045.0
2025,4,江苏众星摩托有限公司,销售,15096.0
2025,4,重庆建设机电有限责任公司,销售,17285.0
2025,4,山东五星车辆股份有限公司,销售,13807.0
2025,4,江苏淮海新能源车辆有限公司,销售,15015.0
2025,4,山东巴士新能源车业有限公司,销售,13116.0
2025,4,长铃集团长春摩托车工业有限公司,销售,19105.0
2025,4,常州光阳摩托车有限公司,销售,19533.0
2025,4,济南大隆机车工业有限公司,销售,13400.0
2025,4,鹤山国机南联摩托车工业有限公司,销售,14158.0
2025,4,重庆嘉陵工业有限公司,销售,15017.0
2025,4,江门市长华集团有限公司,销售,19125.0
2025,4,重庆望江摩托车制造有限公司,销售,9071.0
2025,4,江门市华龙摩托车有限公司,销售,9466.0
2025,4,金翌车业有限公司,销售,8973.0
2025,4,杭州土星动力科技有限公司,销售,13050.0
2025,4,康超集团广州摩托车制造有限公司,销售,8578.0
2025,4,台州市王野机车有限责任公司,销售,12602.0
2025,4,广州福羊科技有限公司,销售,8357.0
2025,4,重庆万虎机电有限责任公司,销售,7023.0
2025,4,宁波市龙嘉动力科技有限公司,销售,9506.0
2025,4,浙江嘉爵摩托车制造有限公司,销售,2938.0
2025,4,江门市迪豪摩托车有限公司,销售,7044.0
2025,4,浙江华洋赛车股份有限公司,销售,8166.0
2025,4,宁波市龙嘉摩托车有限公司,销售,2234.0
2025,4,浙江天本车业有限公司,销售,6642.0
2025,4,增城市东阳摩托车实业有限公司,销售,6362.0
2025,4,浙江森铃摩托车有限公司,销售,6826.0
2025,4,重庆光宇摩托车制造有限公司,销售,4624.0
2025,4,西藏新珠峰摩托车有限公司,销售,7395.0
2025,4,东莞市台铃车业有限公司,销售,6451.0
2025,4,济南轻骑摩托车有限公司,销售,6605.0
2025,4,台州市椒江之威摩托车制造有限公司,销售,4298.0
2025,4,重庆劲扬摩托车工业有限公司,销售,3623.0
2025,4,宁波东方凌云车辆制造有限公司,销售,2569.0
2025,4,江苏创新摩托车制造有限公司,销售,1516.0
2025,4,宝岛车业集团有限公司,销售,2119.0
2025,4,三友控股集团银友摩托车有限公司,销售,824.0
2025,4,广州五羊摩托有限公司,销售,1933.0
2025,4,江苏林海动力机械集团有限公司,销售,3328.0
2025,4,江苏林芝山阳集团有限公司,销售,1860.0
2025,4,浙江吉铭实业有限公司,销售,2366.0
2025,4,重庆新感觉摩托车有限公司,销售,1103.0
2025,4,金城集团有限公司,销售,1773.0
2025,4,佛山市佛斯弟摩托车制造有限公司,销售,2698.0
2025,4,福建省晋江市三力机车有限公司,销售,1455.0
2025,4,慈溪金轮机车制造有限公司,销售,1052.0
2025,4,重庆恒胜集团有限公司,销售,812.0
2025,4,广州番禺豪剑摩托车工业有限公司,销售,1128.0
2025,4,江苏新陵摩托车制造有限公司,销售,568.0
2025,4,浙江幸福摩托机械有限公司,销售,549.0
2025,4,山东马拉贝斯车业有限公司,销售,277.0
2025,4,浙江日雅摩托车有限公司,销售,338.0
2025,4,浙江黄岩三叶集团有限公司,销售,651.0
2025,4,立峰集团有限公司,销售,189.0
2025,4,洛阳盛江红强摩托车有限公司,销售,278.0
2025,4,重庆双庆产业集团有限公司,销售,165.0
2025,4,广东大联统摩托车有限公司,销售,50.0
2025,4,江苏跃进摩托车制造有限责任公司,销售,79.0
2025,4,上海本菱摩托车制造有限公司,销售,0.0
2025,5,江门市大长江集团有限公司,生产,226159.0
2025,5,重庆隆鑫机车有限公司,生产,141551.0
2025,5,宗申产业集团有限公司,生产,146723.0
2025,5,雅迪科技集团有限公司,生产,81979.0
2025,5,广东大冶摩托车技术有限公司,生产,66637.0
2025,5,新大洲本田摩托(苏州)有限公司,生产,94536.0
2025,5,重庆银翔摩托车集团有限公司,生产,66593.0
2025,5,广州豪进摩托车股份有限公司,生产,57470.0
2025,5,洛阳北方企业集团有限公司,生产,56151.0
2025,5,江门市珠峰摩托车有限公司,生产,51869.0
2025,5,五羊-本田摩托（广州）有限公司,生产,50503.0
2025,5,重庆千里科技股份有限公司,生产,55211.0
2025,5,浙江春风动力股份有限公司,生产,60159.0
2025,5,浙江绿源电动车有限公司,生产,36987.0
2025,5,浙江钱江摩托股份有限公司,生产,33307.0
2025,5,广州大运摩托车有限公司,生产,35801.0
2025,5,重庆航天巴山摩托车制造有限公司,生产,29791.0
2025,5,厦门厦杏摩托有限公司,生产,30194.0
2025,5,重庆润通智能装备有限公司,生产,20435.0
2025,5,济南轻骑铃木摩托车有限公司,生产,24942.0
2025,5,广州三雅摩托车有限公司,生产,20852.0
2025,5,江苏新日电动车股份有限公司,生产,10919.0
2025,5,珠海珠江车业有限公司,生产,21869.0
2025,5,广东星际机车科技有限公司,生产,17970.0
2025,5,重庆鑫源摩托车股份有限公司,生产,23480.0
2025,5,广州天马集团天马摩托车有限公司,生产,23033.0
2025,5,重庆安第斯摩托车制造有限公司,生产,21317.0
2025,5,重庆银钢科技(集团)有限公司,生产,20151.0
2025,5,江苏众星摩托有限公司,生产,14558.0
2025,5,重庆建设机电有限责任公司,生产,14365.0
2025,5,常州光阳摩托车有限公司,生产,18602.0
2025,5,江苏淮海新能源车辆有限公司,生产,13526.0
2025,5,山东五星车辆股份有限公司,生产,12618.0
2025,5,长铃集团长春摩托车工业有限公司,生产,17551.0
2025,5,山东巴士新能源车业有限公司,生产,9961.0
2025,5,鹤山国机南联摩托车工业有限公司,生产,9518.0
2025,5,重庆嘉陵工业有限公司,生产,12841.0
2025,5,江门市长华集团有限公司,生产,14076.0
2025,5,济南大隆机车工业有限公司,生产,7903.0
2025,5,杭州土星动力科技有限公司,生产,13120.0
2025,5,重庆望江摩托车制造有限公司,生产,5204.0
2025,5,康超集团广州摩托车制造有限公司,生产,9706.0
2025,5,金翌车业有限公司,生产,5690.0
2025,5,江门市华龙摩托车有限公司,生产,5442.0
2025,5,台州市王野机车有限责任公司,生产,9077.0
2025,5,宁波市龙嘉动力科技有限公司,生产,9429.0
2025,5,浙江华洋赛车股份有限公司,生产,10609.0
2025,5,广州福羊科技有限公司,生产,5488.0
2025,5,重庆万虎机电有限责任公司,生产,4957.0
2025,5,江门市迪豪摩托车有限公司,生产,6644.0
2025,5,浙江嘉爵摩托车制造有限公司,生产,5534.0
2025,5,西藏新珠峰摩托车有限公司,生产,9920.0
2025,5,东莞市台铃车业有限公司,生产,8260.0
2025,5,浙江天本车业有限公司,生产,5395.0
2025,5,宁波市龙嘉摩托车有限公司,生产,5748.0
2025,5,重庆光宇摩托车制造有限公司,生产,4744.0
2025,5,浙江森铃摩托车有限公司,生产,4383.0
2025,5,增城市东阳摩托车实业有限公司,生产,4978.0
2025,5,济南轻骑摩托车有限公司,生产,5003.0
2025,5,台州市椒江之威摩托车制造有限公司,生产,4051.0
2025,5,重庆劲扬摩托车工业有限公司,生产,4517.0
2025,5,宁波东方凌云车辆制造有限公司,生产,1927.0
2025,5,江苏林海动力机械集团有限公司,生产,3170.0
2025,5,江苏创新摩托车制造有限公司,生产,1500.0
2025,5,佛山市佛斯弟摩托车制造有限公司,生产,4376.0
2025,5,宝岛车业集团有限公司,生产,1766.0
2025,5,重庆新感觉摩托车有限公司,生产,1871.0
2025,5,广州五羊摩托有限公司,生产,1875.0
2025,5,三友控股集团银友摩托车有限公司,生产,4.0
2025,5,江苏林芝山阳集团有限公司,生产,1174.0
2025,5,浙江吉铭实业有限公司,生产,959.0
2025,5,金城集团有限公司,生产,1421.0
2025,5,福建省晋江市三力机车有限公司,生产,2220.0
2025,5,慈溪金轮机车制造有限公司,生产,831.0
2025,5,重庆恒胜集团有限公司,生产,651.0
2025,5,广州番禺豪剑摩托车工业有限公司,生产,708.0
2025,5,江苏新陵摩托车制造有限公司,生产,590.0
2025,5,浙江幸福摩托机械有限公司,生产,816.0
2025,5,山东马拉贝斯车业有限公司,生产,415.0
2025,5,浙江黄岩三叶集团有限公司,生产,303.0
2025,5,浙江日雅摩托车有限公司,生产,455.0
2025,5,洛阳盛江红强摩托车有限公司,生产,188.0
2025,5,立峰集团有限公司,生产,116.0
2025,5,重庆双庆产业集团有限公司,生产,120.0
2025,5,广东大联统摩托车有限公司,生产,58.0
2025,5,江苏跃进摩托车制造有限责任公司,生产,60.0
2025,5,上海本菱摩托车制造有限公司,生产,0.0
2025,5,江门市大长江集团有限公司,销售,247291.0
2025,5,重庆隆鑫机车有限公司,销售,148181.0
2025,5,宗申产业集团有限公司,销售,143658.0
2025,5,雅迪科技集团有限公司,销售,79626.0
2025,5,广东大冶摩托车技术有限公司,销售,66635.0
2025,5,新大洲本田摩托(苏州)有限公司,销售,89372.0
2025,5,重庆银翔摩托车集团有限公司,销售,66593.0
2025,5,广州豪进摩托车股份有限公司,销售,60074.0
2025,5,洛阳北方企业集团有限公司,销售,55759.0
2025,5,江门市珠峰摩托车有限公司,销售,44412.0
2025,5,五羊-本田摩托（广州）有限公司,销售,50337.0
2025,5,浙江春风动力股份有限公司,销售,63255.0
2025,5,重庆千里科技股份有限公司,销售,51178.0
2025,5,浙江绿源电动车有限公司,销售,38218.0
2025,5,浙江钱江摩托股份有限公司,销售,36710.0
2025,5,广州大运摩托车有限公司,销售,36241.0
2025,5,重庆航天巴山摩托车制造有限公司,销售,29001.0
2025,5,厦门厦杏摩托有限公司,销售,31685.0
2025,5,济南轻骑铃木摩托车有限公司,销售,26286.0
2025,5,重庆润通智能装备有限公司,销售,20047.0
2025,5,广州天马集团天马摩托车有限公司,销售,25074.0
2025,5,珠海珠江车业有限公司,销售,23640.0
2025,5,重庆鑫源摩托车股份有限公司,销售,25955.0
2025,5,江苏新日电动车股份有限公司,销售,14796.0
2025,5,广州三雅摩托车有限公司,销售,20860.0
2025,5,重庆安第斯摩托车制造有限公司,销售,25680.0
2025,5,广东星际机车科技有限公司,销售,17970.0
2025,5,重庆银钢科技(集团)有限公司,销售,20305.0
2025,5,江苏众星摩托有限公司,销售,14512.0
2025,5,重庆建设机电有限责任公司,销售,13853.0
2025,5,常州光阳摩托车有限公司,销售,21117.0
2025,5,江苏淮海新能源车辆有限公司,销售,13526.0
2025,5,山东五星车辆股份有限公司,销售,12772.0
2025,5,长铃集团长春摩托车工业有限公司,销售,17551.0
2025,5,山东巴士新能源车业有限公司,销售,10130.0
2025,5,鹤山国机南联摩托车工业有限公司,销售,9454.0
2025,5,江门市长华集团有限公司,销售,14076.0
2025,5,济南大隆机车工业有限公司,销售,7912.0
2025,5,重庆嘉陵工业有限公司,销售,10216.0
2025,5,杭州土星动力科技有限公司,销售,11987.0
2025,5,江门市华龙摩托车有限公司,销售,5894.0
2025,5,重庆望江摩托车制造有限公司,销售,5164.0
2025,5,康超集团广州摩托车制造有限公司,销售,9706.0
2025,5,金翌车业有限公司,销售,5844.0
2025,5,台州市王野机车有限责任公司,销售,9077.0
2025,5,宁波市龙嘉动力科技有限公司,销售,10107.0
2025,5,浙江华洋赛车股份有限公司,销售,11009.0
2025,5,广州福羊科技有限公司,销售,5488.0
2025,5,重庆万虎机电有限责任公司,销售,5541.0
2025,5,浙江嘉爵摩托车制造有限公司,销售,5534.0
2025,5,西藏新珠峰摩托车有限公司,销售,9920.0
2025,5,江门市迪豪摩托车有限公司,销售,3834.0
2025,5,东莞市台铃车业有限公司,销售,8265.0
2025,5,浙江天本车业有限公司,销售,5395.0
2025,5,宁波市龙嘉摩托车有限公司,销售,4924.0
2025,5,增城市东阳摩托车实业有限公司,销售,4834.0
2025,5,重庆光宇摩托车制造有限公司,销售,4333.0
2025,5,浙江森铃摩托车有限公司,销售,3998.0
2025,5,济南轻骑摩托车有限公司,销售,4884.0
2025,5,台州市椒江之威摩托车制造有限公司,销售,4068.0
2025,5,重庆劲扬摩托车工业有限公司,销售,4517.0
2025,5,宁波东方凌云车辆制造有限公司,销售,1970.0
2025,5,江苏创新摩托车制造有限公司,销售,1504.0
2025,5,江苏林海动力机械集团有限公司,销售,3120.0
2025,5,宝岛车业集团有限公司,销售,1766.0
2025,5,佛山市佛斯弟摩托车制造有限公司,销售,4376.0
2025,5,广州五羊摩托有限公司,销售,1807.0
2025,5,重庆新感觉摩托车有限公司,销售,1824.0
2025,5,三友控股集团银友摩托车有限公司,销售,4.0
2025,5,江苏林芝山阳集团有限公司,销售,1174.0
2025,5,浙江吉铭实业有限公司,销售,1203.0
2025,5,金城集团有限公司,销售,1425.0
2025,5,福建省晋江市三力机车有限公司,销售,2220.0
2025,5,慈溪金轮机车制造有限公司,销售,828.0
2025,5,重庆恒胜集团有限公司,销售,651.0
2025,5,广州番禺豪剑摩托车工业有限公司,销售,708.0
2025,5,江苏新陵摩托车制造有限公司,销售,587.0
2025,5,浙江幸福摩托机械有限公司,销售,797.0
2025,5,山东马拉贝斯车业有限公司,销售,692.0
2025,5,浙江日雅摩托车有限公司,销售,546.0
2025,5,浙江黄岩三叶集团有限公司,销售,316.0
2025,5,洛阳盛江红强摩托车有限公司,销售,188.0
2025,5,立峰集团有限公司,销售,116.0
2025,5,重庆双庆产业集团有限公司,销售,120.0
2025,5,广东大联统摩托车有限公司,销售,58.0
2025,5,江苏跃进摩托车制造有限责任公司,销售,60.0
2025,5,上海本菱摩托车制造有限公司,销售,0.0
2025,6,江门市大长江集团有限公司,生产,228260.0
2025,6,重庆隆鑫机车有限公司,生产,127084.0
2025,6,宗申产业集团有限公司,生产,138850.0
2025,6,雅迪科技集团有限公司,生产,83761.0
2025,6,广东大冶摩托车技术有限公司,生产,98285.0
2025,6,新大洲本田摩托(苏州)有限公司,生产,97906.0
2025,6,重庆银翔摩托车集团有限公司,生产,62723.0
2025,6,广州豪进摩托车股份有限公司,生产,55820.0
2025,6,洛阳北方企业集团有限公司,生产,58477.0
2025,6,江门市珠峰摩托车有限公司,生产,40222.0
2025,6,五羊-本田摩托（广州）有限公司,生产,45747.0
2025,6,浙江春风动力股份有限公司,生产,69643.0
2025,6,重庆千里科技股份有限公司,生产,45366.0
2025,6,浙江绿源电动车有限公司,生产,26004.0
2025,6,浙江钱江摩托股份有限公司,生产,25663.0
2025,6,广州大运摩托车有限公司,生产,37802.0
2025,6,重庆航天巴山摩托车制造有限公司,生产,35897.0
2025,6,厦门厦杏摩托有限公司,生产,28677.0
2025,6,济南轻骑铃木摩托车有限公司,生产,29011.0
2025,6,重庆润通智能装备有限公司,生产,19658.0
2025,6,广州天马集团天马摩托车有限公司,生产,35954.0
2025,6,广东星际机车科技有限公司,生产,30718.0
2025,6,广州三雅摩托车有限公司,生产,27790.0
2025,6,重庆鑫源摩托车股份有限公司,生产,23830.0
2025,6,重庆安第斯摩托车制造有限公司,生产,23210.0
2025,6,江苏新日电动车股份有限公司,生产,15937.0
2025,6,珠海珠江车业有限公司,生产,16212.0
2025,6,重庆银钢科技(集团)有限公司,生产,19815.0
2025,6,江苏众星摩托有限公司,生产,13848.0
2025,6,常州光阳摩托车有限公司,生产,17270.0
2025,6,长铃集团长春摩托车工业有限公司,生产,19395.0
2025,6,重庆建设机电有限责任公司,生产,10519.0
2025,6,江苏淮海新能源车辆有限公司,生产,12145.0
2025,6,鹤山国机南联摩托车工业有限公司,生产,24998.0
2025,6,山东五星车辆股份有限公司,生产,10111.0
2025,6,山东巴士新能源车业有限公司,生产,6904.0
2025,6,重庆嘉陵工业有限公司,生产,13962.0
2025,6,江门市长华集团有限公司,生产,11911.0
2025,6,济南大隆机车工业有限公司,生产,7910.0
2025,6,杭州土星动力科技有限公司,生产,13913.0
2025,6,台州市王野机车有限责任公司,生产,11076.0
2025,6,重庆望江摩托车制造有限公司,生产,5454.0
2025,6,康超集团广州摩托车制造有限公司,生产,8410.0
2025,6,金翌车业有限公司,生产,4960.0
2025,6,浙江华洋赛车股份有限公司,生产,7806.0
2025,6,宁波市龙嘉动力科技有限公司,生产,6313.0
2025,6,江门市华龙摩托车有限公司,生产,2227.0
2025,6,广州福羊科技有限公司,生产,6704.0
2025,6,西藏新珠峰摩托车有限公司,生产,11060.0
2025,6,江门市迪豪摩托车有限公司,生产,8482.0
2025,6,重庆万虎机电有限责任公司,生产,4764.0
2025,6,浙江嘉爵摩托车制造有限公司,生产,3815.0
2025,6,浙江天本车业有限公司,生产,6469.0
2025,6,东莞市台铃车业有限公司,生产,4956.0
2025,6,宁波市龙嘉摩托车有限公司,生产,5377.0
2025,6,增城市东阳摩托车实业有限公司,生产,6246.0
2025,6,济南轻骑摩托车有限公司,生产,5562.0
2025,6,浙江森铃摩托车有限公司,生产,3643.0
2025,6,重庆光宇摩托车制造有限公司,生产,3077.0
2025,6,台州市椒江之威摩托车制造有限公司,生产,4138.0
2025,6,重庆劲扬摩托车工业有限公司,生产,3374.0
2025,6,江苏林海动力机械集团有限公司,生产,5170.0
2025,6,宁波东方凌云车辆制造有限公司,生产,2045.0
2025,6,佛山市佛斯弟摩托车制造有限公司,生产,3504.0
2025,6,江苏创新摩托车制造有限公司,生产,1450.0
2025,6,重庆新感觉摩托车有限公司,生产,2857.0
2025,6,金城集团有限公司,生产,4012.0
2025,6,宝岛车业集团有限公司,生产,1217.0
2025,6,广州五羊摩托有限公司,生产,1587.0
2025,6,江苏林芝山阳集团有限公司,生产,1824.0
2025,6,浙江吉铭实业有限公司,生产,860.0
2025,6,三友控股集团银友摩托车有限公司,生产,0.0
2025,6,福建省晋江市三力机车有限公司,生产,10.0
2025,6,慈溪金轮机车制造有限公司,生产,779.0
2025,6,广州番禺豪剑摩托车工业有限公司,生产,918.0
2025,6,重庆恒胜集团有限公司,生产,587.0
2025,6,江苏新陵摩托车制造有限公司,生产,800.0
2025,6,浙江幸福摩托机械有限公司,生产,842.0
2025,6,浙江黄岩三叶集团有限公司,生产,461.0
2025,6,山东马拉贝斯车业有限公司,生产,341.0
2025,6,浙江日雅摩托车有限公司,生产,360.0
2025,6,上海本菱摩托车制造有限公司,生产,536.0
2025,6,洛阳盛江红强摩托车有限公司,生产,982.0
2025,6,立峰集团有限公司,生产,139.0
2025,6,重庆双庆产业集团有限公司,生产,115.0
2025,6,广东大联统摩托车有限公司,生产,30.0
2025,6,江苏跃进摩托车制造有限责任公司,生产,10.0
2025,6,江门市大长江集团有限公司,销售,216523.0
2025,6,重庆隆鑫机车有限公司,销售,149449.0
2025,6,宗申产业集团有限公司,销售,138572.0
2025,6,雅迪科技集团有限公司,销售,82218.0
2025,6,广东大冶摩托车技术有限公司,销售,91892.0
2025,6,新大洲本田摩托(苏州)有限公司,销售,101621.0
2025,6,重庆银翔摩托车集团有限公司,销售,62723.0
2025,6,广州豪进摩托车股份有限公司,销售,51703.0
2025,6,洛阳北方企业集团有限公司,销售,57594.0
2025,6,江门市珠峰摩托车有限公司,销售,42153.0
2025,6,五羊-本田摩托（广州）有限公司,销售,51504.0
2025,6,浙江春风动力股份有限公司,销售,54976.0
2025,6,重庆千里科技股份有限公司,销售,44852.0
2025,6,浙江绿源电动车有限公司,销售,26300.0
2025,6,浙江钱江摩托股份有限公司,销售,34783.0
2025,6,广州大运摩托车有限公司,销售,37231.0
2025,6,重庆航天巴山摩托车制造有限公司,销售,36856.0
2025,6,厦门厦杏摩托有限公司,销售,29260.0
2025,6,济南轻骑铃木摩托车有限公司,销售,31071.0
2025,6,重庆润通智能装备有限公司,销售,18267.0
2025,6,广州天马集团天马摩托车有限公司,销售,25343.0
2025,6,广东星际机车科技有限公司,销售,30718.0
2025,6,广州三雅摩托车有限公司,销售,27818.0
2025,6,重庆鑫源摩托车股份有限公司,销售,22747.0
2025,6,重庆安第斯摩托车制造有限公司,销售,23745.0
2025,6,珠海珠江车业有限公司,销售,16902.0
2025,6,江苏新日电动车股份有限公司,销售,14892.0
2025,6,重庆银钢科技(集团)有限公司,销售,19878.0
2025,6,江苏众星摩托有限公司,销售,13804.0
2025,6,常州光阳摩托车有限公司,销售,16945.0
2025,6,长铃集团长春摩托车工业有限公司,销售,19395.0
2025,6,重庆建设机电有限责任公司,销售,9876.0
2025,6,江苏淮海新能源车辆有限公司,销售,12145.0
2025,6,鹤山国机南联摩托车工业有限公司,销售,24995.0
2025,6,山东五星车辆股份有限公司,销售,10634.0
2025,6,山东巴士新能源车业有限公司,销售,6631.0
2025,6,江门市长华集团有限公司,销售,11911.0
2025,6,重庆嘉陵工业有限公司,销售,9975.0
2025,6,济南大隆机车工业有限公司,销售,7914.0
2025,6,杭州土星动力科技有限公司,销售,12649.0
2025,6,台州市王野机车有限责任公司,销售,11076.0
2025,6,康超集团广州摩托车制造有限公司,销售,8410.0
2025,6,江门市华龙摩托车有限公司,销售,6715.0
2025,6,重庆望江摩托车制造有限公司,销售,5426.0
2025,6,金翌车业有限公司,销售,5058.0
2025,6,浙江华洋赛车股份有限公司,销售,10722.0
2025,6,宁波市龙嘉动力科技有限公司,销售,8307.0
2025,6,广州福羊科技有限公司,销售,6704.0
2025,6,西藏新珠峰摩托车有限公司,销售,11060.0
2025,6,重庆万虎机电有限责任公司,销售,5046.0
2025,6,江门市迪豪摩托车有限公司,销售,9283.0
2025,6,浙江嘉爵摩托车制造有限公司,销售,3815.0
2025,6,宁波市龙嘉摩托车有限公司,销售,6833.0
2025,6,浙江天本车业有限公司,销售,6469.0
2025,6,东莞市台铃车业有限公司,销售,4960.0
2025,6,济南轻骑摩托车有限公司,销售,6279.0
2025,6,增城市东阳摩托车实业有限公司,销售,4841.0
2025,6,浙江森铃摩托车有限公司,销售,2747.0
2025,6,重庆光宇摩托车制造有限公司,销售,2078.0
2025,6,台州市椒江之威摩托车制造有限公司,销售,4150.0
2025,6,重庆劲扬摩托车工业有限公司,销售,3374.0
2025,6,江苏林海动力机械集团有限公司,销售,4989.0
2025,6,宁波东方凌云车辆制造有限公司,销售,2129.0
2025,6,江苏创新摩托车制造有限公司,销售,1324.0
2025,6,宝岛车业集团有限公司,销售,1217.0
2025,6,金城集团有限公司,销售,3916.0
2025,6,广州五羊摩托有限公司,销售,1670.0
2025,6,重庆新感觉摩托车有限公司,销售,2404.0
2025,6,佛山市佛斯弟摩托车制造有限公司,销售,0.0
2025,6,江苏林芝山阳集团有限公司,销售,1824.0
2025,6,浙江吉铭实业有限公司,销售,824.0
2025,6,三友控股集团银友摩托车有限公司,销售,0.0
2025,6,福建省晋江市三力机车有限公司,销售,10.0
2025,6,慈溪金轮机车制造有限公司,销售,783.0
2025,6,广州番禺豪剑摩托车工业有限公司,销售,918.0
2025,6,重庆恒胜集团有限公司,销售,587.0
2025,6,浙江幸福摩托机械有限公司,销售,849.0
2025,6,江苏新陵摩托车制造有限公司,销售,800.0
2025,6,山东马拉贝斯车业有限公司,销售,341.0
2025,6,浙江日雅摩托车有限公司,销售,296.0
2025,6,上海本菱摩托车制造有限公司,销售,536.0
2025,6,浙江黄岩三叶集团有限公司,销售,214.0
2025,6,洛阳盛江红强摩托车有限公司,销售,982.0
2025,6,立峰集团有限公司,销售,0.0
2025,6,重庆双庆产业集团有限公司,销售,115.0
2025,6,广东大联统摩托车有限公司,销售,30.0
2025,6,江苏跃进摩托车制造有限责任公司,销售,10.0
2025,7,江门市大长江集团有限公司,生产,252699.0
2025,7,重庆隆鑫机车有限公司,生产,130909.0
2025,7,宗申产业集团有限公司,生产,127296.0
2025,7,雅迪科技集团有限公司,生产,88093.0
2025,7,广东大冶摩托车技术有限公司,生产,94783.0
2025,7,新大洲本田摩托(苏州)有限公司,生产,110562.0
2025,7,重庆银翔摩托车集团有限公司,生产,53310.0
2025,7,广州豪进摩托车股份有限公司,生产,53750.0
2025,7,洛阳北方企业集团有限公司,生产,53277.0
2025,7,江门市珠峰摩托车有限公司,生产,43219.0
2025,7,五羊-本田摩托（广州）有限公司,生产,56616.0
2025,7,浙江春风动力股份有限公司,生产,64330.0
2025,7,重庆千里科技股份有限公司,生产,39343.0
2025,7,浙江绿源电动车有限公司,生产,39783.0
2025,7,浙江钱江摩托股份有限公司,生产,30282.0
2025,7,广州大运摩托车有限公司,生产,37704.0
2025,7,重庆航天巴山摩托车制造有限公司,生产,34983.0
2025,7,厦门厦杏摩托有限公司,生产,25073.0
2025,7,济南轻骑铃木摩托车有限公司,生产,28296.0
2025,7,广东星际机车科技有限公司,生产,27329.0
2025,7,重庆润通智能装备有限公司,生产,10091.0
2025,7,广州三雅摩托车有限公司,生产,20814.0
2025,7,广州天马集团天马摩托车有限公司,生产,15155.0
2025,7,重庆鑫源摩托车股份有限公司,生产,23543.0
2025,7,江苏新日电动车股份有限公司,生产,26799.0
2025,7,珠海珠江车业有限公司,生产,21337.0
2025,7,重庆安第斯摩托车制造有限公司,生产,19963.0
2025,7,重庆银钢科技(集团)有限公司,生产,19947.0
2025,7,长铃集团长春摩托车工业有限公司,生产,17097.0
2025,7,常州光阳摩托车有限公司,生产,14602.0
2025,7,江苏众星摩托有限公司,生产,13349.0
2025,7,重庆建设机电有限责任公司,生产,11953.0
2025,7,山东巴士新能源车业有限公司,生产,24144.0
2025,7,鹤山国机南联摩托车工业有限公司,生产,12886.0
2025,7,江苏淮海新能源车辆有限公司,生产,9702.0
2025,7,山东五星车辆股份有限公司,生产,10718.0
2025,7,江门市长华集团有限公司,生产,18279.0
2025,7,重庆嘉陵工业有限公司,生产,14331.0
2025,7,济南大隆机车工业有限公司,生产,12704.0
2025,7,杭州土星动力科技有限公司,生产,8434.0
2025,7,台州市王野机车有限责任公司,生产,10530.0
2025,7,重庆望江摩托车制造有限公司,生产,7197.0
2025,7,康超集团广州摩托车制造有限公司,生产,7739.0
2025,7,宁波市龙嘉动力科技有限公司,生产,10558.0
2025,7,金翌车业有限公司,生产,4260.0
2025,7,浙江华洋赛车股份有限公司,生产,5803.0
2025,7,西藏新珠峰摩托车有限公司,生产,8980.0
2025,7,江门市迪豪摩托车有限公司,生产,8762.0
2025,7,广州福羊科技有限公司,生产,4902.0
2025,7,江门市华龙摩托车有限公司,生产,1825.0
2025,7,重庆万虎机电有限责任公司,生产,4841.0
2025,7,浙江天本车业有限公司,生产,7461.0
2025,7,浙江嘉爵摩托车制造有限公司,生产,2749.0
2025,7,增城市东阳摩托车实业有限公司,生产,6327.0
2025,7,东莞市台铃车业有限公司,生产,3849.0
2025,7,宁波市龙嘉摩托车有限公司,生产,4080.0
2025,7,济南轻骑摩托车有限公司,生产,5198.0
2025,7,浙江森铃摩托车有限公司,生产,4997.0
2025,7,重庆光宇摩托车制造有限公司,生产,2368.0
2025,7,台州市椒江之威摩托车制造有限公司,生产,3964.0
2025,7,重庆劲扬摩托车工业有限公司,生产,2732.0
2025,7,江苏林海动力机械集团有限公司,生产,3059.0
2025,7,三友控股集团银友摩托车有限公司,生产,3555.0
2025,7,重庆新感觉摩托车有限公司,生产,5306.0
2025,7,宁波东方凌云车辆制造有限公司,生产,2132.0
2025,7,佛山市佛斯弟摩托车制造有限公司,生产,2679.0
2025,7,江苏创新摩托车制造有限公司,生产,2000.0
2025,7,金城集团有限公司,生产,2350.0
2025,7,江苏林芝山阳集团有限公司,生产,2220.0
2025,7,宝岛车业集团有限公司,生产,1559.0
2025,7,广州五羊摩托有限公司,生产,1762.0
2025,7,浙江吉铭实业有限公司,生产,2659.0
2025,7,福建省晋江市三力机车有限公司,生产,142.0
2025,7,慈溪金轮机车制造有限公司,生产,1120.0
2025,7,重庆恒胜集团有限公司,生产,725.0
2025,7,广州番禺豪剑摩托车工业有限公司,生产,498.0
2025,7,浙江幸福摩托机械有限公司,生产,902.0
2025,7,江苏新陵摩托车制造有限公司,生产,610.0
2025,7,山东马拉贝斯车业有限公司,生产,158.0
2025,7,浙江黄岩三叶集团有限公司,生产,6.0
2025,7,浙江日雅摩托车有限公司,生产,114.0
2025,7,上海本菱摩托车制造有限公司,生产,338.0
2025,7,洛阳盛江红强摩托车有限公司,生产,197.0
2025,7,立峰集团有限公司,生产,136.0
2025,7,重庆双庆产业集团有限公司,生产,95.0
2025,7,广东大联统摩托车有限公司,生产,30.0
2025,7,江苏跃进摩托车制造有限责任公司,生产,20.0
2025,7,江门市大长江集团有限公司,销售,253489.0
2025,7,重庆隆鑫机车有限公司,销售,114612.0
2025,7,宗申产业集团有限公司,销售,134794.0
2025,7,雅迪科技集团有限公司,销售,85268.0
2025,7,广东大冶摩托车技术有限公司,销售,97554.0
2025,7,新大洲本田摩托(苏州)有限公司,销售,108947.0
2025,7,重庆银翔摩托车集团有限公司,销售,53310.0
2025,7,广州豪进摩托车股份有限公司,销售,64739.0
2025,7,洛阳北方企业集团有限公司,销售,50257.0
2025,7,五羊-本田摩托（广州）有限公司,销售,59417.0
2025,7,江门市珠峰摩托车有限公司,销售,44551.0
2025,7,浙江春风动力股份有限公司,销售,57189.0
2025,7,重庆千里科技股份有限公司,销售,38926.0
2025,7,浙江绿源电动车有限公司,销售,40481.0
2025,7,广州大运摩托车有限公司,销售,37543.0
2025,7,浙江钱江摩托股份有限公司,销售,30460.0
2025,7,重庆航天巴山摩托车制造有限公司,销售,35116.0
2025,7,厦门厦杏摩托有限公司,销售,28367.0
2025,7,济南轻骑铃木摩托车有限公司,销售,24701.0
2025,7,广州天马集团天马摩托车有限公司,销售,31993.0
2025,7,广东星际机车科技有限公司,销售,27329.0
2025,7,重庆润通智能装备有限公司,销售,10977.0
2025,7,广州三雅摩托车有限公司,销售,20709.0
2025,7,重庆鑫源摩托车股份有限公司,销售,21996.0
2025,7,珠海珠江车业有限公司,销售,24169.0
2025,7,重庆安第斯摩托车制造有限公司,销售,16845.0
2025,7,江苏新日电动车股份有限公司,销售,21552.0
2025,7,重庆银钢科技(集团)有限公司,销售,19979.0
2025,7,长铃集团长春摩托车工业有限公司,销售,17097.0
2025,7,常州光阳摩托车有限公司,销售,15272.0
2025,7,江苏众星摩托有限公司,销售,13307.0
2025,7,重庆建设机电有限责任公司,销售,13285.0
2025,7,山东巴士新能源车业有限公司,销售,23330.0
2025,7,鹤山国机南联摩托车工业有限公司,销售,12777.0
2025,7,江苏淮海新能源车辆有限公司,销售,9702.0
2025,7,山东五星车辆股份有限公司,销售,11119.0
2025,7,江门市长华集团有限公司,销售,18279.0
2025,7,济南大隆机车工业有限公司,销售,12700.0
2025,7,重庆嘉陵工业有限公司,销售,10812.0
2025,7,杭州土星动力科技有限公司,销售,8291.0
2025,7,台州市王野机车有限责任公司,销售,10530.0
2025,7,康超集团广州摩托车制造有限公司,销售,7737.0
2025,7,重庆望江摩托车制造有限公司,销售,7097.0
2025,7,宁波市龙嘉动力科技有限公司,销售,8766.0
2025,7,江门市华龙摩托车有限公司,销售,3391.0
2025,7,浙江华洋赛车股份有限公司,销售,6593.0
2025,7,金翌车业有限公司,销售,4290.0
2025,7,西藏新珠峰摩托车有限公司,销售,8980.0
2025,7,广州福羊科技有限公司,销售,4902.0
2025,7,江门市迪豪摩托车有限公司,销售,8065.0
2025,7,重庆万虎机电有限责任公司,销售,4570.0
2025,7,浙江天本车业有限公司,销售,7461.0
2025,7,浙江嘉爵摩托车制造有限公司,销售,2749.0
2025,7,增城市东阳摩托车实业有限公司,销售,7245.0
2025,7,宁波市龙嘉摩托车有限公司,销售,3024.0
2025,7,东莞市台铃车业有限公司,销售,3862.0
2025,7,济南轻骑摩托车有限公司,销售,5021.0
2025,7,浙江森铃摩托车有限公司,销售,5996.0
2025,7,重庆光宇摩托车制造有限公司,销售,3300.0
2025,7,台州市椒江之威摩托车制造有限公司,销售,3970.0
2025,7,重庆劲扬摩托车工业有限公司,销售,2732.0
2025,7,三友控股集团银友摩托车有限公司,销售,3555.0
2025,7,江苏林海动力机械集团有限公司,销售,3106.0
2025,7,宁波东方凌云车辆制造有限公司,销售,2146.0
2025,7,佛山市佛斯弟摩托车制造有限公司,销售,6183.0
2025,7,江苏创新摩托车制造有限公司,销售,2001.0
2025,7,重庆新感觉摩托车有限公司,销售,3357.0
2025,7,金城集团有限公司,销售,2401.0
2025,7,广州五羊摩托有限公司,销售,1974.0
2025,7,宝岛车业集团有限公司,销售,1559.0
2025,7,江苏林芝山阳集团有限公司,销售,2220.0
2025,7,浙江吉铭实业有限公司,销售,2682.0
2025,7,福建省晋江市三力机车有限公司,销售,0.0
2025,7,慈溪金轮机车制造有限公司,销售,1125.0
2025,7,重庆恒胜集团有限公司,销售,725.0
2025,7,广州番禺豪剑摩托车工业有限公司,销售,498.0
2025,7,浙江幸福摩托机械有限公司,销售,906.0
2025,7,江苏新陵摩托车制造有限公司,销售,610.0
2025,7,浙江日雅摩托车有限公司,销售,453.0
2025,7,山东马拉贝斯车业有限公司,销售,158.0
2025,7,上海本菱摩托车制造有限公司,销售,338.0
2025,7,浙江黄岩三叶集团有限公司,销售,82.0
2025,7,洛阳盛江红强摩托车有限公司,销售,197.0
2025,7,立峰集团有限公司,销售,0.0
2025,7,重庆双庆产业集团有限公司,销售,95.0
2025,7,广东大联统摩托车有限公司,销售,30.0
2025,7,江苏跃进摩托车制造有限责任公司,销售,20.0
2025,8,江门市大长江集团有限公司,生产,255851.0
2025,8,重庆隆鑫机车有限公司,生产,124695.0
2025,8,宗申产业集团有限公司,生产,130881.0
2025,8,雅迪科技集团有限公司,生产,89910.0
2025,8,广东大冶摩托车技术有限公司,生产,104897.0
2025,8,新大洲本田摩托(苏州)有限公司,生产,114991.0
2025,8,广州豪进摩托车股份有限公司,生产,68347.0
2025,8,重庆银翔摩托车集团有限公司,生产,53233.0
2025,8,洛阳北方企业集团有限公司,生产,51936.0
2025,8,浙江春风动力股份有限公司,生产,58168.0
2025,8,五羊-本田摩托（广州）有限公司,生产,57091.0
2025,8,江门市珠峰摩托车有限公司,生产,38021.0
2025,8,重庆千里科技股份有限公司,生产,28413.0
2025,8,浙江绿源电动车有限公司,生产,35641.0
2025,8,浙江钱江摩托股份有限公司,生产,33760.0
2025,8,广州大运摩托车有限公司,生产,37869.0
2025,8,重庆航天巴山摩托车制造有限公司,生产,35858.0
2025,8,厦门厦杏摩托有限公司,生产,24134.0
2025,8,济南轻骑铃木摩托车有限公司,生产,25062.0
2025,8,广州三雅摩托车有限公司,生产,31551.0
2025,8,广东星际机车科技有限公司,生产,21005.0
2025,8,广州天马集团天马摩托车有限公司,生产,29008.0
2025,8,江苏新日电动车股份有限公司,生产,22340.0
2025,8,重庆润通智能装备有限公司,生产,10694.0
2025,8,重庆鑫源摩托车股份有限公司,生产,16505.0
2025,8,珠海珠江车业有限公司,生产,24119.0
2025,8,重庆安第斯摩托车制造有限公司,生产,16623.0
2025,8,重庆银钢科技(集团)有限公司,生产,20315.0
2025,8,长铃集团长春摩托车工业有限公司,生产,14550.0
2025,8,山东巴士新能源车业有限公司,生产,23349.0
2025,8,江苏众星摩托有限公司,生产,13953.0
2025,8,鹤山国机南联摩托车工业有限公司,生产,18035.0
2025,8,常州光阳摩托车有限公司,生产,8019.0
2025,8,重庆建设机电有限责任公司,生产,10753.0
2025,8,江苏淮海新能源车辆有限公司,生产,13358.0
2025,8,山东五星车辆股份有限公司,生产,11177.0
2025,8,江门市长华集团有限公司,生产,12687.0
2025,8,重庆嘉陵工业有限公司,生产,7860.0
2025,8,济南大隆机车工业有限公司,生产,13480.0
2025,8,台州市王野机车有限责任公司,生产,16768.0
2025,8,杭州土星动力科技有限公司,生产,5406.0
2025,8,重庆望江摩托车制造有限公司,生产,12725.0
2025,8,康超集团广州摩托车制造有限公司,生产,11967.0
2025,8,江门市迪豪摩托车有限公司,生产,10916.0
2025,8,宁波市龙嘉动力科技有限公司,生产,4172.0
2025,8,西藏新珠峰摩托车有限公司,生产,7770.0
2025,8,浙江华洋赛车股份有限公司,生产,6687.0
2025,8,金翌车业有限公司,生产,5435.0
2025,8,江门市华龙摩托车有限公司,生产,7183.0
2025,8,广州福羊科技有限公司,生产,4853.0
2025,8,重庆万虎机电有限责任公司,生产,5128.0
2025,8,浙江天本车业有限公司,生产,5816.0
2025,8,增城市东阳摩托车实业有限公司,生产,6249.0
2025,8,东莞市台铃车业有限公司,生产,5783.0
2025,8,宁波市龙嘉摩托车有限公司,生产,5956.0
2025,8,浙江嘉爵摩托车制造有限公司,生产,2652.0
2025,8,浙江森铃摩托车有限公司,生产,4822.0
2025,8,济南轻骑摩托车有限公司,生产,2625.0
2025,8,重庆光宇摩托车制造有限公司,生产,3555.0
2025,8,台州市椒江之威摩托车制造有限公司,生产,4035.0
2025,8,重庆劲扬摩托车工业有限公司,生产,3995.0
2025,8,三友控股集团银友摩托车有限公司,生产,4741.0
2025,8,江苏林海动力机械集团有限公司,生产,2234.0
2025,8,重庆新感觉摩托车有限公司,生产,2452.0
2025,8,宁波东方凌云车辆制造有限公司,生产,1842.0
2025,8,江苏创新摩托车制造有限公司,生产,2100.0
2025,8,佛山市佛斯弟摩托车制造有限公司,生产,0.0
2025,8,金城集团有限公司,生产,2012.0
2025,8,江苏林芝山阳集团有限公司,生产,1642.0
2025,8,宝岛车业集团有限公司,生产,1409.0
2025,8,广州五羊摩托有限公司,生产,1476.0
2025,8,浙江吉铭实业有限公司,生产,1411.0
2025,8,福建省晋江市三力机车有限公司,生产,406.0
2025,8,慈溪金轮机车制造有限公司,生产,1042.0
2025,8,广州番禺豪剑摩托车工业有限公司,生产,918.0
2025,8,浙江幸福摩托机械有限公司,生产,1031.0
2025,8,重庆恒胜集团有限公司,生产,554.0
2025,8,江苏新陵摩托车制造有限公司,生产,725.0
2025,8,上海本菱摩托车制造有限公司,生产,634.0
2025,8,山东马拉贝斯车业有限公司,生产,226.0
2025,8,浙江日雅摩托车有限公司,生产,339.0
2025,8,浙江黄岩三叶集团有限公司,生产,230.0
2025,8,洛阳盛江红强摩托车有限公司,生产,153.0
2025,8,立峰集团有限公司,生产,191.0
2025,8,重庆双庆产业集团有限公司,生产,0.0
2025,8,广东大联统摩托车有限公司,生产,15.0
2025,8,江苏跃进摩托车制造有限责任公司,生产,136.0
2025,8,江门市大长江集团有限公司,销售,255512.0
2025,8,重庆隆鑫机车有限公司,销售,117423.0
2025,8,宗申产业集团有限公司,销售,125087.0
2025,8,广东大冶摩托车技术有限公司,销售,105147.0
2025,8,雅迪科技集团有限公司,销售,88251.0
2025,8,新大洲本田摩托(苏州)有限公司,销售,98673.0
2025,8,重庆银翔摩托车集团有限公司,销售,53233.0
2025,8,广州豪进摩托车股份有限公司,销售,56248.0
2025,8,洛阳北方企业集团有限公司,销售,56564.0
2025,8,五羊-本田摩托（广州）有限公司,销售,54493.0
2025,8,江门市珠峰摩托车有限公司,销售,43142.0
2025,8,浙江春风动力股份有限公司,销售,50253.0
2025,8,重庆千里科技股份有限公司,销售,36524.0
2025,8,浙江绿源电动车有限公司,销售,36136.0
2025,8,广州大运摩托车有限公司,销售,38247.0
2025,8,浙江钱江摩托股份有限公司,销售,34435.0
2025,8,重庆航天巴山摩托车制造有限公司,销售,36156.0
2025,8,厦门厦杏摩托有限公司,销售,23876.0
2025,8,济南轻骑铃木摩托车有限公司,销售,24667.0
2025,8,广州天马集团天马摩托车有限公司,销售,27607.0
2025,8,广州三雅摩托车有限公司,销售,31482.0
2025,8,广东星际机车科技有限公司,销售,21005.0
2025,8,珠海珠江车业有限公司,销售,22504.0
2025,8,重庆润通智能装备有限公司,销售,11042.0
2025,8,江苏新日电动车股份有限公司,销售,25985.0
2025,8,重庆鑫源摩托车股份有限公司,销售,13812.0
2025,8,重庆安第斯摩托车制造有限公司,销售,18810.0
2025,8,重庆银钢科技(集团)有限公司,销售,20409.0
2025,8,长铃集团长春摩托车工业有限公司,销售,14550.0
2025,8,山东巴士新能源车业有限公司,销售,23008.0
2025,8,江苏众星摩托有限公司,销售,13909.0
2025,8,鹤山国机南联摩托车工业有限公司,销售,18134.0
2025,8,常州光阳摩托车有限公司,销售,9075.0
2025,8,重庆建设机电有限责任公司,销售,9821.0
2025,8,江苏淮海新能源车辆有限公司,销售,13358.0
2025,8,山东五星车辆股份有限公司,销售,11594.0
2025,8,江门市长华集团有限公司,销售,12687.0
2025,8,济南大隆机车工业有限公司,销售,13488.0
2025,8,重庆嘉陵工业有限公司,销售,12291.0
2025,8,台州市王野机车有限责任公司,销售,16768.0
2025,8,杭州土星动力科技有限公司,销售,6692.0
2025,8,康超集团广州摩托车制造有限公司,销售,11959.0
2025,8,重庆望江摩托车制造有限公司,销售,12582.0
2025,8,宁波市龙嘉动力科技有限公司,销售,6991.0
2025,8,浙江华洋赛车股份有限公司,销售,6233.0
2025,8,西藏新珠峰摩托车有限公司,销售,7770.0
2025,8,江门市迪豪摩托车有限公司,销售,11162.0
2025,8,金翌车业有限公司,销售,5401.0
2025,8,江门市华龙摩托车有限公司,销售,2700.0
2025,8,广州福羊科技有限公司,销售,4853.0
2025,8,重庆万虎机电有限责任公司,销售,5269.0
2025,8,浙江天本车业有限公司,销售,5816.0
2025,8,东莞市台铃车业有限公司,销售,5783.0
2025,8,宁波市龙嘉摩托车有限公司,销售,4724.0
2025,8,增城市东阳摩托车实业有限公司,销售,3857.0
2025,8,浙江嘉爵摩托车制造有限公司,销售,2652.0
2025,8,浙江森铃摩托车有限公司,销售,4516.0
2025,8,济南轻骑摩托车有限公司,销售,2264.0
2025,8,重庆光宇摩托车制造有限公司,销售,3417.0
2025,8,台州市椒江之威摩托车制造有限公司,销售,4050.0
2025,8,重庆劲扬摩托车工业有限公司,销售,3995.0
2025,8,三友控股集团银友摩托车有限公司,销售,4741.0
2025,8,江苏林海动力机械集团有限公司,销售,1700.0
2025,8,佛山市佛斯弟摩托车制造有限公司,销售,3227.0
2025,8,宁波东方凌云车辆制造有限公司,销售,1774.0
2025,8,重庆新感觉摩托车有限公司,销售,3359.0
2025,8,江苏创新摩托车制造有限公司,销售,2092.0
2025,8,金城集团有限公司,销售,2064.0
2025,8,广州五羊摩托有限公司,销售,1260.0
2025,8,宝岛车业集团有限公司,销售,1409.0
2025,8,江苏林芝山阳集团有限公司,销售,1642.0
2025,8,浙江吉铭实业有限公司,销售,1133.0
2025,8,福建省晋江市三力机车有限公司,销售,406.0
2025,8,慈溪金轮机车制造有限公司,销售,1044.0
2025,8,广州番禺豪剑摩托车工业有限公司,销售,918.0
2025,8,浙江幸福摩托机械有限公司,销售,1032.0
2025,8,重庆恒胜集团有限公司,销售,554.0
2025,8,江苏新陵摩托车制造有限公司,销售,725.0
2025,8,浙江日雅摩托车有限公司,销售,136.0
2025,8,上海本菱摩托车制造有限公司,销售,634.0
2025,8,山东马拉贝斯车业有限公司,销售,226.0
2025,8,浙江黄岩三叶集团有限公司,销售,168.0
2025,8,洛阳盛江红强摩托车有限公司,销售,153.0
2025,8,立峰集团有限公司,销售,191.0
2025,8,重庆双庆产业集团有限公司,销售,0.0
2025,8,广东大联统摩托车有限公司,销售,15.0
2025,8,江苏跃进摩托车制造有限责任公司,销售,136.0
2025,9,江门市大长江集团有限公司,生产,252476.0
2025,9,重庆隆鑫机车有限公司,生产,124012.0
2025,9,宗申产业集团有限公司,生产,136123.0
2025,9,广东大冶摩托车技术有限公司,生产,109676.0
2025,9,雅迪科技集团有限公司,生产,65984.0
2025,9,新大洲本田摩托(苏州)有限公司,生产,90721.0
2025,9,广州豪进摩托车股份有限公司,生产,79063.0
2025,9,重庆银翔摩托车集团有限公司,生产,59189.0
2025,9,洛阳北方企业集团有限公司,生产,55687.0
2025,9,五羊-本田摩托（广州）有限公司,生产,52156.0
2025,9,浙江春风动力股份有限公司,生产,50915.0
2025,9,江门市珠峰摩托车有限公司,生产,38916.0
2025,9,浙江绿源电动车有限公司,生产,74187.0
2025,9,重庆千里科技股份有限公司,生产,37339.0
2025,9,浙江钱江摩托股份有限公司,生产,35240.0
2025,9,广州大运摩托车有限公司,生产,38059.0
2025,9,重庆航天巴山摩托车制造有限公司,生产,42231.0
2025,9,厦门厦杏摩托有限公司,生产,22902.0
2025,9,济南轻骑铃木摩托车有限公司,生产,28954.0
2025,9,广州三雅摩托车有限公司,生产,32764.0
2025,9,广州天马集团天马摩托车有限公司,生产,30000.0
2025,9,江苏新日电动车股份有限公司,生产,34278.0
2025,9,广东星际机车科技有限公司,生产,21597.0
2025,9,重庆润通智能装备有限公司,生产,33798.0
2025,9,重庆鑫源摩托车股份有限公司,生产,24316.0
2025,9,珠海珠江车业有限公司,生产,25125.0
2025,9,重庆安第斯摩托车制造有限公司,生产,18009.0
2025,9,重庆银钢科技(集团)有限公司,生产,19561.0
2025,9,山东巴士新能源车业有限公司,生产,21505.0
2025,9,鹤山国机南联摩托车工业有限公司,生产,24376.0
2025,9,长铃集团长春摩托车工业有限公司,生产,16173.0
2025,9,江苏众星摩托有限公司,生产,14261.0
2025,9,重庆建设机电有限责任公司,生产,15316.0
2025,9,常州光阳摩托车有限公司,生产,8210.0
2025,9,江苏淮海新能源车辆有限公司,生产,12879.0
2025,9,山东五星车辆股份有限公司,生产,12616.0
2025,9,江门市长华集团有限公司,生产,10107.0
2025,9,重庆嘉陵工业有限公司,生产,13893.0
2025,9,济南大隆机车工业有限公司,生产,14749.0
2025,9,台州市王野机车有限责任公司,生产,18429.0
2025,9,重庆望江摩托车制造有限公司,生产,13863.0
2025,9,康超集团广州摩托车制造有限公司,生产,11484.0
2025,9,杭州土星动力科技有限公司,生产,7192.0
2025,9,江门市迪豪摩托车有限公司,生产,6520.0
2025,9,宁波市龙嘉动力科技有限公司,生产,7014.0
2025,9,西藏新珠峰摩托车有限公司,生产,5790.0
2025,9,金翌车业有限公司,生产,6090.0
2025,9,浙江华洋赛车股份有限公司,生产,5530.0
2025,9,广州福羊科技有限公司,生产,7832.0
2025,9,江门市华龙摩托车有限公司,生产,5651.0
2025,9,重庆万虎机电有限责任公司,生产,6375.0
2025,9,浙江天本车业有限公司,生产,5788.0
2025,9,增城市东阳摩托车实业有限公司,生产,6154.0
2025,9,东莞市台铃车业有限公司,生产,4860.0
2025,9,宁波市龙嘉摩托车有限公司,生产,5506.0
2025,9,浙江嘉爵摩托车制造有限公司,生产,6111.0
2025,9,浙江森铃摩托车有限公司,生产,8183.0
2025,9,济南轻骑摩托车有限公司,生产,3379.0
2025,9,重庆光宇摩托车制造有限公司,生产,3712.0
2025,9,台州市椒江之威摩托车制造有限公司,生产,3965.0
2025,9,重庆劲扬摩托车工业有限公司,生产,6885.0
2025,9,三友控股集团银友摩托车有限公司,生产,6019.0
2025,9,江苏林海动力机械集团有限公司,生产,5054.0
2025,9,重庆新感觉摩托车有限公司,生产,3190.0
2025,9,宁波东方凌云车辆制造有限公司,生产,1581.0
2025,9,江苏创新摩托车制造有限公司,生产,3000.0
2025,9,金城集团有限公司,生产,2820.0
2025,9,佛山市佛斯弟摩托车制造有限公司,生产,1500.0
2025,9,江苏林芝山阳集团有限公司,生产,2040.0
2025,9,浙江吉铭实业有限公司,生产,2759.0
2025,9,广州五羊摩托有限公司,生产,2332.0
2025,9,宝岛车业集团有限公司,生产,2021.0
2025,9,慈溪金轮机车制造有限公司,生产,1236.0
2025,9,福建省晋江市三力机车有限公司,生产,381.0
2025,9,广州番禺豪剑摩托车工业有限公司,生产,918.0
2025,9,重庆恒胜集团有限公司,生产,507.0
2025,9,江苏新陵摩托车制造有限公司,生产,900.0
2025,9,浙江幸福摩托机械有限公司,生产,0.0
2025,9,上海本菱摩托车制造有限公司,生产,482.0
2025,9,浙江黄岩三叶集团有限公司,生产,495.0
2025,9,山东马拉贝斯车业有限公司,生产,334.0
2025,9,浙江日雅摩托车有限公司,生产,312.0
2025,9,洛阳盛江红强摩托车有限公司,生产,329.0
2025,9,立峰集团有限公司,生产,378.0
2025,9,重庆双庆产业集团有限公司,生产,0.0
2025,9,广东大联统摩托车有限公司,生产,39.0
2025,9,江苏跃进摩托车制造有限责任公司,生产,13.0
2025,9,江门市大长江集团有限公司,销售,259107.0
2025,9,重庆隆鑫机车有限公司,销售,130409.0
2025,9,宗申产业集团有限公司,销售,141771.0
2025,9,广东大冶摩托车技术有限公司,销售,109913.0
2025,9,新大洲本田摩托(苏州)有限公司,销售,103059.0
2025,9,雅迪科技集团有限公司,销售,54996.0
2025,9,广州豪进摩托车股份有限公司,销售,83701.0
2025,9,重庆银翔摩托车集团有限公司,销售,59190.0
2025,9,洛阳北方企业集团有限公司,销售,49814.0
2025,9,五羊-本田摩托（广州）有限公司,销售,48184.0
2025,9,浙江春风动力股份有限公司,销售,48652.0
2025,9,江门市珠峰摩托车有限公司,销售,35158.0
2025,9,浙江绿源电动车有限公司,销售,74187.0
2025,9,重庆千里科技股份有限公司,销售,36132.0
2025,9,广州大运摩托车有限公司,销售,38542.0
2025,9,浙江钱江摩托股份有限公司,销售,37820.0
2025,9,重庆航天巴山摩托车制造有限公司,销售,42392.0
2025,9,厦门厦杏摩托有限公司,销售,24220.0
2025,9,济南轻骑铃木摩托车有限公司,销售,30867.0
2025,9,广州天马集团天马摩托车有限公司,销售,25220.0
2025,9,广州三雅摩托车有限公司,销售,32816.0
2025,9,广东星际机车科技有限公司,销售,21597.0
2025,9,重庆润通智能装备有限公司,销售,32474.0
2025,9,江苏新日电动车股份有限公司,销售,28106.0
2025,9,珠海珠江车业有限公司,销售,21775.0
2025,9,重庆鑫源摩托车股份有限公司,销售,23305.0
2025,9,重庆安第斯摩托车制造有限公司,销售,20429.0
2025,9,重庆银钢科技(集团)有限公司,销售,19487.0
2025,9,山东巴士新能源车业有限公司,销售,23034.0
2025,9,鹤山国机南联摩托车工业有限公司,销售,24465.0
2025,9,长铃集团长春摩托车工业有限公司,销售,16173.0
2025,9,江苏众星摩托有限公司,销售,14217.0
2025,9,重庆建设机电有限责任公司,销售,15287.0
2025,9,常州光阳摩托车有限公司,销售,8975.0
2025,9,江苏淮海新能源车辆有限公司,销售,12879.0
2025,9,山东五星车辆股份有限公司,销售,12877.0
2025,9,江门市长华集团有限公司,销售,10107.0
2025,9,济南大隆机车工业有限公司,销售,14752.0
2025,9,台州市王野机车有限责任公司,销售,18429.0
2025,9,重庆嘉陵工业有限公司,销售,7248.0
2025,9,重庆望江摩托车制造有限公司,销售,14105.0
2025,9,康超集团广州摩托车制造有限公司,销售,11494.0
2025,9,杭州土星动力科技有限公司,销售,6524.0
2025,9,宁波市龙嘉动力科技有限公司,销售,6629.0
2025,9,浙江华洋赛车股份有限公司,销售,7523.0
2025,9,江门市迪豪摩托车有限公司,销售,7085.0
2025,9,西藏新珠峰摩托车有限公司,销售,5790.0
2025,9,金翌车业有限公司,销售,6134.0
2025,9,江门市华龙摩托车有限公司,销售,5230.0
2025,9,广州福羊科技有限公司,销售,7832.0
2025,9,重庆万虎机电有限责任公司,销售,6422.0
2025,9,浙江天本车业有限公司,销售,5788.0
2025,9,宁波市龙嘉摩托车有限公司,销售,9259.0
2025,9,增城市东阳摩托车实业有限公司,销售,8604.0
2025,9,东莞市台铃车业有限公司,销售,4861.0
2025,9,浙江嘉爵摩托车制造有限公司,销售,6111.0
2025,9,浙江森铃摩托车有限公司,销售,7529.0
2025,9,济南轻骑摩托车有限公司,销售,3536.0
2025,9,重庆光宇摩托车制造有限公司,销售,4401.0
2025,9,台州市椒江之威摩托车制造有限公司,销售,3987.0
2025,9,重庆劲扬摩托车工业有限公司,销售,6885.0
2025,9,江苏林海动力机械集团有限公司,销售,4271.0
2025,9,三友控股集团银友摩托车有限公司,销售,0.0
2025,9,宁波东方凌云车辆制造有限公司,销售,1689.0
2025,9,重庆新感觉摩托车有限公司,销售,3025.0
2025,9,江苏创新摩托车制造有限公司,销售,2811.0
2025,9,佛山市佛斯弟摩托车制造有限公司,销售,0.0
2025,9,金城集团有限公司,销售,2627.0
2025,9,广州五羊摩托有限公司,销售,2760.0
2025,9,宝岛车业集团有限公司,销售,2021.0
2025,9,江苏林芝山阳集团有限公司,销售,2040.0
2025,9,浙江吉铭实业有限公司,销售,3070.0
2025,9,慈溪金轮机车制造有限公司,销售,1240.0
2025,9,福建省晋江市三力机车有限公司,销售,381.0
2025,9,广州番禺豪剑摩托车工业有限公司,销售,918.0
2025,9,重庆恒胜集团有限公司,销售,507.0
2025,9,江苏新陵摩托车制造有限公司,销售,900.0
2025,9,浙江幸福摩托机械有限公司,销售,0.0
2025,9,上海本菱摩托车制造有限公司,销售,482.0
2025,9,浙江日雅摩托车有限公司,销售,363.0
2025,9,山东马拉贝斯车业有限公司,销售,334.0
2025,9,浙江黄岩三叶集团有限公司,销售,461.0
2025,9,洛阳盛江红强摩托车有限公司,销售,329.0
2025,9,立峰集团有限公司,销售,378.0
2025,9,重庆双庆产业集团有限公司,销售,0.0
2025,9,广东大联统摩托车有限公司,销售,39.0
2025,9,江苏跃进摩托车制造有限责任公司,销售,13.0
2025,10,江门市大长江集团有限公司,生产,221356.0
2025,10,重庆隆鑫机车有限公司,生产,111129.0
2025,10,宗申产业集团有限公司,生产,135024.0
2025,10,广东大冶摩托车技术有限公司,生产,85558.0
2025,10,雅迪科技集团有限公司,生产,60811.0
2025,10,新大洲本田摩托(苏州)有限公司,生产,68471.0
2025,10,广州豪进摩托车股份有限公司,生产,81105.0
2025,10,重庆银翔摩托车集团有限公司,生产,55955.0
2025,10,洛阳北方企业集团有限公司,生产,44341.0
2025,10,五羊-本田摩托（广州）有限公司,生产,51710.0
2025,10,浙江春风动力股份有限公司,生产,44116.0
2025,10,江门市珠峰摩托车有限公司,生产,37292.0
2025,10,浙江绿源电动车有限公司,生产,61439.0
2025,10,重庆千里科技股份有限公司,生产,33655.0
2025,10,广州大运摩托车有限公司,生产,38310.0
2025,10,浙江钱江摩托股份有限公司,生产,28631.0
2025,10,重庆航天巴山摩托车制造有限公司,生产,29996.0
2025,10,江苏淮海新能源车辆有限公司,生产,28086.0
2025,10,厦门厦杏摩托有限公司,生产,20112.0
2025,10,济南轻骑铃木摩托车有限公司,生产,21818.0
2025,10,广州三雅摩托车有限公司,生产,24619.0
2025,10,广州天马集团天马摩托车有限公司,生产,26032.0
2025,10,广东星际机车科技有限公司,生产,23883.0
2025,10,重庆润通智能装备有限公司,生产,25567.0
2025,10,江苏新日电动车股份有限公司,生产,19849.0
2025,10,重庆鑫源摩托车股份有限公司,生产,23735.0
2025,10,珠海珠江车业有限公司,生产,17715.0
2025,10,重庆银钢科技(集团)有限公司,生产,20108.0
2025,10,重庆安第斯摩托车制造有限公司,生产,8556.0
2025,10,山东巴士新能源车业有限公司,生产,22620.0
2025,10,长铃集团长春摩托车工业有限公司,生产,12109.0
2025,10,江苏众星摩托有限公司,生产,14556.0
2025,10,鹤山国机南联摩托车工业有限公司,生产,6308.0
2025,10,重庆建设机电有限责任公司,生产,13503.0
2025,10,山东五星车辆股份有限公司,生产,11896.0
2025,10,常州光阳摩托车有限公司,生产,5127.0
2025,10,重庆嘉陵工业有限公司,生产,12862.0
2025,10,江门市长华集团有限公司,生产,8747.0
2025,10,济南大隆机车工业有限公司,生产,12304.0
2025,10,台州市王野机车有限责任公司,生产,14286.0
2025,10,重庆望江摩托车制造有限公司,生产,5918.0
2025,10,康超集团广州摩托车制造有限公司,生产,8473.0
2025,10,杭州土星动力科技有限公司,生产,6060.0
2025,10,宁波市龙嘉动力科技有限公司,生产,7968.0
2025,10,江门市迪豪摩托车有限公司,生产,4762.0
2025,10,金翌车业有限公司,生产,7910.0
2025,10,西藏新珠峰摩托车有限公司,生产,5495.0
2025,10,浙江华洋赛车股份有限公司,生产,3473.0
2025,10,江门市华龙摩托车有限公司,生产,5492.0
2025,10,广州福羊科技有限公司,生产,4060.0
2025,10,重庆万虎机电有限责任公司,生产,4983.0
2025,10,东莞市台铃车业有限公司,生产,12088.0
2025,10,浙江天本车业有限公司,生产,6674.0
2025,10,济南轻骑摩托车有限公司,生产,18119.0
2025,10,增城市东阳摩托车实业有限公司,生产,6645.0
2025,10,浙江嘉爵摩托车制造有限公司,生产,5902.0
2025,10,宁波市龙嘉摩托车有限公司,生产,4994.0
2025,10,浙江森铃摩托车有限公司,生产,5166.0
2025,10,重庆光宇摩托车制造有限公司,生产,4618.0
2025,10,重庆劲扬摩托车工业有限公司,生产,4866.0
2025,10,台州市椒江之威摩托车制造有限公司,生产,3754.0
2025,10,三友控股集团银友摩托车有限公司,生产,6060.0
2025,10,江苏林海动力机械集团有限公司,生产,1713.0
2025,10,重庆新感觉摩托车有限公司,生产,4213.0
2025,10,江苏创新摩托车制造有限公司,生产,2200.0
2025,10,佛山市佛斯弟摩托车制造有限公司,生产,4498.0
2025,10,宁波东方凌云车辆制造有限公司,生产,960.0
2025,10,金城集团有限公司,生产,1543.0
2025,10,广州五羊摩托有限公司,生产,2388.0
2025,10,江苏林芝山阳集团有限公司,生产,1914.0
2025,10,浙江吉铭实业有限公司,生产,1608.0
2025,10,宝岛车业集团有限公司,生产,1826.0
2025,10,慈溪金轮机车制造有限公司,生产,785.0
2025,10,福建省晋江市三力机车有限公司,生产,0.0
2025,10,广州番禺豪剑摩托车工业有限公司,生产,918.0
2025,10,重庆恒胜集团有限公司,生产,664.0
2025,10,江苏新陵摩托车制造有限公司,生产,570.0
2025,10,浙江幸福摩托机械有限公司,生产,0.0
2025,10,上海本菱摩托车制造有限公司,生产,258.0
2025,10,浙江黄岩三叶集团有限公司,生产,499.0
2025,10,山东马拉贝斯车业有限公司,生产,392.0
2025,10,浙江日雅摩托车有限公司,生产,204.0
2025,10,洛阳盛江红强摩托车有限公司,生产,181.0
2025,10,立峰集团有限公司,生产,108.0
2025,10,重庆双庆产业集团有限公司,生产,0.0
2025,10,广东大联统摩托车有限公司,生产,18.0
2025,10,江苏跃进摩托车制造有限责任公司,生产,30.0
2025,10,江门市大长江集团有限公司,销售,234798.0
2025,10,重庆隆鑫机车有限公司,销售,113828.0
2025,10,宗申产业集团有限公司,销售,134765.0
2025,10,广东大冶摩托车技术有限公司,销售,84968.0
2025,10,新大洲本田摩托(苏州)有限公司,销售,72762.0
2025,10,雅迪科技集团有限公司,销售,50680.0
2025,10,广州豪进摩托车股份有限公司,销售,77332.0
2025,10,重庆银翔摩托车集团有限公司,销售,55954.0
2025,10,洛阳北方企业集团有限公司,销售,47345.0
2025,10,五羊-本田摩托（广州）有限公司,销售,52370.0
2025,10,浙江春风动力股份有限公司,销售,44741.0
2025,10,江门市珠峰摩托车有限公司,销售,37981.0
2025,10,浙江绿源电动车有限公司,销售,61299.0
2025,10,重庆千里科技股份有限公司,销售,37530.0
2025,10,广州大运摩托车有限公司,销售,38044.0
2025,10,浙江钱江摩托股份有限公司,销售,26656.0
2025,10,重庆航天巴山摩托车制造有限公司,销售,29455.0
2025,10,江苏淮海新能源车辆有限公司,销售,28086.0
2025,10,厦门厦杏摩托有限公司,销售,18188.0
2025,10,济南轻骑铃木摩托车有限公司,销售,21672.0
2025,10,广州天马集团天马摩托车有限公司,销售,27249.0
2025,10,广州三雅摩托车有限公司,销售,24626.0
2025,10,广东星际机车科技有限公司,销售,23883.0
2025,10,重庆润通智能装备有限公司,销售,25598.0
2025,10,江苏新日电动车股份有限公司,销售,22353.0
2025,10,珠海珠江车业有限公司,销售,19711.0
2025,10,重庆鑫源摩托车股份有限公司,销售,18173.0
2025,10,重庆银钢科技(集团)有限公司,销售,20095.0
2025,10,重庆安第斯摩托车制造有限公司,销售,6335.0
2025,10,山东巴士新能源车业有限公司,销售,21994.0
2025,10,长铃集团长春摩托车工业有限公司,销售,12109.0
2025,10,江苏众星摩托有限公司,销售,14510.0
2025,10,鹤山国机南联摩托车工业有限公司,销售,6477.0
2025,10,重庆建设机电有限责任公司,销售,14180.0
2025,10,山东五星车辆股份有限公司,销售,11580.0
2025,10,常州光阳摩托车有限公司,销售,6619.0
2025,10,江门市长华集团有限公司,销售,8747.0
2025,10,济南大隆机车工业有限公司,销售,11617.0
2025,10,台州市王野机车有限责任公司,销售,14286.0
2025,10,重庆嘉陵工业有限公司,销售,5038.0
2025,10,康超集团广州摩托车制造有限公司,销售,8473.0
2025,10,重庆望江摩托车制造有限公司,销售,5828.0
2025,10,杭州土星动力科技有限公司,销售,4629.0
2025,10,宁波市龙嘉动力科技有限公司,销售,8351.0
2025,10,金翌车业有限公司,销售,7698.0
2025,10,浙江华洋赛车股份有限公司,销售,2702.0
2025,10,江门市迪豪摩托车有限公司,销售,4266.0
2025,10,西藏新珠峰摩托车有限公司,销售,5495.0
2025,10,江门市华龙摩托车有限公司,销售,5608.0
2025,10,广州福羊科技有限公司,销售,4060.0
2025,10,重庆万虎机电有限责任公司,销售,4787.0
2025,10,东莞市台铃车业有限公司,销售,12098.0
2025,10,浙江天本车业有限公司,销售,6674.0
2025,10,济南轻骑摩托车有限公司,销售,17956.0
2025,10,宁波市龙嘉摩托车有限公司,销售,4442.0
2025,10,增城市东阳摩托车实业有限公司,销售,5237.0
2025,10,浙江嘉爵摩托车制造有限公司,销售,5902.0
2025,10,浙江森铃摩托车有限公司,销售,5915.0
2025,10,重庆光宇摩托车制造有限公司,销售,4572.0
2025,10,重庆劲扬摩托车工业有限公司,销售,4866.0
2025,10,台州市椒江之威摩托车制造有限公司,销售,3724.0
2025,10,三友控股集团银友摩托车有限公司,销售,6060.0
2025,10,江苏林海动力机械集团有限公司,销售,3406.0
2025,10,佛山市佛斯弟摩托车制造有限公司,销售,5998.0
2025,10,重庆新感觉摩托车有限公司,销售,4468.0
2025,10,江苏创新摩托车制造有限公司,销售,2133.0
2025,10,宁波东方凌云车辆制造有限公司,销售,1017.0
2025,10,金城集团有限公司,销售,1593.0
2025,10,广州五羊摩托有限公司,销售,2281.0
2025,10,宝岛车业集团有限公司,销售,1826.0
2025,10,江苏林芝山阳集团有限公司,销售,1914.0
2025,10,浙江吉铭实业有限公司,销售,1366.0
2025,10,慈溪金轮机车制造有限公司,销售,781.0
2025,10,福建省晋江市三力机车有限公司,销售,0.0
2025,10,广州番禺豪剑摩托车工业有限公司,销售,918.0
2025,10,重庆恒胜集团有限公司,销售,664.0
2025,10,江苏新陵摩托车制造有限公司,销售,562.0
2025,10,浙江幸福摩托机械有限公司,销售,0.0
2025,10,上海本菱摩托车制造有限公司,销售,258.0
2025,10,浙江日雅摩托车有限公司,销售,208.0
2025,10,山东马拉贝斯车业有限公司,销售,392.0
2025,10,浙江黄岩三叶集团有限公司,销售,482.0
2025,10,洛阳盛江红强摩托车有限公司,销售,181.0
2025,10,立峰集团有限公司,销售,108.0
2025,10,重庆双庆产业集团有限公司,销售,0.0
2025,10,广东大联统摩托车有限公司,销售,18.0
2025,10,江苏跃进摩托车制造有限责任公司,销售,30.0
2025,11,江门市大长江集团有限公司,生产,238256.0
2025,11,重庆隆鑫机车有限公司,生产,115154.0
2025,11,宗申产业集团有限公司,生产,137733.0
2025,11,广东大冶摩托车技术有限公司,生产,97240.0
2025,11,新大洲本田摩托(苏州)有限公司,生产,90420.0
2025,11,雅迪科技集团有限公司,生产,67986.0
2025,11,广州豪进摩托车股份有限公司,生产,54067.0
2025,11,重庆银翔摩托车集团有限公司,生产,70105.0
2025,11,洛阳北方企业集团有限公司,生产,42358.0
2025,11,五羊-本田摩托（广州）有限公司,生产,57185.0
2025,11,浙江春风动力股份有限公司,生产,49754.0
2025,11,浙江绿源电动车有限公司,生产,77957.0
2025,11,江门市珠峰摩托车有限公司,生产,33009.0
2025,11,重庆千里科技股份有限公司,生产,42308.0
2025,11,广州大运摩托车有限公司,生产,37309.0
2025,11,重庆航天巴山摩托车制造有限公司,生产,43736.0
2025,11,浙江钱江摩托股份有限公司,生产,25208.0
2025,11,江苏淮海新能源车辆有限公司,生产,25907.0
2025,11,厦门厦杏摩托有限公司,生产,22780.0
2025,11,济南轻骑铃木摩托车有限公司,生产,26523.0
2025,11,广州天马集团天马摩托车有限公司,生产,29207.0
2025,11,广州三雅摩托车有限公司,生产,19467.0
2025,11,重庆润通智能装备有限公司,生产,22005.0
2025,11,广东星际机车科技有限公司,生产,20505.0
2025,11,江苏新日电动车股份有限公司,生产,19118.0
2025,11,重庆鑫源摩托车股份有限公司,生产,28003.0
2025,11,珠海珠江车业有限公司,生产,15230.0
2025,11,重庆银钢科技(集团)有限公司,生产,19848.0
2025,11,重庆安第斯摩托车制造有限公司,生产,13461.0
2025,11,山东巴士新能源车业有限公司,生产,24278.0
2025,11,长铃集团长春摩托车工业有限公司,生产,13965.0
2025,11,江苏众星摩托有限公司,生产,15731.0
2025,11,鹤山国机南联摩托车工业有限公司,生产,14281.0
2025,11,重庆建设机电有限责任公司,生产,15821.0
2025,11,山东五星车辆股份有限公司,生产,10691.0
2025,11,常州光阳摩托车有限公司,生产,8145.0
2025,11,重庆嘉陵工业有限公司,生产,12512.0
2025,11,江门市长华集团有限公司,生产,11678.0
2025,11,济南大隆机车工业有限公司,生产,11044.0
2025,11,台州市王野机车有限责任公司,生产,13931.0
2025,11,康超集团广州摩托车制造有限公司,生产,12523.0
2025,11,重庆望江摩托车制造有限公司,生产,10264.0
2025,11,杭州土星动力科技有限公司,生产,4019.0
2025,11,宁波市龙嘉动力科技有限公司,生产,7415.0
2025,11,江门市迪豪摩托车有限公司,生产,5563.0
2025,11,金翌车业有限公司,生产,3935.0
2025,11,江门市华龙摩托车有限公司,生产,10132.0
2025,11,西藏新珠峰摩托车有限公司,生产,5180.0
2025,11,广州福羊科技有限公司,生产,5012.0
2025,11,浙江华洋赛车股份有限公司,生产,1386.0
2025,11,重庆万虎机电有限责任公司,生产,6538.0
2025,11,浙江天本车业有限公司,生产,6130.0
2025,11,济南轻骑摩托车有限公司,生产,5428.0
2025,11,增城市东阳摩托车实业有限公司,生产,7364.0
2025,11,东莞市台铃车业有限公司,生产,0.0
2025,11,浙江嘉爵摩托车制造有限公司,生产,5977.0
2025,11,宁波市龙嘉摩托车有限公司,生产,6148.0
2025,11,浙江森铃摩托车有限公司,生产,4030.0
2025,11,重庆劲扬摩托车工业有限公司,生产,6399.0
2025,11,重庆光宇摩托车制造有限公司,生产,4272.0
2025,11,台州市椒江之威摩托车制造有限公司,生产,3257.0
2025,11,浙江三友车业科技有限公司,生产,4033.0
2025,11,江苏林海动力机械集团有限公司,生产,1732.0
2025,11,重庆新感觉摩托车有限公司,生产,3486.0
2025,11,江苏创新摩托车制造有限公司,生产,2700.0
2025,11,佛山市佛斯弟摩托车制造有限公司,生产,2800.0
2025,11,宁波东方凌云车辆制造有限公司,生产,1143.0
2025,11,金城集团有限公司,生产,1567.0
2025,11,广州五羊摩托有限公司,生产,2170.0
2025,11,江苏林芝山阳集团有限公司,生产,1336.0
2025,11,浙江吉铭实业有限公司,生产,1541.0
2025,11,宝岛车业集团有限公司,生产,1361.0
2025,11,慈溪金轮机车制造有限公司,生产,860.0
2025,11,福建省晋江市三力机车有限公司,生产,1221.0
2025,11,广州番禺豪剑摩托车工业有限公司,生产,1224.0
2025,11,重庆恒胜集团有限公司,生产,518.0
2025,11,江苏新陵摩托车制造有限公司,生产,635.0
2025,11,浙江幸福摩托机械有限公司,生产,0.0
2025,11,山东马拉贝斯车业有限公司,生产,1794.0
2025,11,上海本菱摩托车制造有限公司,生产,493.0
2025,11,浙江日雅摩托车有限公司,生产,512.0
2025,11,浙江黄岩三叶集团有限公司,生产,125.0
2025,11,洛阳盛江红强摩托车有限公司,生产,229.0
2025,11,立峰集团有限公司,生产,73.0
2025,11,重庆双庆产业集团有限公司,生产,0.0
2025,11,广东大联统摩托车有限公司,生产,31.0
2025,11,江苏跃进摩托车制造有限责任公司,生产,5.0
2025,11,江门市大长江集团有限公司,销售,229342.0
2025,11,重庆隆鑫机车有限公司,销售,106682.0
2025,11,宗申产业集团有限公司,销售,133121.0
2025,11,广东大冶摩托车技术有限公司,销售,96876.0
2025,11,新大洲本田摩托(苏州)有限公司,销售,76659.0
2025,11,雅迪科技集团有限公司,销售,55830.0
2025,11,广州豪进摩托车股份有限公司,销售,58565.0
2025,11,重庆银翔摩托车集团有限公司,销售,70108.0
2025,11,洛阳北方企业集团有限公司,销售,44660.0
2025,11,五羊-本田摩托（广州）有限公司,销售,54480.0
2025,11,浙江春风动力股份有限公司,销售,54978.0
2025,11,浙江绿源电动车有限公司,销售,75549.0
2025,11,江门市珠峰摩托车有限公司,销售,36663.0
2025,11,重庆千里科技股份有限公司,销售,44212.0
2025,11,广州大运摩托车有限公司,销售,37020.0
2025,11,重庆航天巴山摩托车制造有限公司,销售,42651.0
2025,11,浙江钱江摩托股份有限公司,销售,29632.0
2025,11,江苏淮海新能源车辆有限公司,销售,25907.0
2025,11,厦门厦杏摩托有限公司,销售,20408.0
2025,11,济南轻骑铃木摩托车有限公司,销售,20452.0
2025,11,广州天马集团天马摩托车有限公司,销售,22951.0
2025,11,广州三雅摩托车有限公司,销售,19462.0
2025,11,重庆润通智能装备有限公司,销售,21763.0
2025,11,广东星际机车科技有限公司,销售,20505.0
2025,11,江苏新日电动车股份有限公司,销售,23600.0
2025,11,重庆鑫源摩托车股份有限公司,销售,27840.0
2025,11,珠海珠江车业有限公司,销售,14936.0
2025,11,重庆银钢科技(集团)有限公司,销售,19985.0
2025,11,重庆安第斯摩托车制造有限公司,销售,13719.0
2025,11,山东巴士新能源车业有限公司,销售,24508.0
2025,11,长铃集团长春摩托车工业有限公司,销售,13965.0
2025,11,江苏众星摩托有限公司,销售,15682.0
2025,11,鹤山国机南联摩托车工业有限公司,销售,14253.0
2025,11,重庆建设机电有限责任公司,销售,16022.0
2025,11,山东五星车辆股份有限公司,销售,11262.0
2025,11,常州光阳摩托车有限公司,销售,7125.0
2025,11,江门市长华集团有限公司,销售,11678.0
2025,11,济南大隆机车工业有限公司,销售,11731.0
2025,11,台州市王野机车有限责任公司,销售,13931.0
2025,11,重庆嘉陵工业有限公司,销售,4712.0
2025,11,康超集团广州摩托车制造有限公司,销售,12102.0
2025,11,重庆望江摩托车制造有限公司,销售,11969.0
2025,11,杭州土星动力科技有限公司,销售,4596.0
2025,11,宁波市龙嘉动力科技有限公司,销售,9472.0
2025,11,江门市迪豪摩托车有限公司,销售,6513.0
2025,11,金翌车业有限公司,销售,3940.0
2025,11,西藏新珠峰摩托车有限公司,销售,5180.0
2025,11,浙江华洋赛车股份有限公司,销售,3190.0
2025,11,江门市华龙摩托车有限公司,销售,3323.0
2025,11,广州福羊科技有限公司,销售,5012.0
2025,11,浙江天本车业有限公司,销售,6130.0
2025,11,重庆万虎机电有限责任公司,销售,4775.0
2025,11,济南轻骑摩托车有限公司,销售,5192.0
2025,11,增城市东阳摩托车实业有限公司,销售,7924.0
2025,11,宁波市龙嘉摩托车有限公司,销售,4968.0
2025,11,东莞市台铃车业有限公司,销售,177.0
2025,11,浙江嘉爵摩托车制造有限公司,销售,5977.0
2025,11,浙江森铃摩托车有限公司,销售,3612.0
2025,11,重庆劲扬摩托车工业有限公司,销售,6399.0
2025,11,重庆光宇摩托车制造有限公司,销售,3559.0
2025,11,台州市椒江之威摩托车制造有限公司,销售,3200.0
2025,11,浙江三友车业科技有限公司,销售,4033.0
2025,11,江苏林海动力机械集团有限公司,销售,1567.0
2025,11,佛山市佛斯弟摩托车制造有限公司,销售,2800.0
2025,11,重庆新感觉摩托车有限公司,销售,2456.0
2025,11,江苏创新摩托车制造有限公司,销售,2371.0
2025,11,宁波东方凌云车辆制造有限公司,销售,1176.0
2025,11,金城集团有限公司,销售,1563.0
2025,11,广州五羊摩托有限公司,销售,1868.0
2025,11,宝岛车业集团有限公司,销售,1411.0
2025,11,江苏林芝山阳集团有限公司,销售,1336.0
2025,11,浙江吉铭实业有限公司,销售,1368.0
2025,11,慈溪金轮机车制造有限公司,销售,856.0
2025,11,福建省晋江市三力机车有限公司,销售,1221.0
2025,11,广州番禺豪剑摩托车工业有限公司,销售,1224.0
2025,11,重庆恒胜集团有限公司,销售,518.0
2025,11,江苏新陵摩托车制造有限公司,销售,635.0
2025,11,浙江幸福摩托机械有限公司,销售,0.0
2025,11,山东马拉贝斯车业有限公司,销售,1794.0
2025,11,上海本菱摩托车制造有限公司,销售,493.0
2025,11,浙江日雅摩托车有限公司,销售,259.0
2025,11,浙江黄岩三叶集团有限公司,销售,171.0
2025,11,洛阳盛江红强摩托车有限公司,销售,229.0
2025,11,立峰集团有限公司,销售,73.0
2025,11,重庆双庆产业集团有限公司,销售,0.0
2025,11,广东大联统摩托车有限公司,销售,31.0
2025,11,江苏跃进摩托车制造有限责任公司,销售,5.0
2025,12,江门市大长江集团有限公司,生产,268551.0
2025,12,重庆隆鑫机车有限公司,生产,117401.0
2025,12,宗申产业集团有限公司,生产,140044.0
2025,12,广东大冶摩托车技术有限公司,生产,110578.0
2025,12,新大洲本田摩托(苏州)有限公司,生产,95198.0
2025,12,雅迪科技集团有限公司,生产,70080.0
2025,12,重庆银翔摩托车集团有限公司,生产,91653.0
2025,12,广州豪进摩托车股份有限公司,生产,55436.0
2025,12,五羊-本田摩托（广州）有限公司,生产,63304.0
2025,12,洛阳北方企业集团有限公司,生产,46405.0
2025,12,浙江绿源电动车有限公司,生产,78783.0
2025,12,浙江春风动力股份有限公司,生产,45123.0
2025,12,江门市珠峰摩托车有限公司,生产,48199.0
2025,12,重庆千里科技股份有限公司,生产,38425.0
2025,12,广州大运摩托车有限公司,生产,36898.0
2025,12,重庆航天巴山摩托车制造有限公司,生产,41442.0
2025,12,浙江钱江摩托股份有限公司,生产,32941.0
2025,12,江苏淮海新能源车辆有限公司,生产,28656.0
2025,12,厦门厦杏摩托有限公司,生产,23768.0
2025,12,济南轻骑铃木摩托车有限公司,生产,28627.0
2025,12,广州三雅摩托车有限公司,生产,40117.0
2025,12,广州天马集团天马摩托车有限公司,生产,31105.0
2025,12,江苏新日电动车股份有限公司,生产,34970.0
2025,12,重庆鑫源摩托车股份有限公司,生产,33307.0
2025,12,广东星际机车科技有限公司,生产,23868.0
2025,12,重庆润通智能装备有限公司,生产,16272.0
2025,12,珠海珠江车业有限公司,生产,30852.0
2025,12,重庆银钢科技(集团)有限公司,生产,10182.0
2025,12,重庆安第斯摩托车制造有限公司,生产,12733.0
2025,12,山东巴士新能源车业有限公司,生产,20788.0
2025,12,江苏众星摩托有限公司,生产,17581.0
2025,12,鹤山国机南联摩托车工业有限公司,生产,19864.0
2025,12,长铃集团长春摩托车工业有限公司,生产,12763.0
2025,12,重庆建设机电有限责任公司,生产,14331.0
2025,12,山东五星车辆股份有限公司,生产,10098.0
2025,12,重庆嘉陵工业有限公司,生产,13097.0
2025,12,江门市长华集团有限公司,生产,12194.0
2025,12,济南大隆机车工业有限公司,生产,13251.0
2025,12,常州光阳摩托车有限公司,生产,6658.0
2025,12,台州市王野机车有限责任公司,生产,15848.0
2025,12,康超集团广州摩托车制造有限公司,生产,16694.0
2025,12,重庆望江摩托车制造有限公司,生产,8685.0
2025,12,杭州土星动力科技有限公司,生产,3987.0
2025,12,宁波市龙嘉动力科技有限公司,生产,5938.0
2025,12,金翌车业有限公司,生产,8230.0
2025,12,江门市迪豪摩托车有限公司,生产,3917.0
2025,12,西藏新珠峰摩托车有限公司,生产,4920.0
2025,12,江门市华龙摩托车有限公司,生产,3584.0
2025,12,广州福羊科技有限公司,生产,4038.0
2025,12,重庆万虎机电有限责任公司,生产,6298.0
2025,12,济南轻骑摩托车有限公司,生产,8255.0
2025,12,浙江天本车业有限公司,生产,5954.0
2025,12,增城市东阳摩托车实业有限公司,生产,6334.0
2025,12,浙江华洋赛车股份有限公司,生产,2828.0
2025,12,宁波市龙嘉摩托车有限公司,生产,7244.0
2025,12,浙江嘉爵摩托车制造有限公司,生产,6163.0
2025,12,浙江森铃摩托车有限公司,生产,5779.0
2025,12,东莞市台铃车业有限公司,生产,843.0
2025,12,重庆劲扬摩托车工业有限公司,生产,5451.0
2025,12,重庆光宇摩托车制造有限公司,生产,4361.0
2025,12,台州市椒江之威摩托车制造有限公司,生产,2586.0
2025,12,浙江三友车业科技有限公司,生产,3684.0
2025,12,重庆新感觉摩托车有限公司,生产,3999.0
2025,12,江苏林海动力机械集团有限公司,生产,1828.0
2025,12,江苏创新摩托车制造有限公司,生产,4000.0
2025,12,佛山市佛斯弟摩托车制造有限公司,生产,2986.0
2025,12,宁波东方凌云车辆制造有限公司,生产,1983.0
2025,12,金城集团有限公司,生产,1974.0
2025,12,广州五羊摩托有限公司,生产,3207.0
2025,12,江苏林芝山阳集团有限公司,生产,1410.0
2025,12,宝岛车业集团有限公司,生产,1422.0
2025,12,浙江吉铭实业有限公司,生产,808.0
2025,12,慈溪金轮机车制造有限公司,生产,465.0
2025,12,福建省晋江市三力机车有限公司,生产,857.0
2025,12,广州番禺豪剑摩托车工业有限公司,生产,1224.0
2025,12,重庆恒胜集团有限公司,生产,723.0
2025,12,江苏新陵摩托车制造有限公司,生产,320.0
2025,12,山东马拉贝斯车业有限公司,生产,322.0
2025,12,浙江幸福摩托机械有限公司,生产,0.0
2025,12,上海本菱摩托车制造有限公司,生产,451.0
2025,12,浙江黄岩三叶集团有限公司,生产,425.0
2025,12,浙江日雅摩托车有限公司,生产,365.0
2025,12,洛阳盛江红强摩托车有限公司,生产,135.0
2025,12,立峰集团有限公司,生产,196.0
2025,12,重庆双庆产业集团有限公司,生产,0.0
2025,12,广东大联统摩托车有限公司,生产,46.0
2025,12,江苏跃进摩托车制造有限责任公司,生产,7.0
2025,12,江门市大长江集团有限公司,销售,241107.0
2025,12,重庆隆鑫机车有限公司,销售,142389.0
2025,12,宗申产业集团有限公司,销售,142186.0
2025,12,广东大冶摩托车技术有限公司,销售,112582.0
2025,12,新大洲本田摩托(苏州)有限公司,销售,92916.0
2025,12,雅迪科技集团有限公司,销售,57274.0
2025,12,重庆银翔摩托车集团有限公司,销售,91650.0
2025,12,广州豪进摩托车股份有限公司,销售,56891.0
2025,12,五羊-本田摩托（广州）有限公司,销售,66833.0
2025,12,洛阳北方企业集团有限公司,销售,45442.0
2025,12,浙江绿源电动车有限公司,销售,78233.0
2025,12,浙江春风动力股份有限公司,销售,37604.0
2025,12,江门市珠峰摩托车有限公司,销售,45740.0
2025,12,重庆千里科技股份有限公司,销售,41069.0
2025,12,广州大运摩托车有限公司,销售,36045.0
2025,12,重庆航天巴山摩托车制造有限公司,销售,39820.0
2025,12,浙江钱江摩托股份有限公司,销售,24752.0
2025,12,江苏淮海新能源车辆有限公司,销售,28656.0
2025,12,厦门厦杏摩托有限公司,销售,19593.0
2025,12,济南轻骑铃木摩托车有限公司,销售,19798.0
2025,12,广州天马集团天马摩托车有限公司,销售,34045.0
2025,12,广州三雅摩托车有限公司,销售,40138.0
2025,12,广东星际机车科技有限公司,销售,23868.0
2025,12,重庆润通智能装备有限公司,销售,17205.0
2025,12,重庆鑫源摩托车股份有限公司,销售,28836.0
2025,12,江苏新日电动车股份有限公司,销售,22065.0
2025,12,珠海珠江车业有限公司,销售,27107.0
2025,12,重庆银钢科技(集团)有限公司,销售,10085.0
2025,12,重庆安第斯摩托车制造有限公司,销售,11151.0
2025,12,山东巴士新能源车业有限公司,销售,21522.0
2025,12,江苏众星摩托有限公司,销售,17527.0
2025,12,鹤山国机南联摩托车工业有限公司,销售,19903.0
2025,12,长铃集团长春摩托车工业有限公司,销售,12763.0
2025,12,重庆建设机电有限责任公司,销售,14286.0
2025,12,山东五星车辆股份有限公司,销售,9075.0
2025,12,江门市长华集团有限公司,销售,12194.0
2025,12,济南大隆机车工业有限公司,销售,13261.0
2025,12,台州市王野机车有限责任公司,销售,15848.0
2025,12,常州光阳摩托车有限公司,销售,4961.0
2025,12,康超集团广州摩托车制造有限公司,销售,17116.0
2025,12,重庆嘉陵工业有限公司,销售,8882.0
2025,12,重庆望江摩托车制造有限公司,销售,10487.0
2025,12,杭州土星动力科技有限公司,销售,3485.0
2025,12,宁波市龙嘉动力科技有限公司,销售,6107.0
2025,12,金翌车业有限公司,销售,8200.0
2025,12,江门市华龙摩托车有限公司,销售,11163.0
2025,12,西藏新珠峰摩托车有限公司,销售,4920.0
2025,12,江门市迪豪摩托车有限公司,销售,2686.0
2025,12,浙江华洋赛车股份有限公司,销售,3282.0
2025,12,济南轻骑摩托车有限公司,销售,9020.0
2025,12,重庆万虎机电有限责任公司,销售,8390.0
2025,12,广州福羊科技有限公司,销售,4038.0
2025,12,浙江天本车业有限公司,销售,5954.0
2025,12,增城市东阳摩托车实业有限公司,销售,7513.0
2025,12,宁波市龙嘉摩托车有限公司,销售,7906.0
2025,12,浙江嘉爵摩托车制造有限公司,销售,6163.0
2025,12,东莞市台铃车业有限公司,销售,843.0
2025,12,浙江森铃摩托车有限公司,销售,5560.0
2025,12,重庆劲扬摩托车工业有限公司,销售,5451.0
2025,12,重庆光宇摩托车制造有限公司,销售,5307.0
2025,12,台州市椒江之威摩托车制造有限公司,销售,2626.0
2025,12,浙江三友车业科技有限公司,销售,3684.0
2025,12,江苏林海动力机械集团有限公司,销售,1823.0
2025,12,佛山市佛斯弟摩托车制造有限公司,销售,2986.0
2025,12,重庆新感觉摩托车有限公司,销售,1542.0
2025,12,江苏创新摩托车制造有限公司,销售,3960.0
2025,12,宁波东方凌云车辆制造有限公司,销售,1872.0
2025,12,广州五羊摩托有限公司,销售,2812.0
2025,12,金城集团有限公司,销售,1953.0
2025,12,宝岛车业集团有限公司,销售,1422.0
2025,12,江苏林芝山阳集团有限公司,销售,1410.0
2025,12,浙江吉铭实业有限公司,销售,773.0
2025,12,慈溪金轮机车制造有限公司,销售,466.0
2025,12,广州番禺豪剑摩托车工业有限公司,销售,1224.0
2025,12,福建省晋江市三力机车有限公司,销售,857.0
2025,12,重庆恒胜集团有限公司,销售,723.0
2025,12,江苏新陵摩托车制造有限公司,销售,343.0
2025,12,山东马拉贝斯车业有限公司,销售,322.0
2025,12,浙江幸福摩托机械有限公司,销售,0.0
2025,12,上海本菱摩托车制造有限公司,销售,451.0
2025,12,浙江日雅摩托车有限公司,销售,558.0
2025,12,浙江黄岩三叶集团有限公司,销售,362.0
2025,12,洛阳盛江红强摩托车有限公司,销售,0.0
2025,12,立峰集团有限公司,销售,196.0
2025,12,重庆双庆产业集团有限公司,销售,0.0
2025,12,广东大联统摩托车有限公司,销售,46.0
2025,12,江苏跃进摩托车制造有限责任公司,销售,7.0
2026,1,江门市大长江集团有限公司,生产,276355.0
2026,1,宗申产业集团有限公司,生产,145169.0
2026,1,重庆隆鑫机车有限公司,生产,128488.0
2026,1,广东大冶摩托车技术有限公司,生产,108083.0
2026,1,重庆银翔摩托车集团有限公司,生产,105824.0
2026,1,广州豪进摩托车股份有限公司,生产,75430.0
2026,1,新大洲本田摩托(苏州)有限公司,生产,69997.0
2026,1,雅迪科技集团有限公司,生产,67120.0
2026,1,浙江绿源电动车有限公司,生产,66610.0
2026,1,浙江春风动力股份有限公司,生产,52804.0
2026,1,江门市珠峰摩托车有限公司,生产,51999.0
2026,1,洛阳北方企业集团有限公司,生产,47815.0
2026,1,江苏新日电动车股份有限公司,生产,47625.0
2026,1,五羊-本田摩托（广州）有限公司,生产,43943.0
2026,1,重庆航天巴山摩托车制造有限公司,生产,39556.0
2026,1,重庆千里科技股份有限公司,生产,37224.0
2026,1,广州大运摩托车有限公司,生产,35397.0
2026,1,广州天马集团天马摩托车有限公司,生产,35028.0
2026,1,浙江钱江摩托股份有限公司,生产,30553.0
2026,1,厦门厦杏摩托有限公司,生产,30432.0
2026,1,重庆鑫源摩托车股份有限公司,生产,30025.0
2026,1,广东星际机车科技有限公司,生产,26560.0
2026,1,珠海珠江车业有限公司,生产,24884.0
2026,1,广州三雅摩托车有限公司,生产,20885.0
2026,1,济南轻骑铃木摩托车有限公司,生产,20166.0
2026,1,江苏众星摩托有限公司,生产,18079.0
2026,1,鹤山国机南联摩托车工业有限公司,生产,17940.0
2026,1,重庆润通智能装备有限公司,生产,17215.0
2026,1,长铃集团长春摩托车工业有限公司,生产,16993.0
2026,1,山东巴士新能源车业有限公司,生产,16905.0
2026,1,台州市王野机车有限责任公司,生产,16003.0
2026,1,康超集团广州摩托车制造有限公司,生产,15418.0
2026,1,山东五星车辆股份有限公司,生产,13918.0
2026,1,重庆安第斯摩托车制造有限公司,生产,13861.0
2026,1,济南大隆机车工业有限公司,生产,13226.0
2026,1,重庆望江摩托车制造有限公司,生产,12704.0
2026,1,重庆建设机电有限责任公司,生产,12195.0
2026,1,浙江涛涛车业股份有限公司,生产,11597.0
2026,1,重庆银钢科技(集团)有限公司,生产,11170.0
2026,1,浙江嘉爵摩托车制造有限公司,生产,10894.0
2026,1,常州光阳摩托车有限公司,生产,10437.0
2026,1,江苏淮海新能源车辆有限公司,生产,10234.0
2026,1,重庆嘉陵工业有限公司,生产,10164.0
2026,1,金翌车业有限公司,生产,10092.0
2026,1,江门市长华集团有限公司,生产,9121.0
2026,1,宁波市龙嘉动力科技有限公司,生产,9015.0
2026,1,广州福羊科技有限公司,生产,7501.0
2026,1,浙江三友车业科技有限公司,生产,7348.0
2026,1,江门市迪豪摩托车有限公司,生产,6992.0
2026,1,宁波市龙嘉摩托车有限公司,生产,6664.0
2026,1,重庆万虎机电有限责任公司,生产,6496.0
2026,1,重庆劲扬摩托车工业有限公司,生产,6465.0
2026,1,浙江天本车业有限公司,生产,6316.0
2026,1,浙江森铃摩托车有限公司,生产,6179.0
2026,1,重庆光宇摩托车制造有限公司,生产,5352.0
2026,1,增城市东阳摩托车实业有限公司,生产,4954.0
2026,1,台州市椒江之威摩托车制造有限公司,生产,4422.0
2026,1,佛山市佛斯弟摩托车制造有限公司,生产,3710.0
2026,1,浙江华洋赛车股份有限公司,生产,3622.0
2026,1,江苏创新摩托车制造有限公司,生产,3500.0
2026,1,济南轻骑摩托车有限公司,生产,2884.0
2026,1,重庆新感觉摩托车有限公司,生产,2654.0
2026,1,西藏新珠峰摩托车有限公司,生产,2615.0
2026,1,宝岛车业集团有限公司,生产,2266.0
2026,1,江门市华龙摩托车有限公司,生产,2252.0
2026,1,宁波东方凌云车辆制造有限公司,生产,2015.0
2026,1,广州五羊摩托有限公司,生产,1879.0
2026,1,杭州土星动力科技有限公司,生产,1832.0
2026,1,江苏林海动力机械集团有限公司,生产,1766.0
2026,1,江苏林芝山阳集团有限公司,生产,1521.0
2026,1,福建省晋江市三力机车有限公司,生产,1322.0
2026,1,浙江吉铭实业有限公司,生产,1111.0
2026,1,慈溪金轮机车制造有限公司,生产,1051.0
2026,1,广州番禺豪剑摩托车工业有限公司,生产,1014.0
2026,1,金城集团有限公司,生产,876.0
2026,1,浙江黄岩三叶集团有限公司,生产,631.0
2026,1,浙江日雅摩托车有限公司,生产,617.0
2026,1,重庆恒胜集团有限公司,生产,597.0
2026,1,洛阳盛江红强摩托车有限公司,生产,540.0
2026,1,江苏新陵摩托车制造有限公司,生产,250.0
2026,1,立峰集团有限公司,生产,86.0
2026,1,上海本菱摩托车制造有限公司,生产,74.0
2026,1,山东马拉贝斯车业有限公司,生产,46.0
2026,1,广东大联统摩托车有限公司,生产,40.0
2026,1,东莞市台铃车业有限公司,生产,0.0
2026,1,浙江幸福摩托机械有限公司,生产,0.0
2026,1,江苏跃进摩托车制造有限责任公司,生产,0.0
2026,1,重庆双庆产业集团有限公司,生产,0.0
2026,1,江门市大长江集团有限公司,销售,294426.0
2026,1,宗申产业集团有限公司,销售,132067.0
2026,1,广东大冶摩托车技术有限公司,销售,107674.0
2026,1,重庆隆鑫机车有限公司,销售,106409.0
2026,1,重庆银翔摩托车集团有限公司,销售,105824.0
2026,1,新大洲本田摩托(苏州)有限公司,销售,80389.0
2026,1,浙江绿源电动车有限公司,销售,67780.0
2026,1,广州豪进摩托车股份有限公司,销售,56459.0
2026,1,江门市珠峰摩托车有限公司,销售,56420.0
2026,1,雅迪科技集团有限公司,销售,55630.0
2026,1,洛阳北方企业集团有限公司,销售,50584.0
2026,1,浙江春风动力股份有限公司,销售,47446.0
2026,1,五羊-本田摩托（广州）有限公司,销售,43716.0
2026,1,广州天马集团天马摩托车有限公司,销售,43565.0
2026,1,重庆航天巴山摩托车制造有限公司,销售,41556.0
2026,1,广州大运摩托车有限公司,销售,37044.0
2026,1,重庆千里科技股份有限公司,销售,36302.0
2026,1,浙江钱江摩托股份有限公司,销售,36215.0
2026,1,江苏新日电动车股份有限公司,销售,34769.0
2026,1,重庆鑫源摩托车股份有限公司,销售,34190.0
2026,1,厦门厦杏摩托有限公司,销售,29290.0
2026,1,珠海珠江车业有限公司,销售,29268.0
2026,1,广东星际机车科技有限公司,销售,26560.0
2026,1,重庆嘉陵工业有限公司,销售,25874.0
2026,1,济南轻骑铃木摩托车有限公司,销售,25190.0
2026,1,广州三雅摩托车有限公司,销售,20895.0
2026,1,鹤山国机南联摩托车工业有限公司,销售,18383.0
2026,1,重庆润通智能装备有限公司,销售,18086.0
2026,1,江苏众星摩托有限公司,销售,18022.0
2026,1,山东巴士新能源车业有限公司,销售,17035.0
2026,1,长铃集团长春摩托车工业有限公司,销售,16993.0
2026,1,台州市王野机车有限责任公司,销售,16003.0
2026,1,重庆安第斯摩托车制造有限公司,销售,15742.0
2026,1,康超集团广州摩托车制造有限公司,销售,15418.0
2026,1,济南大隆机车工业有限公司,销售,13852.0
2026,1,山东五星车辆股份有限公司,销售,13468.0
2026,1,浙江涛涛车业股份有限公司,销售,11727.0
2026,1,重庆建设机电有限责任公司,销售,11413.0
2026,1,重庆银钢科技(集团)有限公司,销售,11017.0
2026,1,浙江嘉爵摩托车制造有限公司,销售,10894.0
2026,1,重庆望江摩托车制造有限公司,销售,10514.0
2026,1,金翌车业有限公司,销售,10249.0
2026,1,江苏淮海新能源车辆有限公司,销售,10234.0
2026,1,常州光阳摩托车有限公司,销售,9826.0
2026,1,江门市迪豪摩托车有限公司,销售,9194.0
2026,1,江门市长华集团有限公司,销售,9121.0
2026,1,广州福羊科技有限公司,销售,7501.0
2026,1,浙江三友车业科技有限公司,销售,7348.0
2026,1,宁波市龙嘉摩托车有限公司,销售,6900.0
2026,1,重庆劲扬摩托车工业有限公司,销售,6465.0
2026,1,浙江天本车业有限公司,销售,6316.0
2026,1,浙江森铃摩托车有限公司,销售,6179.0
2026,1,宁波市龙嘉动力科技有限公司,销售,5604.0
2026,1,重庆光宇摩托车制造有限公司,销售,5352.0
2026,1,重庆新感觉摩托车有限公司,销售,5339.0
2026,1,增城市东阳摩托车实业有限公司,销售,5223.0
2026,1,重庆万虎机电有限责任公司,销售,5060.0
2026,1,台州市椒江之威摩托车制造有限公司,销售,4362.0
2026,1,杭州土星动力科技有限公司,销售,4327.0
2026,1,佛山市佛斯弟摩托车制造有限公司,销售,3710.0
2026,1,江门市华龙摩托车有限公司,销售,3239.0
2026,1,浙江华洋赛车股份有限公司,销售,3224.0
2026,1,江苏创新摩托车制造有限公司,销售,3197.0
2026,1,西藏新珠峰摩托车有限公司,销售,2615.0
2026,1,济南轻骑摩托车有限公司,销售,2473.0
2026,1,宝岛车业集团有限公司,销售,2266.0
2026,1,广州五羊摩托有限公司,销售,2050.0
2026,1,宁波东方凌云车辆制造有限公司,销售,1989.0
2026,1,江苏林海动力机械集团有限公司,销售,1777.0
2026,1,江苏林芝山阳集团有限公司,销售,1521.0
2026,1,福建省晋江市三力机车有限公司,销售,1322.0
2026,1,浙江吉铭实业有限公司,销售,1291.0
2026,1,慈溪金轮机车制造有限公司,销售,1052.0
2026,1,广州番禺豪剑摩托车工业有限公司,销售,1014.0
2026,1,金城集团有限公司,销售,928.0
2026,1,浙江黄岩三叶集团有限公司,销售,655.0
2026,1,重庆恒胜集团有限公司,销售,597.0
2026,1,洛阳盛江红强摩托车有限公司,销售,540.0
2026,1,浙江日雅摩托车有限公司,销售,461.0
2026,1,江苏新陵摩托车制造有限公司,销售,250.0
2026,1,立峰集团有限公司,销售,86.0
2026,1,上海本菱摩托车制造有限公司,销售,74.0
2026,1,山东马拉贝斯车业有限公司,销售,46.0
2026,1,广东大联统摩托车有限公司,销售,10.0
2026,1,东莞市台铃车业有限公司,销售,0.0
2026,1,浙江幸福摩托机械有限公司,销售,0.0
2026,1,重庆双庆产业集团有限公司,销售,0.0
2026,1,江苏跃进摩托车制造有限责任公司,销售,0.0
2026,2,江门市大长江集团有限公司,生产,158774.0
2026,2,宗申产业集团有限公司,生产,87918.0
2026,2,重庆隆鑫机车有限公司,生产,93355.0
2026,2,重庆银翔摩托车集团有限公司,生产,102092.0
2026,2,广东大冶摩托车技术有限公司,生产,91455.0
2026,2,新大洲本田摩托(苏州)有限公司,生产,46368.0
2026,2,广州豪进摩托车股份有限公司,生产,40689.0
2026,2,雅迪科技集团有限公司,生产,28333.0
2026,2,洛阳北方企业集团有限公司,生产,35652.0
2026,2,浙江春风动力股份有限公司,生产,29162.0
2026,2,浙江绿源电动车有限公司,生产,12538.0
2026,2,五羊-本田摩托（广州）有限公司,生产,32016.0
2026,2,广州大运摩托车有限公司,生产,32987.0
2026,2,重庆千里科技股份有限公司,生产,30553.0
2026,2,江门市珠峰摩托车有限公司,生产,14275.0
2026,2,重庆航天巴山摩托车制造有限公司,生产,18543.0
2026,2,江苏新日电动车股份有限公司,生产,7860.0
2026,2,广州天马集团天马摩托车有限公司,生产,17020.0
2026,2,厦门厦杏摩托有限公司,生产,20247.0
2026,2,重庆鑫源摩托车股份有限公司,生产,17045.0
2026,2,广东星际机车科技有限公司,生产,13047.0
2026,2,浙江钱江摩托股份有限公司,生产,7689.0
2026,2,重庆润通智能装备有限公司,生产,20008.0
2026,2,广州三雅摩托车有限公司,生产,15940.0
2026,2,济南轻骑铃木摩托车有限公司,生产,16656.0
2026,2,珠海珠江车业有限公司,生产,10642.0
2026,2,鹤山国机南联摩托车工业有限公司,生产,17195.0
2026,2,江苏淮海新能源车辆有限公司,生产,11962.0
2026,2,江苏众星摩托有限公司,生产,11801.0
2026,2,长铃集团长春摩托车工业有限公司,生产,8103.0
2026,2,重庆建设机电有限责任公司,生产,12601.0
2026,2,山东五星车辆股份有限公司,生产,8236.0
2026,2,台州市王野机车有限责任公司,生产,4118.0
2026,2,浙江嘉爵摩托车制造有限公司,生产,8232.0
2026,2,重庆安第斯摩托车制造有限公司,生产,4976.0
2026,2,山东巴士新能源车业有限公司,生产,1605.0
2026,2,重庆嘉陵工业有限公司,生产,8004.0
2026,2,济南大隆机车工业有限公司,生产,4500.0
2026,2,重庆银钢科技(集团)有限公司,生产,6281.0
2026,2,常州光阳摩托车有限公司,生产,6290.0
2026,2,康超集团广州摩托车制造有限公司,生产,0.0
2026,2,江门市长华集团有限公司,生产,6000.0
2026,2,重庆望江摩托车制造有限公司,生产,1917.0
2026,2,浙江涛涛车业股份有限公司,生产,1963.0
2026,2,广州福羊科技有限公司,生产,6007.0
2026,2,金翌车业有限公司,生产,3043.0
2026,2,浙江森铃摩托车有限公司,生产,6521.0
2026,2,宁波市龙嘉动力科技有限公司,生产,3606.0
2026,2,江门市迪豪摩托车有限公司,生产,5521.0
2026,2,浙江三友车业科技有限公司,生产,4102.0
2026,2,重庆劲扬摩托车工业有限公司,生产,4702.0
2026,2,济南轻骑摩托车有限公司,生产,4490.0
2026,2,重庆万虎机电有限责任公司,生产,3484.0
2026,2,宁波市龙嘉摩托车有限公司,生产,2447.0
2026,2,浙江天本车业有限公司,生产,2787.0
2026,2,浙江华洋赛车股份有限公司,生产,3507.0
2026,2,重庆光宇摩托车制造有限公司,生产,1745.0
2026,2,江苏林海动力机械集团有限公司,生产,4544.0
2026,2,西藏新珠峰摩托车有限公司,生产,2985.0
2026,2,增城市东阳摩托车实业有限公司,生产,0.0
2026,2,台州市椒江之威摩托车制造有限公司,生产,528.0
2026,2,佛山市佛斯弟摩托车制造有限公司,生产,1102.0
2026,2,重庆新感觉摩托车有限公司,生产,1005.0
2026,2,江苏创新摩托车制造有限公司,生产,0.0
2026,2,江门市华龙摩托车有限公司,生产,921.0
2026,2,宁波东方凌云车辆制造有限公司,生产,1048.0
2026,2,广州五羊摩托有限公司,生产,1150.0
2026,2,浙江吉铭实业有限公司,生产,1558.0
2026,2,宝岛车业集团有限公司,生产,323.0
2026,2,杭州土星动力科技有限公司,生产,579.0
2026,2,江苏林芝山阳集团有限公司,生产,870.0
2026,2,福建省晋江市三力机车有限公司,生产,762.0
2026,2,慈溪金轮机车制造有限公司,生产,763.0
2026,2,广州番禺豪剑摩托车工业有限公司,生产,384.0
2026,2,金城集团有限公司,生产,258.0
2026,2,浙江日雅摩托车有限公司,生产,288.0
2026,2,重庆恒胜集团有限公司,生产,87.0
2026,2,洛阳盛江红强摩托车有限公司,生产,102.0
2026,2,浙江黄岩三叶集团有限公司,生产,0.0
2026,2,江苏新陵摩托车制造有限公司,生产,160.0
2026,2,立峰集团有限公司,生产,16.0
2026,2,上海本菱摩托车制造有限公司,生产,0.0
2026,2,山东马拉贝斯车业有限公司,生产,0.0
2026,2,广东大联统摩托车有限公司,生产,3.0
2026,2,东莞市台铃车业有限公司,生产,0.0
2026,2,浙江幸福摩托机械有限公司,生产,0.0
2026,2,重庆双庆产业集团有限公司,生产,0.0
2026,2,江门市大长江集团有限公司,销售,159257.0
2026,2,宗申产业集团有限公司,销售,98473.0
2026,2,重庆隆鑫机车有限公司,销售,106037.0
2026,2,重庆银翔摩托车集团有限公司,销售,102092.0
2026,2,广东大冶摩托车技术有限公司,销售,95877.0
2026,2,新大洲本田摩托(苏州)有限公司,销售,73366.0
2026,2,广州豪进摩托车股份有限公司,销售,54032.0
2026,2,洛阳北方企业集团有限公司,销售,34357.0
2026,2,五羊-本田摩托（广州）有限公司,销售,39280.0
2026,2,浙江绿源电动车有限公司,销售,13711.0
2026,2,雅迪科技集团有限公司,销售,24307.0
2026,2,浙江春风动力股份有限公司,销售,31819.0
2026,2,江门市珠峰摩托车有限公司,销售,16562.0
2026,2,重庆千里科技股份有限公司,销售,33616.0
2026,2,广州大运摩托车有限公司,销售,32047.0
2026,2,重庆航天巴山摩托车制造有限公司,销售,19231.0
2026,2,广州天马集团天马摩托车有限公司,销售,15627.0
2026,2,重庆鑫源摩托车股份有限公司,销售,24865.0
2026,2,江苏新日电动车股份有限公司,销售,17934.0
2026,2,厦门厦杏摩托有限公司,销售,23300.0
2026,2,浙江钱江摩托股份有限公司,销售,15798.0
2026,2,济南轻骑铃木摩托车有限公司,销售,23698.0
2026,2,重庆嘉陵工业有限公司,销售,17320.0
2026,2,广东星际机车科技有限公司,销售,13047.0
2026,2,珠海珠江车业有限公司,销售,9795.0
2026,2,重庆润通智能装备有限公司,销售,20108.0
2026,2,广州三雅摩托车有限公司,销售,15972.0
2026,2,鹤山国机南联摩托车工业有限公司,销售,17222.0
2026,2,江苏淮海新能源车辆有限公司,销售,11962.0
2026,2,江苏众星摩托有限公司,销售,11764.0
2026,2,长铃集团长春摩托车工业有限公司,销售,8103.0
2026,2,重庆建设机电有限责任公司,销售,11828.0
2026,2,山东五星车辆股份有限公司,销售,9311.0
2026,2,重庆安第斯摩托车制造有限公司,销售,6019.0
2026,2,台州市王野机车有限责任公司,销售,4118.0
2026,2,山东巴士新能源车业有限公司,销售,2931.0
2026,2,浙江嘉爵摩托车制造有限公司,销售,8232.0
2026,2,济南大隆机车工业有限公司,销售,5114.0
2026,2,常州光阳摩托车有限公司,销售,8162.0
2026,2,浙江涛涛车业股份有限公司,销售,5889.0
2026,2,重庆银钢科技(集团)有限公司,销售,6178.0
2026,2,康超集团广州摩托车制造有限公司,销售,0.0
2026,2,江门市长华集团有限公司,销售,6000.0
2026,2,江门市迪豪摩托车有限公司,销售,5601.0
2026,2,广州福羊科技有限公司,销售,6007.0
2026,2,金翌车业有限公司,销售,3040.0
2026,2,浙江森铃摩托车有限公司,销售,6581.0
2026,2,宁波市龙嘉动力科技有限公司,销售,6742.0
2026,2,重庆望江摩托车制造有限公司,销售,1767.0
2026,2,浙江三友车业科技有限公司,销售,4102.0
2026,2,重庆劲扬摩托车工业有限公司,销售,4702.0
2026,2,宁波市龙嘉摩托车有限公司,销售,3281.0
2026,2,重庆万虎机电有限责任公司,销售,4542.0
2026,2,济南轻骑摩托车有限公司,销售,4368.0
2026,2,浙江天本车业有限公司,销售,2787.0
2026,2,浙江华洋赛车股份有限公司,销售,5292.0
2026,2,重庆光宇摩托车制造有限公司,销售,1745.0
2026,2,重庆新感觉摩托车有限公司,销售,1693.0
2026,2,杭州土星动力科技有限公司,销售,1779.0
2026,2,江门市华龙摩托车有限公司,销售,2839.0
2026,2,增城市东阳摩托车实业有限公司,销售,0.0
2026,2,江苏林海动力机械集团有限公司,销售,3235.0
2026,2,西藏新珠峰摩托车有限公司,销售,2395.0
2026,2,台州市椒江之威摩托车制造有限公司,销售,532.0
2026,2,佛山市佛斯弟摩托车制造有限公司,销售,1102.0
2026,2,江苏创新摩托车制造有限公司,销售,272.0
2026,2,广州五羊摩托有限公司,销售,1348.0
2026,2,宁波东方凌云车辆制造有限公司,销售,1098.0
2026,2,浙江吉铭实业有限公司,销售,1649.0
2026,2,宝岛车业集团有限公司,销售,323.0
2026,2,江苏林芝山阳集团有限公司,销售,870.0
2026,2,福建省晋江市三力机车有限公司,销售,762.0
2026,2,慈溪金轮机车制造有限公司,销售,762.0
2026,2,广州番禺豪剑摩托车工业有限公司,销售,384.0
2026,2,金城集团有限公司,销售,217.0
2026,2,浙江日雅摩托车有限公司,销售,657.0
2026,2,浙江黄岩三叶集团有限公司,销售,197.0
2026,2,重庆恒胜集团有限公司,销售,87.0
2026,2,洛阳盛江红强摩托车有限公司,销售,102.0
2026,2,江苏新陵摩托车制造有限公司,销售,155.0
2026,2,立峰集团有限公司,销售,16.0
2026,2,上海本菱摩托车制造有限公司,销售,0.0
2026,2,山东马拉贝斯车业有限公司,销售,0.0
2026,2,广东大联统摩托车有限公司,销售,33.0
2026,2,东莞市台铃车业有限公司,销售,0.0
2026,2,浙江幸福摩托机械有限公司,销售,0.0
2026,2,重庆双庆产业集团有限公司,销售,0.0
2026,3,江门市大长江集团有限公司,生产,264771.0
2026,3,宗申产业集团有限公司,生产,152605.0
2026,3,重庆隆鑫机车有限公司,生产,134106.0
2026,3,重庆银翔摩托车集团有限公司,生产,115108.0
2026,3,广东大冶摩托车技术有限公司,生产,108783.0
2026,3,新大洲本田摩托(苏州)有限公司,生产,94698.0
2026,3,广州豪进摩托车股份有限公司,生产,68546.0
2026,3,雅迪科技集团有限公司,生产,87431.0
2026,3,浙江春风动力股份有限公司,生产,67731.0
2026,3,洛阳北方企业集团有限公司,生产,63657.0
2026,3,浙江绿源电动车有限公司,生产,62186.0
2026,3,五羊-本田摩托（广州）有限公司,生产,55375.0
2026,3,江门市珠峰摩托车有限公司,生产,43768.0
2026,3,重庆千里科技股份有限公司,生产,39901.0
2026,3,广州大运摩托车有限公司,生产,38561.0
2026,3,江苏新日电动车股份有限公司,生产,43247.0
2026,3,重庆航天巴山摩托车制造有限公司,生产,31272.0
2026,3,广州天马集团天马摩托车有限公司,生产,35018.0
2026,3,厦门厦杏摩托有限公司,生产,33568.0
2026,3,重庆鑫源摩托车股份有限公司,生产,34738.0
2026,3,江苏淮海新能源车辆有限公司,生产,35741.0
2026,3,珠海珠江车业有限公司,生产,33306.0
2026,3,重庆润通智能装备有限公司,生产,29960.0
2026,3,济南轻骑铃木摩托车有限公司,生产,27713.0
2026,3,浙江钱江摩托股份有限公司,生产,25015.0
2026,3,广州三雅摩托车有限公司,生产,21754.0
2026,3,广东星际机车科技有限公司,生产,16407.0
2026,3,鹤山国机南联摩托车工业有限公司,生产,14695.0
2026,3,江苏众星摩托有限公司,生产,16832.0
2026,3,长铃集团长春摩托车工业有限公司,生产,18296.0
2026,3,山东五星车辆股份有限公司,生产,21097.0
2026,3,山东巴士新能源车业有限公司,生产,21209.0
2026,3,重庆建设机电有限责任公司,生产,14365.0
2026,3,济南大隆机车工业有限公司,生产,18049.0
2026,3,重庆嘉陵工业有限公司,生产,18542.0
2026,3,常州光阳摩托车有限公司,生产,11989.0
2026,3,重庆安第斯摩托车制造有限公司,生产,8456.0
2026,3,金翌车业有限公司,生产,12784.0
2026,3,重庆银钢科技(集团)有限公司,生产,6351.0
2026,3,重庆望江摩托车制造有限公司,生产,8886.0
2026,3,康超集团广州摩托车制造有限公司,生产,7484.0
2026,3,台州市王野机车有限责任公司,生产,1797.0
2026,3,宁波市龙嘉动力科技有限公司,生产,8823.0
2026,3,浙江嘉爵摩托车制造有限公司,生产,2193.0
2026,3,浙江涛涛车业股份有限公司,生产,6823.0
2026,3,广州福羊科技有限公司,生产,5205.0
2026,3,重庆万虎机电有限责任公司,生产,8214.0
2026,3,重庆劲扬摩托车工业有限公司,生产,6589.0
2026,3,江门市长华集团有限公司,生产,2572.0
2026,3,浙江森铃摩托车有限公司,生产,4913.0
2026,3,济南轻骑摩托车有限公司,生产,6189.0
2026,3,宁波市龙嘉摩托车有限公司,生产,6668.0
2026,3,江门市迪豪摩托车有限公司,生产,3136.0
2026,3,浙江华洋赛车股份有限公司,生产,8481.0
2026,3,浙江天本车业有限公司,生产,5954.0
2026,3,浙江三友车业科技有限公司,生产,2793.0
2026,3,增城市东阳摩托车实业有限公司,生产,6798.0
2026,3,西藏新珠峰摩托车有限公司,生产,4775.0
2026,3,江苏林海动力机械集团有限公司,生产,3519.0
2026,3,佛山市佛斯弟摩托车制造有限公司,生产,4648.0
2026,3,重庆光宇摩托车制造有限公司,生产,2347.0
2026,3,江苏创新摩托车制造有限公司,生产,5500.0
2026,3,台州市椒江之威摩托车制造有限公司,生产,3983.0
2026,3,重庆新感觉摩托车有限公司,生产,3023.0
2026,3,杭州土星动力科技有限公司,生产,4222.0
2026,3,江门市华龙摩托车有限公司,生产,2716.0
2026,3,宁波东方凌云车辆制造有限公司,生产,2518.0
2026,3,宝岛车业集团有限公司,生产,2991.0
2026,3,广州五羊摩托有限公司,生产,2081.0
2026,3,浙江吉铭实业有限公司,生产,2150.0
2026,3,江苏林芝山阳集团有限公司,生产,2384.0
2026,3,福建省晋江市三力机车有限公司,生产,722.0
2026,3,广州番禺豪剑摩托车工业有限公司,生产,1014.0
2026,3,慈溪金轮机车制造有限公司,生产,571.0
2026,3,金城集团有限公司,生产,490.0
2026,3,浙江日雅摩托车有限公司,生产,421.0
2026,3,江苏新陵摩托车制造有限公司,生产,800.0
2026,3,重庆恒胜集团有限公司,生产,458.0
2026,3,洛阳盛江红强摩托车有限公司,生产,216.0
2026,3,浙江黄岩三叶集团有限公司,生产,201.0
2026,3,上海本菱摩托车制造有限公司,生产,279.0
2026,3,立峰集团有限公司,生产,58.0
2026,3,广东大联统摩托车有限公司,生产,38.0
2026,3,山东马拉贝斯车业有限公司,生产,0.0
2026,3,江苏跃进摩托车制造有限责任公司,生产,30.0
2026,3,东莞市台铃车业有限公司,生产,0.0
2026,3,浙江幸福摩托机械有限公司,生产,0.0
2026,3,重庆双庆产业集团有限公司,生产,0.0
2026,3,江门市大长江集团有限公司,销售,262224.0
2026,3,宗申产业集团有限公司,销售,151083.0
2026,3,重庆隆鑫机车有限公司,销售,136656.0
2026,3,重庆银翔摩托车集团有限公司,销售,115108.0
2026,3,广东大冶摩托车技术有限公司,销售,104901.0
2026,3,新大洲本田摩托(苏州)有限公司,销售,77160.0
2026,3,广州豪进摩托车股份有限公司,销售,73033.0
2026,3,雅迪科技集团有限公司,销售,75311.0
2026,3,浙江春风动力股份有限公司,销售,74200.0
2026,3,洛阳北方企业集团有限公司,销售,62216.0
2026,3,浙江绿源电动车有限公司,销售,61830.0
2026,3,五羊-本田摩托（广州）有限公司,销售,53411.0
2026,3,重庆千里科技股份有限公司,销售,40943.0
2026,3,江苏新日电动车股份有限公司,销售,54536.0
2026,3,广州大运摩托车有限公司,销售,38057.0
2026,3,江门市珠峰摩托车有限公司,销售,26110.0
2026,3,重庆鑫源摩托车股份有限公司,销售,33792.0
2026,3,重庆航天巴山摩托车制造有限公司,销售,31040.0
2026,3,广州天马集团天马摩托车有限公司,销售,32033.0
2026,3,厦门厦杏摩托有限公司,销售,31913.0
2026,3,济南轻骑铃木摩托车有限公司,销售,29974.0
2026,3,浙江钱江摩托股份有限公司,销售,25430.0
2026,3,江苏淮海新能源车辆有限公司,销售,35741.0
2026,3,重庆润通智能装备有限公司,销售,30018.0
2026,3,广州三雅摩托车有限公司,销售,21760.0
2026,3,珠海珠江车业有限公司,销售,17429.0
2026,3,广东星际机车科技有限公司,销售,16407.0
2026,3,重庆嘉陵工业有限公司,销售,11872.0
2026,3,鹤山国机南联摩托车工业有限公司,销售,14706.0
2026,3,江苏众星摩托有限公司,销售,16780.0
2026,3,长铃集团长春摩托车工业有限公司,销售,18296.0
2026,3,山东五星车辆股份有限公司,销售,19602.0
2026,3,山东巴士新能源车业有限公司,销售,20636.0
2026,3,济南大隆机车工业有限公司,销售,18667.0
2026,3,重庆建设机电有限责任公司,销售,14527.0
2026,3,重庆安第斯摩托车制造有限公司,销售,9378.0
2026,3,常州光阳摩托车有限公司,销售,12561.0
2026,3,金翌车业有限公司,销售,12245.0
2026,3,重庆银钢科技(集团)有限公司,销售,6264.0
2026,3,康超集团广州摩托车制造有限公司,销售,7484.0
2026,3,重庆望江摩托车制造有限公司,销售,10074.0
2026,3,浙江涛涛车业股份有限公司,销售,4532.0
2026,3,台州市王野机车有限责任公司,销售,1797.0
2026,3,浙江嘉爵摩托车制造有限公司,销售,2193.0
2026,3,宁波市龙嘉动力科技有限公司,销售,7087.0
2026,3,江门市迪豪摩托车有限公司,销售,3973.0
2026,3,广州福羊科技有限公司,销售,5205.0
2026,3,重庆劲扬摩托车工业有限公司,销售,6589.0
2026,3,江门市长华集团有限公司,销售,2572.0
2026,3,重庆万虎机电有限责任公司,销售,7742.0
2026,3,浙江森铃摩托车有限公司,销售,4298.0
2026,3,济南轻骑摩托车有限公司,销售,6712.0
2026,3,浙江天本车业有限公司,销售,5954.0
2026,3,浙江华洋赛车股份有限公司,销售,6152.0
2026,3,宁波市龙嘉摩托车有限公司,销售,4354.0
2026,3,浙江三友车业科技有限公司,销售,2793.0
2026,3,增城市东阳摩托车实业有限公司,销售,7168.0
2026,3,杭州土星动力科技有限公司,销售,4621.0
2026,3,西藏新珠峰摩托车有限公司,销售,5365.0
2026,3,重庆新感觉摩托车有限公司,销售,2618.0
2026,3,佛山市佛斯弟摩托车制造有限公司,销售,4648.0
2026,3,重庆光宇摩托车制造有限公司,销售,2347.0
2026,3,台州市椒江之威摩托车制造有限公司,销售,3947.0
2026,3,江苏创新摩托车制造有限公司,销售,5322.0
2026,3,江苏林海动力机械集团有限公司,销售,3168.0
2026,3,江门市华龙摩托车有限公司,销售,1405.0
2026,3,广州五羊摩托有限公司,销售,2479.0
2026,3,宁波东方凌云车辆制造有限公司,销售,2557.0
2026,3,宝岛车业集团有限公司,销售,2991.0
2026,3,江苏林芝山阳集团有限公司,销售,2384.0
2026,3,浙江吉铭实业有限公司,销售,498.0
2026,3,福建省晋江市三力机车有限公司,销售,722.0
2026,3,广州番禺豪剑摩托车工业有限公司,销售,1014.0
2026,3,慈溪金轮机车制造有限公司,销售,574.0
2026,3,金城集团有限公司,销售,596.0
2026,3,浙江日雅摩托车有限公司,销售,201.0
2026,3,江苏新陵摩托车制造有限公司,销售,800.0
2026,3,重庆恒胜集团有限公司,销售,458.0
2026,3,浙江黄岩三叶集团有限公司,销售,252.0
2026,3,洛阳盛江红强摩托车有限公司,销售,216.0
2026,3,上海本菱摩托车制造有限公司,销售,279.0
2026,3,立峰集团有限公司,销售,58.0
2026,3,广东大联统摩托车有限公司,销售,38.0
2026,3,山东马拉贝斯车业有限公司,销售,0.0
2026,3,江苏跃进摩托车制造有限责任公司,销售,30.0
2026,3,东莞市台铃车业有限公司,销售,0.0
2026,3,浙江幸福摩托机械有限公司,销售,0.0
2026,3,重庆双庆产业集团有限公司,销售,0.0
2026,4,江门市大长江集团有限公司,生产,270015.0
2026,4,宗申产业集团有限公司,生产,172839.0
2026,4,重庆隆鑫机车有限公司,生产,133432.0
2026,4,广东大冶摩托车技术有限公司,生产,135290.0
2026,4,重庆银翔摩托车集团有限公司,生产,114627.0
2026,4,新大洲本田摩托(苏州)有限公司,生产,101012.0
2026,4,广州豪进摩托车股份有限公司,生产,77321.0
2026,4,浙江绿源电动车有限公司,生产,110272.0
2026,4,浙江春风动力股份有限公司,生产,87447.0
2026,4,雅迪科技集团有限公司,生产,54218.0
2026,4,洛阳北方企业集团有限公司,生产,71001.0
2026,4,五羊-本田摩托（广州）有限公司,生产,65996.0
2026,4,江门市珠峰摩托车有限公司,生产,52335.0
2026,4,重庆千里科技股份有限公司,生产,43806.0
2026,4,广州大运摩托车有限公司,生产,37661.0
2026,4,江苏新日电动车股份有限公司,生产,40359.0
2026,4,重庆航天巴山摩托车制造有限公司,生产,46433.0
2026,4,重庆鑫源摩托车股份有限公司,生产,38980.0
2026,4,广州天马集团天马摩托车有限公司,生产,31018.0
2026,4,厦门厦杏摩托有限公司,生产,31564.0
2026,4,江苏淮海新能源车辆有限公司,生产,30853.0
2026,4,重庆润通智能装备有限公司,生产,31388.0
2026,4,浙江钱江摩托股份有限公司,生产,35123.0
2026,4,济南轻骑铃木摩托车有限公司,生产,27604.0
2026,4,珠海珠江车业有限公司,生产,20225.0
2026,4,广州三雅摩托车有限公司,生产,22493.0
2026,4,鹤山国机南联摩托车工业有限公司,生产,30908.0
2026,4,广东星际机车科技有限公司,生产,22751.0
2026,4,江苏众星摩托有限公司,生产,15901.0
2026,4,长铃集团长春摩托车工业有限公司,生产,17586.0
2026,4,山东五星车辆股份有限公司,生产,17695.0
2026,4,重庆建设机电有限责任公司,生产,14288.0
2026,4,山东巴士新能源车业有限公司,生产,12290.0
2026,4,济南大隆机车工业有限公司,生产,11167.0
2026,4,重庆嘉陵工业有限公司,生产,9164.0
2026,4,常州光阳摩托车有限公司,生产,15183.0
2026,4,康超集团广州摩托车制造有限公司,生产,19442.0
2026,4,重庆安第斯摩托车制造有限公司,生产,12875.0
2026,4,金翌车业有限公司,生产,9205.0
2026,4,宁波市龙嘉动力科技有限公司,生产,12006.0
2026,4,重庆银钢科技(集团)有限公司,生产,9336.0
2026,4,重庆望江摩托车制造有限公司,生产,8078.0
2026,4,台州市王野机车有限责任公司,生产,8921.0
2026,4,浙江嘉爵摩托车制造有限公司,生产,8606.0
2026,4,宁波市龙嘉摩托车有限公司,生产,10174.0
2026,4,重庆万虎机电有限责任公司,生产,7246.0
2026,4,浙江华洋赛车股份有限公司,生产,9700.0
2026,4,重庆劲扬摩托车工业有限公司,生产,6941.0
2026,4,广州福羊科技有限公司,生产,5371.0
2026,4,浙江森铃摩托车有限公司,生产,6198.0
2026,4,浙江涛涛车业股份有限公司,生产,2942.0
2026,4,增城市东阳摩托车实业有限公司,生产,9649.0
2026,4,江门市长华集团有限公司,生产,3840.0
2026,4,济南轻骑摩托车有限公司,生产,4617.0
2026,4,浙江天本车业有限公司,生产,5936.0
2026,4,西藏新珠峰摩托车有限公司,生产,9385.0
2026,4,江门市迪豪摩托车有限公司,生产,3903.0
2026,4,浙江三友车业科技有限公司,生产,4606.0
2026,4,杭州土星动力科技有限公司,生产,8826.0
2026,4,重庆光宇摩托车制造有限公司,生产,5836.0
2026,4,江苏林海动力机械集团有限公司,生产,3197.0
2026,4,江苏创新摩托车制造有限公司,生产,4000.0
2026,4,台州市椒江之威摩托车制造有限公司,生产,3283.0
2026,4,佛山市佛斯弟摩托车制造有限公司,生产,2235.0
2026,4,重庆新感觉摩托车有限公司,生产,4046.0
2026,4,宝岛车业集团有限公司,生产,4581.0
2026,4,宁波东方凌云车辆制造有限公司,生产,2441.0
2026,4,广州五羊摩托有限公司,生产,2195.0
2026,4,浙江吉铭实业有限公司,生产,2032.0
2026,4,江苏林芝山阳集团有限公司,生产,1643.0
2026,4,江门市华龙摩托车有限公司,生产,507.0
2026,4,广州番禺豪剑摩托车工业有限公司,生产,1014.0
2026,4,福建省晋江市三力机车有限公司,生产,407.0
2026,4,慈溪金轮机车制造有限公司,生产,797.0
2026,4,江苏新陵摩托车制造有限公司,生产,800.0
2026,4,金城集团有限公司,生产,168.0
2026,4,浙江日雅摩托车有限公司,生产,337.0
2026,4,重庆恒胜集团有限公司,生产,295.0
2026,4,浙江黄岩三叶集团有限公司,生产,305.0
2026,4,上海本菱摩托车制造有限公司,生产,381.0
2026,4,洛阳盛江红强摩托车有限公司,生产,98.0
2026,4,立峰集团有限公司,生产,84.0
2026,4,山东马拉贝斯车业有限公司,生产,122.0
2026,4,广东大联统摩托车有限公司,生产,6.0
2026,4,江苏跃进摩托车制造有限责任公司,生产,20.0
2026,4,东莞市台铃车业有限公司,生产,0.0
2026,4,浙江幸福摩托机械有限公司,生产,0.0
2026,4,重庆双庆产业集团有限公司,生产,0.0
2026,4,江门市大长江集团有限公司,销售,277152.0
2026,4,宗申产业集团有限公司,销售,168688.0
2026,4,重庆隆鑫机车有限公司,销售,129000.0
2026,4,广东大冶摩托车技术有限公司,销售,134722.0
2026,4,重庆银翔摩托车集团有限公司,销售,114627.0
2026,4,新大洲本田摩托(苏州)有限公司,销售,99975.0
2026,4,广州豪进摩托车股份有限公司,销售,72031.0
2026,4,浙江绿源电动车有限公司,销售,109504.0
2026,4,浙江春风动力股份有限公司,销售,84147.0
2026,4,洛阳北方企业集团有限公司,销售,74512.0
2026,4,雅迪科技集团有限公司,销售,55718.0
2026,4,五羊-本田摩托（广州）有限公司,销售,67418.0
2026,4,江门市珠峰摩托车有限公司,销售,68616.0
2026,4,重庆千里科技股份有限公司,销售,39126.0
2026,4,广州大运摩托车有限公司,销售,38549.0
2026,4,江苏新日电动车股份有限公司,销售,35606.0
2026,4,重庆航天巴山摩托车制造有限公司,销售,45046.0
2026,4,重庆鑫源摩托车股份有限公司,销售,40694.0
2026,4,广州天马集团天马摩托车有限公司,销售,35095.0
2026,4,厦门厦杏摩托有限公司,销售,32727.0
2026,4,浙江钱江摩托股份有限公司,销售,29896.0
2026,4,济南轻骑铃木摩托车有限公司,销售,25937.0
2026,4,江苏淮海新能源车辆有限公司,销售,30853.0
2026,4,重庆润通智能装备有限公司,销售,31597.0
2026,4,鹤山国机南联摩托车工业有限公司,销售,30936.0
2026,4,广州三雅摩托车有限公司,销售,22498.0
2026,4,广东星际机车科技有限公司,销售,22751.0
2026,4,珠海珠江车业有限公司,销售,21329.0
2026,4,重庆嘉陵工业有限公司,销售,14029.0
2026,4,江苏众星摩托有限公司,销售,15851.0
2026,4,长铃集团长春摩托车工业有限公司,销售,17586.0
2026,4,山东五星车辆股份有限公司,销售,14323.0
2026,4,重庆建设机电有限责任公司,销售,15522.0
2026,4,山东巴士新能源车业有限公司,销售,12060.0
2026,4,济南大隆机车工业有限公司,销售,11788.0
2026,4,常州光阳摩托车有限公司,销售,14368.0
2026,4,康超集团广州摩托车制造有限公司,销售,19442.0
2026,4,重庆安第斯摩托车制造有限公司,销售,6311.0
2026,4,金翌车业有限公司,销售,9602.0
2026,4,重庆银钢科技(集团)有限公司,销售,9182.0
2026,4,台州市王野机车有限责任公司,销售,8921.0
2026,4,重庆望江摩托车制造有限公司,销售,7684.0
2026,4,浙江嘉爵摩托车制造有限公司,销售,8606.0
2026,4,宁波市龙嘉动力科技有限公司,销售,10044.0
2026,4,宁波市龙嘉摩托车有限公司,销售,10708.0
2026,4,浙江涛涛车业股份有限公司,销售,2558.0
2026,4,重庆劲扬摩托车工业有限公司,销售,6941.0
2026,4,浙江森铃摩托车有限公司,销售,7393.0
2026,4,广州福羊科技有限公司,销售,5371.0
2026,4,重庆万虎机电有限责任公司,销售,6499.0
2026,4,增城市东阳摩托车实业有限公司,销售,9710.0
2026,4,浙江华洋赛车股份有限公司,销售,8527.0
2026,4,江门市长华集团有限公司,销售,3840.0
2026,4,江门市迪豪摩托车有限公司,销售,2494.0
2026,4,浙江天本车业有限公司,销售,5936.0
2026,4,济南轻骑摩托车有限公司,销售,4070.0
2026,4,西藏新珠峰摩托车有限公司,销售,9385.0
2026,4,杭州土星动力科技有限公司,销售,8484.0
2026,4,浙江三友车业科技有限公司,销售,4606.0
2026,4,重庆光宇摩托车制造有限公司,销售,5846.0
2026,4,重庆新感觉摩托车有限公司,销售,3869.0
2026,4,江苏创新摩托车制造有限公司,销售,3807.0
2026,4,台州市椒江之威摩托车制造有限公司,销售,3301.0
2026,4,佛山市佛斯弟摩托车制造有限公司,销售,2235.0
2026,4,江苏林海动力机械集团有限公司,销售,3398.0
2026,4,宝岛车业集团有限公司,销售,4581.0
2026,4,广州五羊摩托有限公司,销售,2311.0
2026,4,宁波东方凌云车辆制造有限公司,销售,2378.0
2026,4,江门市华龙摩托车有限公司,销售,343.0
2026,4,江苏林芝山阳集团有限公司,销售,1643.0
2026,4,浙江吉铭实业有限公司,销售,2327.0
2026,4,广州番禺豪剑摩托车工业有限公司,销售,1014.0
2026,4,福建省晋江市三力机车有限公司,销售,407.0
2026,4,慈溪金轮机车制造有限公司,销售,793.0
2026,4,江苏新陵摩托车制造有限公司,销售,800.0
2026,4,金城集团有限公司,销售,228.0
2026,4,浙江日雅摩托车有限公司,销售,311.0
2026,4,浙江黄岩三叶集团有限公司,销售,371.0
2026,4,重庆恒胜集团有限公司,销售,295.0
2026,4,上海本菱摩托车制造有限公司,销售,381.0
2026,4,洛阳盛江红强摩托车有限公司,销售,98.0
2026,4,立峰集团有限公司,销售,94.0
2026,4,山东马拉贝斯车业有限公司,销售,122.0
2026,4,广东大联统摩托车有限公司,销售,6.0
2026,4,江苏跃进摩托车制造有限责任公司,销售,20.0
2026,4,东莞市台铃车业有限公司,销售,0.0
2026,4,浙江幸福摩托机械有限公司,销售,0.0
2026,4,重庆双庆产业集团有限公司,销售,0.0
2026,5,江门市大长江集团有限公司,生产,268156.0
2026,5,宗申产业集团有限公司,生产,157226.0
2026,5,重庆隆鑫机车有限公司,生产,136857.0
2026,5,广东大冶摩托车技术有限公司,生产,154542.0
2026,5,重庆银翔摩托车集团有限公司,生产,94081.0
2026,5,新大洲本田摩托(苏州)有限公司,生产,111632.0
2026,5,浙江春风动力股份有限公司,生产,127182.0
2026,5,广州豪进摩托车股份有限公司,生产,95363.0
2026,5,浙江绿源电动车有限公司,生产,53603.0
2026,5,雅迪科技集团有限公司,生产,50224.0
2026,5,洛阳北方企业集团有限公司,生产,63940.0
2026,5,五羊-本田摩托（广州）有限公司,生产,73924.0
2026,5,江门市珠峰摩托车有限公司,生产,54230.0
2026,5,重庆千里科技股份有限公司,生产,35169.0
2026,5,广州大运摩托车有限公司,生产,41758.0
2026,5,重庆航天巴山摩托车制造有限公司,生产,40934.0
2026,5,江苏新日电动车股份有限公司,生产,24651.0
2026,5,重庆鑫源摩托车股份有限公司,生产,32073.0
2026,5,广州天马集团天马摩托车有限公司,生产,31595.0
2026,5,厦门厦杏摩托有限公司,生产,24735.0
2026,5,浙江钱江摩托股份有限公司,生产,40837.0
2026,5,江苏淮海新能源车辆有限公司,生产,31167.0
2026,5,重庆润通智能装备有限公司,生产,28880.0
2026,5,济南轻骑铃木摩托车有限公司,生产,24395.0
2026,5,珠海珠江车业有限公司,生产,22017.0
2026,5,广东星际机车科技有限公司,生产,28746.0
2026,5,广州三雅摩托车有限公司,生产,25595.0
2026,5,鹤山国机南联摩托车工业有限公司,生产,17756.0
2026,5,江苏众星摩托有限公司,生产,15286.0
2026,5,长铃集团长春摩托车工业有限公司,生产,16711.0
2026,5,山东五星车辆股份有限公司,生产,11901.0
2026,5,重庆建设机电有限责任公司,生产,14811.0
2026,5,济南大隆机车工业有限公司,生产,10704.0
2026,5,山东巴士新能源车业有限公司,生产,7936.0
2026,5,重庆安第斯摩托车制造有限公司,生产,17401.0
2026,5,常州光阳摩托车有限公司,生产,12154.0
2026,5,重庆嘉陵工业有限公司,生产,10097.0
2026,5,康超集团广州摩托车制造有限公司,生产,9211.0
2026,5,重庆银钢科技(集团)有限公司,生产,14686.0
2026,5,宁波市龙嘉动力科技有限公司,生产,12256.0
2026,5,金翌车业有限公司,生产,8821.0
2026,5,重庆望江摩托车制造有限公司,生产,7681.0
2026,5,宁波市龙嘉摩托车有限公司,生产,9684.0
2026,5,台州市王野机车有限责任公司,生产,4729.0
2026,5,增城市东阳摩托车实业有限公司,生产,11416.0
2026,5,浙江嘉爵摩托车制造有限公司,生产,4046.0
2026,5,浙江森铃摩托车有限公司,生产,8975.0
2026,5,重庆劲扬摩托车工业有限公司,生产,7704.0
2026,5,浙江华洋赛车股份有限公司,生产,6288.0
2026,5,重庆万虎机电有限责任公司,生产,5052.0
2026,5,西藏新珠峰摩托车有限公司,生产,10325.0
2026,5,广州福羊科技有限公司,生产,5677.0
2026,5,浙江涛涛车业股份有限公司,生产,5775.0
2026,5,江门市长华集团有限公司,生产,7433.0
2026,5,杭州土星动力科技有限公司,生产,13182.0
2026,5,浙江天本车业有限公司,生产,5910.0
2026,5,济南轻骑摩托车有限公司,生产,4730.0
2026,5,江门市迪豪摩托车有限公司,生产,5791.0
2026,5,浙江三友车业科技有限公司,生产,4679.0
2026,5,重庆光宇摩托车制造有限公司,生产,3118.0
2026,5,江苏林海动力机械集团有限公司,生产,4541.0
2026,5,江苏创新摩托车制造有限公司,生产,2200.0
2026,5,台州市椒江之威摩托车制造有限公司,生产,2265.0
2026,5,宝岛车业集团有限公司,生产,4030.0
2026,5,佛山市佛斯弟摩托车制造有限公司,生产,1795.0
2026,5,重庆新感觉摩托车有限公司,生产,2686.0
2026,5,广州五羊摩托有限公司,生产,3076.0
2026,5,宁波东方凌云车辆制造有限公司,生产,1331.0
2026,5,江门市华龙摩托车有限公司,生产,2840.0
2026,5,江苏林芝山阳集团有限公司,生产,1467.0
2026,5,浙江吉铭实业有限公司,生产,425.0
2026,5,广州番禺豪剑摩托车工业有限公司,生产,804.0
2026,5,慈溪金轮机车制造有限公司,生产,647.0
2026,5,福建省晋江市三力机车有限公司,生产,508.0
2026,5,江苏新陵摩托车制造有限公司,生产,900.0
2026,5,金城集团有限公司,生产,893.0
2026,5,浙江日雅摩托车有限公司,生产,641.0
2026,5,上海本菱摩托车制造有限公司,生产,619.0
2026,5,重庆恒胜集团有限公司,生产,197.0
2026,5,浙江黄岩三叶集团有限公司,生产,180.0
2026,5,洛阳盛江红强摩托车有限公司,生产,119.0
2026,5,山东马拉贝斯车业有限公司,生产,238.0
2026,5,立峰集团有限公司,生产,67.0
2026,5,广东大联统摩托车有限公司,生产,31.0
2026,5,江苏跃进摩托车制造有限责任公司,生产,30.0
2026,5,东莞市台铃车业有限公司,生产,0.0
2026,5,浙江幸福摩托机械有限公司,生产,0.0
2026,5,重庆双庆产业集团有限公司,生产,0.0
2026,5,江门市大长江集团有限公司,销售,246868.0
2026,5,宗申产业集团有限公司,销售,151344.0
2026,5,重庆隆鑫机车有限公司,销售,138167.0
2026,5,广东大冶摩托车技术有限公司,销售,154440.0
2026,5,重庆银翔摩托车集团有限公司,销售,94081.0
2026,5,新大洲本田摩托(苏州)有限公司,销售,95966.0
2026,5,浙江春风动力股份有限公司,销售,116099.0
2026,5,广州豪进摩托车股份有限公司,销售,82228.0
2026,5,浙江绿源电动车有限公司,销售,53653.0
2026,5,洛阳北方企业集团有限公司,销售,63657.0
2026,5,五羊-本田摩托（广州）有限公司,销售,72867.0
2026,5,雅迪科技集团有限公司,销售,46840.0
2026,5,江门市珠峰摩托车有限公司,销售,58650.0
2026,5,重庆千里科技股份有限公司,销售,45145.0
2026,5,广州大运摩托车有限公司,销售,42026.0
2026,5,重庆航天巴山摩托车制造有限公司,销售,42351.0
2026,5,江苏新日电动车股份有限公司,销售,26073.0
2026,5,重庆鑫源摩托车股份有限公司,销售,34512.0
2026,5,广州天马集团天马摩托车有限公司,销售,27288.0
2026,5,厦门厦杏摩托有限公司,销售,27676.0
2026,5,浙江钱江摩托股份有限公司,销售,34635.0
2026,5,江苏淮海新能源车辆有限公司,销售,31167.0
2026,5,济南轻骑铃木摩托车有限公司,销售,23626.0
2026,5,重庆润通智能装备有限公司,销售,28313.0
2026,5,广东星际机车科技有限公司,销售,28746.0
2026,5,广州三雅摩托车有限公司,销售,25619.0
2026,5,珠海珠江车业有限公司,销售,21797.0
2026,5,鹤山国机南联摩托车工业有限公司,销售,17752.0
2026,5,重庆嘉陵工业有限公司,销售,13508.0
2026,5,长铃集团长春摩托车工业有限公司,销售,16711.0
2026,5,江苏众星摩托有限公司,销售,15238.0
2026,5,山东五星车辆股份有限公司,销售,13042.0
2026,5,重庆建设机电有限责任公司,销售,14355.0
2026,5,济南大隆机车工业有限公司,销售,11275.0
2026,5,山东巴士新能源车业有限公司,销售,7396.0
2026,5,常州光阳摩托车有限公司,销售,12291.0
2026,5,重庆安第斯摩托车制造有限公司,销售,16074.0
2026,5,康超集团广州摩托车制造有限公司,销售,9211.0
2026,5,重庆银钢科技(集团)有限公司,销售,14481.0
2026,5,金翌车业有限公司,销售,8824.0
2026,5,宁波市龙嘉动力科技有限公司,销售,8567.0
2026,5,重庆望江摩托车制造有限公司,销售,7908.0
2026,5,台州市王野机车有限责任公司,销售,4729.0
2026,5,浙江嘉爵摩托车制造有限公司,销售,4046.0
2026,5,浙江森铃摩托车有限公司,销售,8771.0
2026,5,宁波市龙嘉摩托车有限公司,销售,7298.0
2026,5,重庆劲扬摩托车工业有限公司,销售,7704.0
2026,5,增城市东阳摩托车实业有限公司,销售,8717.0
2026,5,杭州土星动力科技有限公司,销售,12122.0
2026,5,西藏新珠峰摩托车有限公司,销售,10325.0
2026,5,广州福羊科技有限公司,销售,5677.0
2026,5,浙江华洋赛车股份有限公司,销售,6530.0
2026,5,重庆万虎机电有限责任公司,销售,5733.0
2026,5,江门市长华集团有限公司,销售,7433.0
2026,5,浙江涛涛车业股份有限公司,销售,3883.0
2026,5,江门市迪豪摩托车有限公司,销售,5797.0
2026,5,浙江天本车业有限公司,销售,5910.0
2026,5,济南轻骑摩托车有限公司,销售,4758.0
2026,5,浙江三友车业科技有限公司,销售,4679.0
2026,5,重庆光宇摩托车制造有限公司,销售,3118.0
2026,5,江苏林海动力机械集团有限公司,销售,4677.0
2026,5,重庆新感觉摩托车有限公司,销售,2526.0
2026,5,江苏创新摩托车制造有限公司,销售,3107.0
2026,5,台州市椒江之威摩托车制造有限公司,销售,2272.0
2026,5,宝岛车业集团有限公司,销售,4030.0
2026,5,佛山市佛斯弟摩托车制造有限公司,销售,1975.0
2026,5,广州五羊摩托有限公司,销售,2966.0
2026,5,江门市华龙摩托车有限公司,销售,2508.0
2026,5,宁波东方凌云车辆制造有限公司,销售,1359.0
2026,5,江苏林芝山阳集团有限公司,销售,1467.0
2026,5,浙江吉铭实业有限公司,销售,1417.0
2026,5,广州番禺豪剑摩托车工业有限公司,销售,804.0
2026,5,慈溪金轮机车制造有限公司,销售,652.0
2026,5,福建省晋江市三力机车有限公司,销售,508.0
2026,5,江苏新陵摩托车制造有限公司,销售,900.0
2026,5,金城集团有限公司,销售,821.0
2026,5,浙江日雅摩托车有限公司,销售,507.0
2026,5,上海本菱摩托车制造有限公司,销售,619.0
2026,5,重庆恒胜集团有限公司,销售,197.0
2026,5,浙江黄岩三叶集团有限公司,销售,138.0
2026,5,洛阳盛江红强摩托车有限公司,销售,119.0
2026,5,山东马拉贝斯车业有限公司,销售,238.0
2026,5,立峰集团有限公司,销售,67.0
2026,5,广东大联统摩托车有限公司,销售,31.0
2026,5,江苏跃进摩托车制造有限责任公司,销售,30.0
2026,5,东莞市台铃车业有限公司,销售,0.0
2026,5,浙江幸福摩托机械有限公司,销售,0.0
2026,5,重庆双庆产业集团有限公司,销售,0.0
2026,6,江门市大长江集团有限公司,生产,289965.0
2026,6,宗申产业集团有限公司,生产,161555.0
2026,6,重庆隆鑫机车有限公司,生产,141871.0
2026,6,广东大冶摩托车技术有限公司,生产,127939.0
2026,6,重庆银翔摩托车集团有限公司,生产,71058.0
2026,6,新大洲本田摩托(苏州)有限公司,生产,114551.0
2026,6,浙江春风动力股份有限公司,生产,146123.0
2026,6,广州豪进摩托车股份有限公司,生产,67781.0
2026,6,浙江绿源电动车有限公司,生产,82488.0
2026,6,雅迪科技集团有限公司,生产,81343.0
2026,6,五羊-本田摩托（广州）有限公司,生产,73883.0
2026,6,洛阳北方企业集团有限公司,生产,60401.0
2026,6,江门市珠峰摩托车有限公司,生产,51297.0
2026,6,广州大运摩托车有限公司,生产,42758.0
2026,6,重庆千里科技股份有限公司,生产,39780.0
2026,6,重庆航天巴山摩托车制造有限公司,生产,28736.0
2026,6,江苏新日电动车股份有限公司,生产,36510.0
2026,6,广州天马集团天马摩托车有限公司,生产,33018.0
2026,6,重庆鑫源摩托车股份有限公司,生产,29083.0
2026,6,浙江钱江摩托股份有限公司,生产,38034.0
2026,6,厦门厦杏摩托有限公司,生产,26216.0
2026,6,重庆润通智能装备有限公司,生产,37694.0
2026,6,江苏淮海新能源车辆有限公司,生产,19343.0
2026,6,济南轻骑铃木摩托车有限公司,生产,27654.0
2026,6,广东星际机车科技有限公司,生产,26216.0
2026,6,珠海珠江车业有限公司,生产,22470.0
2026,6,广州三雅摩托车有限公司,生产,25530.0
2026,6,鹤山国机南联摩托车工业有限公司,生产,21860.0
2026,6,长铃集团长春摩托车工业有限公司,生产,18030.0
2026,6,江苏众星摩托有限公司,生产,14540.0
2026,6,重庆建设机电有限责任公司,生产,16774.0
2026,6,山东五星车辆股份有限公司,生产,8759.0
2026,6,重庆安第斯摩托车制造有限公司,生产,18846.0
2026,6,山东巴士新能源车业有限公司,生产,9235.0
2026,6,常州光阳摩托车有限公司,生产,12776.0
2026,6,重庆嘉陵工业有限公司,生产,11543.0
2026,6,济南大隆机车工业有限公司,生产,7234.0
2026,6,康超集团广州摩托车制造有限公司,生产,6108.0
2026,6,重庆银钢科技(集团)有限公司,生产,9394.0
2026,6,宁波市龙嘉动力科技有限公司,生产,9552.0
2026,6,金翌车业有限公司,生产,8840.0
2026,6,台州市王野机车有限责任公司,生产,11935.0
2026,6,重庆望江摩托车制造有限公司,生产,7892.0
2026,6,增城市东阳摩托车实业有限公司,生产,9647.0
2026,6,浙江嘉爵摩托车制造有限公司,生产,9578.0
2026,6,浙江森铃摩托车有限公司,生产,10115.0
2026,6,宁波市龙嘉摩托车有限公司,生产,6594.0
2026,6,重庆劲扬摩托车工业有限公司,生产,7880.0
2026,6,西藏新珠峰摩托车有限公司,生产,9270.0
2026,6,杭州土星动力科技有限公司,生产,10654.0
2026,6,江门市长华集团有限公司,生产,9779.0
2026,6,浙江华洋赛车股份有限公司,生产,5451.0
2026,6,重庆万虎机电有限责任公司,生产,5701.0
2026,6,广州福羊科技有限公司,生产,5391.0
2026,6,浙江涛涛车业股份有限公司,生产,4288.0
2026,6,浙江天本车业有限公司,生产,5798.0
2026,6,济南轻骑摩托车有限公司,生产,5644.0
2026,6,江门市迪豪摩托车有限公司,生产,5660.0
2026,6,浙江三友车业科技有限公司,生产,6704.0
2026,6,江苏创新摩托车制造有限公司,生产,8700.0
2026,6,江苏林海动力机械集团有限公司,生产,5087.0
2026,6,重庆光宇摩托车制造有限公司,生产,3016.0
2026,6,宝岛车业集团有限公司,生产,5991.0
2026,6,佛山市佛斯弟摩托车制造有限公司,生产,4501.0
2026,6,台州市椒江之威摩托车制造有限公司,生产,1697.0
2026,6,重庆新感觉摩托车有限公司,生产,2472.0
2026,6,广州五羊摩托有限公司,生产,2508.0
2026,6,宁波东方凌云车辆制造有限公司,生产,2340.0
2026,6,江苏林芝山阳集团有限公司,生产,2031.0
2026,6,浙江吉铭实业有限公司,生产,2414.0
2026,6,江门市华龙摩托车有限公司,生产,432.0
2026,6,广州番禺豪剑摩托车工业有限公司,生产,1014.0
2026,6,慈溪金轮机车制造有限公司,生产,453.0
2026,6,金城集团有限公司,生产,1357.0
2026,6,福建省晋江市三力机车有限公司,生产,203.0
2026,6,浙江日雅摩托车有限公司,生产,1380.0
2026,6,江苏新陵摩托车制造有限公司,生产,510.0
2026,6,浙江黄岩三叶集团有限公司,生产,1105.0
2026,6,重庆恒胜集团有限公司,生产,704.0
2026,6,上海本菱摩托车制造有限公司,生产,363.0
2026,6,洛阳盛江红强摩托车有限公司,生产,638.0
2026,6,山东马拉贝斯车业有限公司,生产,61.0
2026,6,立峰集团有限公司,生产,48.0
2026,6,广东大联统摩托车有限公司,生产,30.0
2026,6,江苏跃进摩托车制造有限责任公司,生产,10.0
2026,6,东莞市台铃车业有限公司,生产,0.0
2026,6,浙江幸福摩托机械有限公司,生产,0.0
2026,6,重庆双庆产业集团有限公司,生产,0.0
2026,6,江门市大长江集团有限公司,销售,296891.0
2026,6,宗申产业集团有限公司,销售,164021.0
2026,6,重庆隆鑫机车有限公司,销售,140527.0
2026,6,广东大冶摩托车技术有限公司,销售,127960.0
2026,6,重庆银翔摩托车集团有限公司,销售,71058.0
2026,6,新大洲本田摩托(苏州)有限公司,销售,107942.0
2026,6,浙江春风动力股份有限公司,销售,132576.0
2026,6,广州豪进摩托车股份有限公司,销售,89010.0
2026,6,浙江绿源电动车有限公司,销售,82284.0
2026,6,五羊-本田摩托（广州）有限公司,销售,70454.0
2026,6,洛阳北方企业集团有限公司,销售,59299.0
2026,6,雅迪科技集团有限公司,销售,73312.0
2026,6,江门市珠峰摩托车有限公司,销售,46890.0
2026,6,广州大运摩托车有限公司,销售,43020.0
2026,6,重庆千里科技股份有限公司,销售,34724.0
2026,6,江苏新日电动车股份有限公司,销售,38475.0
2026,6,重庆航天巴山摩托车制造有限公司,销售,27102.0
2026,6,重庆鑫源摩托车股份有限公司,销售,24614.0
2026,6,广州天马集团天马摩托车有限公司,销售,36128.0
2026,6,浙江钱江摩托股份有限公司,销售,38182.0
2026,6,厦门厦杏摩托有限公司,销售,28379.0
2026,6,重庆润通智能装备有限公司,销售,38596.0
2026,6,济南轻骑铃木摩托车有限公司,销售,30305.0
2026,6,江苏淮海新能源车辆有限公司,销售,19343.0
2026,6,广东星际机车科技有限公司,销售,26216.0
2026,6,广州三雅摩托车有限公司,销售,25492.0
2026,6,鹤山国机南联摩托车工业有限公司,销售,21851.0
2026,6,珠海珠江车业有限公司,销售,18857.0
2026,6,长铃集团长春摩托车工业有限公司,销售,18030.0
2026,6,江苏众星摩托有限公司,销售,14495.0
2026,6,重庆嘉陵工业有限公司,销售,7076.0
2026,6,山东五星车辆股份有限公司,销售,12780.0
2026,6,重庆建设机电有限责任公司,销售,13757.0
2026,6,重庆安第斯摩托车制造有限公司,销售,24779.0
2026,6,济南大隆机车工业有限公司,销售,7787.0
2026,6,山东巴士新能源车业有限公司,销售,10632.0
2026,6,常州光阳摩托车有限公司,销售,12243.0
2026,6,康超集团广州摩托车制造有限公司,销售,6108.0
2026,6,重庆银钢科技(集团)有限公司,销售,9542.0
2026,6,金翌车业有限公司,销售,8688.0
2026,6,台州市王野机车有限责任公司,销售,11935.0
2026,6,宁波市龙嘉动力科技有限公司,销售,8255.0
2026,6,浙江嘉爵摩托车制造有限公司,销售,9578.0
2026,6,杭州土星动力科技有限公司,销售,12055.0
2026,6,增城市东阳摩托车实业有限公司,销售,9470.0
2026,6,重庆望江摩托车制造有限公司,销售,3775.0
2026,6,重庆劲扬摩托车工业有限公司,销售,7880.0
2026,6,浙江森铃摩托车有限公司,销售,6842.0
2026,6,西藏新珠峰摩托车有限公司,销售,9270.0
2026,6,宁波市龙嘉摩托车有限公司,销售,6738.0
2026,6,江门市长华集团有限公司,销售,9779.0
2026,6,浙江华洋赛车股份有限公司,销售,5866.0
2026,6,浙江涛涛车业股份有限公司,销售,6854.0
2026,6,广州福羊科技有限公司,销售,5391.0
2026,6,重庆万虎机电有限责任公司,销售,4521.0
2026,6,江门市迪豪摩托车有限公司,销售,5793.0
2026,6,浙江天本车业有限公司,销售,5798.0
2026,6,浙江三友车业科技有限公司,销售,6704.0
2026,6,济南轻骑摩托车有限公司,销售,5315.0
2026,6,江苏创新摩托车制造有限公司,销售,7843.0
2026,6,重庆光宇摩托车制造有限公司,销售,3016.0
2026,6,江苏林海动力机械集团有限公司,销售,4772.0
2026,6,宝岛车业集团有限公司,销售,5991.0
2026,6,佛山市佛斯弟摩托车制造有限公司,销售,4321.0
2026,6,重庆新感觉摩托车有限公司,销售,1885.0
2026,6,台州市椒江之威摩托车制造有限公司,销售,1755.0
2026,6,江门市华龙摩托车有限公司,销售,3538.0
2026,6,广州五羊摩托有限公司,销售,1894.0
2026,6,宁波东方凌云车辆制造有限公司,销售,2325.0
2026,6,江苏林芝山阳集团有限公司,销售,2031.0
2026,6,浙江吉铭实业有限公司,销售,2181.0
2026,6,广州番禺豪剑摩托车工业有限公司,销售,1014.0
2026,6,慈溪金轮机车制造有限公司,销售,446.0
2026,6,金城集团有限公司,销售,1344.0
2026,6,福建省晋江市三力机车有限公司,销售,203.0
2026,6,江苏新陵摩托车制造有限公司,销售,510.0
2026,6,浙江日雅摩托车有限公司,销售,1265.0
2026,6,浙江黄岩三叶集团有限公司,销售,1001.0
2026,6,重庆恒胜集团有限公司,销售,704.0
2026,6,上海本菱摩托车制造有限公司,销售,363.0
2026,6,洛阳盛江红强摩托车有限公司,销售,638.0
2026,6,山东马拉贝斯车业有限公司,销售,61.0
2026,6,立峰集团有限公司,销售,48.0
2026,6,广东大联统摩托车有限公司,销售,30.0
2026,6,江苏跃进摩托车制造有限责任公司,销售,10.0
2026,6,东莞市台铃车业有限公司,销售,0.0
2026,6,浙江幸福摩托机械有限公司,销售,0.0
2026,6,重庆双庆产业集团有限公司,销售,0.0
2026,7,江门市大长江集团有限公司,生产,308510.0
2026,7,宗申产业集团有限公司,生产,147244.0
2026,7,重庆隆鑫机车有限公司,生产,154944.0
2026,7,广东大冶摩托车技术有限公司,生产,122808.0
2026,7,重庆银翔摩托车集团有限公司,生产,110576.0
2026,7,新大洲本田摩托(苏州)有限公司,生产,125091.0
2026,7,浙江春风动力股份有限公司,生产,110774.0
2026,7,广州豪进摩托车股份有限公司,生产,99874.0
2026,7,雅迪科技集团有限公司,生产,81212.0
2026,7,五羊-本田摩托（广州）有限公司,生产,80581.0
2026,7,浙江绿源电动车有限公司,生产,28703.0
2026,7,洛阳北方企业集团有限公司,生产,56265.0
2026,7,江门市珠峰摩托车有限公司,生产,45410.0
2026,7,广州大运摩托车有限公司,生产,50759.0
2026,7,重庆千里科技股份有限公司,生产,34573.0
2026,7,重庆航天巴山摩托车制造有限公司,生产,31597.0
2026,7,江苏新日电动车股份有限公司,生产,34219.0
2026,7,广州天马集团天马摩托车有限公司,生产,38008.0
2026,7,重庆鑫源摩托车股份有限公司,生产,32565.0
2026,7,浙江钱江摩托股份有限公司,生产,34090.0
2026,7,重庆润通智能装备有限公司,生产,38293.0
2026,7,厦门厦杏摩托有限公司,生产,27896.0
2026,7,江苏淮海新能源车辆有限公司,生产,29058.0
2026,7,济南轻骑铃木摩托车有限公司,生产,26187.0
2026,7,广东星际机车科技有限公司,生产,27238.0
2026,7,珠海珠江车业有限公司,生产,22233.0
2026,7,广州三雅摩托车有限公司,生产,20959.0
2026,7,鹤山国机南联摩托车工业有限公司,生产,22960.0
2026,7,长铃集团长春摩托车工业有限公司,生产,28742.0
2026,7,江苏众星摩托有限公司,生产,14017.0
2026,7,山东巴士新能源车业有限公司,生产,33130.0
2026,7,重庆建设机电有限责任公司,生产,15264.0
2026,7,山东五星车辆股份有限公司,生产,11910.0
2026,7,重庆安第斯摩托车制造有限公司,生产,17047.0
2026,7,济南大隆机车工业有限公司,生产,17377.0
2026,7,常州光阳摩托车有限公司,生产,10555.0
2026,7,重庆嘉陵工业有限公司,生产,10597.0
2026,7,重庆银钢科技(集团)有限公司,生产,6621.0
2026,7,宁波市龙嘉动力科技有限公司,生产,8162.0
2026,7,康超集团广州摩托车制造有限公司,生产,5600.0
2026,7,金翌车业有限公司,生产,5657.0
2026,7,台州市王野机车有限责任公司,生产,6278.0
2026,7,重庆望江摩托车制造有限公司,生产,6006.0
2026,7,杭州土星动力科技有限公司,生产,13072.0
2026,7,增城市东阳摩托车实业有限公司,生产,7899.0
2026,7,重庆劲扬摩托车工业有限公司,生产,8311.0
2026,7,江门市长华集团有限公司,生产,9812.0
2026,7,西藏新珠峰摩托车有限公司,生产,8790.0
2026,7,浙江嘉爵摩托车制造有限公司,生产,4022.0
2026,7,浙江森铃摩托车有限公司,生产,4483.0
2026,7,宁波市龙嘉摩托车有限公司,生产,4065.0
2026,7,浙江华洋赛车股份有限公司,生产,6925.0
2026,7,重庆万虎机电有限责任公司,生产,6218.0
2026,7,浙江天本车业有限公司,生产,6518.0
2026,7,广州福羊科技有限公司,生产,3274.0
2026,7,江门市迪豪摩托车有限公司,生产,6858.0
2026,7,浙江涛涛车业股份有限公司,生产,3929.0
2026,7,济南轻骑摩托车有限公司,生产,4944.0
2026,7,浙江三友车业科技有限公司,生产,4799.0
2026,7,江苏创新摩托车制造有限公司,生产,2000.0
2026,7,重庆光宇摩托车制造有限公司,生产,3734.0
2026,7,江苏林海动力机械集团有限公司,生产,1946.0
2026,7,佛山市佛斯弟摩托车制造有限公司,生产,3388.0
2026,7,宝岛车业集团有限公司,生产,1098.0
2026,7,重庆新感觉摩托车有限公司,生产,2315.0
2026,7,台州市椒江之威摩托车制造有限公司,生产,649.0
2026,7,广州五羊摩托有限公司,生产,1450.0
2026,7,宁波东方凌云车辆制造有限公司,生产,1111.0
2026,7,江门市华龙摩托车有限公司,生产,1618.0
2026,7,浙江吉铭实业有限公司,生产,799.0
2026,7,江苏林芝山阳集团有限公司,生产,244.0
2026,7,广州番禺豪剑摩托车工业有限公司,生产,1014.0
2026,7,浙江日雅摩托车有限公司,生产,1349.0
2026,7,金城集团有限公司,生产,767.0
2026,7,慈溪金轮机车制造有限公司,生产,242.0
2026,7,福建省晋江市三力机车有限公司,生产,371.0
2026,7,江苏新陵摩托车制造有限公司,生产,737.0
2026,7,重庆恒胜集团有限公司,生产,265.0
2026,7,浙江黄岩三叶集团有限公司,生产,161.0
2026,7,上海本菱摩托车制造有限公司,生产,163.0
2026,7,洛阳盛江红强摩托车有限公司,生产,222.0
2026,7,山东马拉贝斯车业有限公司,生产,283.0
2026,7,立峰集团有限公司,生产,34.0
2026,7,江苏跃进摩托车制造有限责任公司,生产,98.0
2026,7,广东大联统摩托车有限公司,生产,2.0
2026,7,东莞市台铃车业有限公司,生产,0.0
2026,7,浙江幸福摩托机械有限公司,生产,0.0
2026,7,重庆双庆产业集团有限公司,生产,0.0
2026,7,江门市大长江集团有限公司,销售,325918.0
2026,7,宗申产业集团有限公司,销售,143601.0
2026,7,重庆隆鑫机车有限公司,销售,141256.0
2026,7,广东大冶摩托车技术有限公司,销售,122802.0
2026,7,重庆银翔摩托车集团有限公司,销售,110576.0
2026,7,新大洲本田摩托(苏州)有限公司,销售,115148.0
2026,7,浙江春风动力股份有限公司,销售,102991.0
2026,7,广州豪进摩托车股份有限公司,销售,87464.0
2026,7,五羊-本田摩托（广州）有限公司,销售,75786.0
2026,7,浙江绿源电动车有限公司,销售,29576.0
2026,7,雅迪科技集团有限公司,销售,78344.0
2026,7,洛阳北方企业集团有限公司,销售,52706.0
2026,7,江门市珠峰摩托车有限公司,销售,46069.0
2026,7,广州大运摩托车有限公司,销售,50514.0
2026,7,重庆千里科技股份有限公司,销售,37451.0
2026,7,江苏新日电动车股份有限公司,销售,32730.0
2026,7,重庆航天巴山摩托车制造有限公司,销售,32628.0
2026,7,广州天马集团天马摩托车有限公司,销售,38706.0
2026,7,重庆鑫源摩托车股份有限公司,销售,35703.0
2026,7,浙江钱江摩托股份有限公司,销售,30097.0
2026,7,重庆润通智能装备有限公司,销售,35990.0
2026,7,厦门厦杏摩托有限公司,销售,24827.0
2026,7,济南轻骑铃木摩托车有限公司,销售,21332.0
2026,7,江苏淮海新能源车辆有限公司,销售,29058.0
2026,7,广东星际机车科技有限公司,销售,27238.0
2026,7,广州三雅摩托车有限公司,销售,20928.0
2026,7,鹤山国机南联摩托车工业有限公司,销售,22946.0
2026,7,珠海珠江车业有限公司,销售,23466.0
2026,7,长铃集团长春摩托车工业有限公司,销售,28742.0
2026,7,江苏众星摩托有限公司,销售,13973.0
2026,7,重庆嘉陵工业有限公司,销售,11759.0
2026,7,山东巴士新能源车业有限公司,销售,29875.0
2026,7,重庆建设机电有限责任公司,销售,17861.0
2026,7,山东五星车辆股份有限公司,销售,11838.0
2026,7,重庆安第斯摩托车制造有限公司,销售,15705.0
2026,7,济南大隆机车工业有限公司,销售,17837.0
2026,7,常州光阳摩托车有限公司,销售,10096.0
2026,7,重庆银钢科技(集团)有限公司,销售,6775.0
2026,7,康超集团广州摩托车制造有限公司,销售,5600.0
2026,7,金翌车业有限公司,销售,5667.0
2026,7,杭州土星动力科技有限公司,销售,10183.0
2026,7,台州市王野机车有限责任公司,销售,6278.0
2026,7,宁波市龙嘉动力科技有限公司,销售,6092.0
2026,7,重庆劲扬摩托车工业有限公司,销售,8311.0
2026,7,增城市东阳摩托车实业有限公司,销售,6755.0
2026,7,江门市长华集团有限公司,销售,9812.0
2026,7,西藏新珠峰摩托车有限公司,销售,8790.0
2026,7,浙江森铃摩托车有限公司,销售,8023.0
2026,7,浙江嘉爵摩托车制造有限公司,销售,4022.0
2026,7,重庆望江摩托车制造有限公司,销售,5583.0
2026,7,宁波市龙嘉摩托车有限公司,销售,3265.0
2026,7,浙江华洋赛车股份有限公司,销售,6281.0
2026,7,重庆万虎机电有限责任公司,销售,7427.0
2026,7,江门市迪豪摩托车有限公司,销售,6746.0
2026,7,浙江天本车业有限公司,销售,6518.0
2026,7,浙江涛涛车业股份有限公司,销售,3076.0
2026,7,广州福羊科技有限公司,销售,3274.0
2026,7,济南轻骑摩托车有限公司,销售,5508.0
2026,7,浙江三友车业科技有限公司,销售,4799.0
2026,7,江苏创新摩托车制造有限公司,销售,2399.0
2026,7,重庆光宇摩托车制造有限公司,销售,3734.0
2026,7,江苏林海动力机械集团有限公司,销售,3384.0
2026,7,佛山市佛斯弟摩托车制造有限公司,销售,3388.0
2026,7,重庆新感觉摩托车有限公司,销售,3392.0
2026,7,宝岛车业集团有限公司,销售,1098.0
2026,7,台州市椒江之威摩托车制造有限公司,销售,612.0
2026,7,广州五羊摩托有限公司,销售,1415.0
2026,7,江门市华龙摩托车有限公司,销售,546.0
2026,7,宁波东方凌云车辆制造有限公司,销售,1145.0
2026,7,浙江吉铭实业有限公司,销售,963.0
2026,7,江苏林芝山阳集团有限公司,销售,244.0
2026,7,广州番禺豪剑摩托车工业有限公司,销售,1014.0
2026,7,浙江日雅摩托车有限公司,销售,1706.0
2026,7,金城集团有限公司,销售,883.0
2026,7,慈溪金轮机车制造有限公司,销售,244.0
2026,7,福建省晋江市三力机车有限公司,销售,371.0
2026,7,江苏新陵摩托车制造有限公司,销售,731.0
2026,7,浙江黄岩三叶集团有限公司,销售,168.0
2026,7,重庆恒胜集团有限公司,销售,265.0
2026,7,上海本菱摩托车制造有限公司,销售,163.0
2026,7,洛阳盛江红强摩托车有限公司,销售,222.0
2026,7,山东马拉贝斯车业有限公司,销售,283.0
2026,7,立峰集团有限公司,销售,34.0
2026,7,江苏跃进摩托车制造有限责任公司,销售,98.0
2026,7,广东大联统摩托车有限公司,销售,2.0
2026,7,东莞市台铃车业有限公司,销售,0.0
2026,7,浙江幸福摩托机械有限公司,销售,0.0
2026,7,重庆双庆产业集团有限公司,销售,0.0
